model,case,seed,task_id,actual_model,route,prompt_type,confirmed_reject,uncertain_retained,D,I,D_raw,I_raw,D_uncertain_zero,I_uncertain_zero,visual_verdict,visual_reason,frames_reviewed,video
textonly,falling_ball,5318,morpheus_plain_falling_ball_s5318,textonly,original13,plain,False,False,0.982445125085405,0.9135838079718549,0.982445125085405,0.9135838079718549,0.982445125085405,0.9135838079718549,,,,morpheus/videos/video_0000.mp4
textonly,collision_equal,937,morpheus_plain_collision_equal_s937,textonly,original13,plain,True,False,0.0,0.0,0.8699727069396235,0.9388305329127793,0.0,0.0,,,,morpheus/videos/video_0001.mp4
ours,falling_apple,937,morpheus_plain_falling_apple_s937,ours,original13,plain,False,False,0.9872924144752855,0.8413717862359015,0.9872924144752855,0.8413717862359015,0.9872924144752855,0.8413717862359015,,,,morpheus/videos/video_0002.mp4
controlnet,collision_small_hits_big,937,morpheus_plain_collision_small_hits_big_s937,controlnet,original13,plain,True,False,0.0,0.0,0.7593536902539317,0.9987508089402606,0.0,0.0,,,,morpheus/videos/video_0003.mp4
textonly,collision_equal,5318,morpheus_plain_collision_equal_s5318,textonly,original13,plain,False,False,0.8902742887191848,0.9873403793929287,0.8902742887191848,0.9873403793929287,0.8902742887191848,0.9873403793929287,,,,morpheus/videos/video_0004.mp4
controlnet,falling_apple,937,morpheus_plain_falling_apple_s937,controlnet,original13,plain,False,False,0.8841561408974166,0.943467611125072,0.8841561408974166,0.943467611125072,0.8841561408974166,0.943467611125072,,,,morpheus/videos/video_0005.mp4
ours,collision_big_hits_small,1888,morpheus_plain_collision_big_hits_small_s1888,ours,original13,plain,False,False,0.7235484846229485,0.9055735918881269,0.7235484846229485,0.9055735918881269,0.7235484846229485,0.9055735918881269,,,,morpheus/videos/video_0006.mp4
ours,bouncing_ball,1888,morpheus_plain_bouncing_ball_s1888,ours,original13,plain,False,False,0.0,0.6895149134291415,0.0,0.6895149134291415,0.0,0.6895149134291415,,,,morpheus/videos/video_0007.mp4
controlnet,sliding_book,937,morpheus_plain_sliding_book_s937,controlnet,original13,plain,False,False,0.9622788496620891,0.6109382558579775,0.9622788496620891,0.6109382558579775,0.9622788496620891,0.6109382558579775,,,,morpheus/videos/video_0008.mp4
controlnet,falling_tape,937,morpheus_plain_falling_tape_s937,controlnet,original13,plain,False,False,0.9349866992621592,0.8460659599495516,0.9349866992621592,0.8460659599495516,0.9349866992621592,0.8460659599495516,,,,morpheus/videos/video_0009.mp4
textonly,falling_tape,937,morpheus_plain_falling_tape_s937,textonly,original13,plain,True,False,0.0,0.0,0.0,0.9448830105832112,0.0,0.0,,,,morpheus/videos/video_0010.mp4
ours,falling_apple,1888,morpheus_plain_falling_apple_s1888,ours,original13,plain,False,False,0.9991212152263277,0.8556406662266681,0.9991212152263277,0.8556406662266681,0.9991212152263277,0.8556406662266681,,,,morpheus/videos/video_0011.mp4
controlnet,collision_equal,5318,morpheus_plain_collision_equal_s5318,controlnet,original13,plain,False,False,0.4356784794590871,0.9819448234254362,0.4356784794590871,0.9819448234254362,0.4356784794590871,0.9819448234254362,,,,morpheus/videos/video_0012.mp4
textonly,sliding_book,5318,morpheus_plain_sliding_book_s5318,textonly,original13,plain,True,False,0.0,0.0,0.7179119882611693,0.9849794438962168,0.0,0.0,,,,morpheus/videos/video_0013.mp4
controlnet,falling_apple,1888,morpheus_plain_falling_apple_s1888,controlnet,original13,plain,False,False,0.9843212094323066,0.8831676658195929,0.9843212094323066,0.8831676658195929,0.9843212094323066,0.8831676658195929,,,,morpheus/videos/video_0014.mp4
textonly,falling_marker,5318,morpheus_plain_falling_marker_s5318_e4,textonly,original13,plain,True,False,0.0,0.0,0.0,0.8204245369173676,0.0,0.0,,,,morpheus/videos/video_0015.mp4
controlnet,collision_equal,937,morpheus_plain_collision_equal_s937,controlnet,original13,plain,True,False,0.0,0.0,0.6189757530119863,0.9922638322072859,0.0,0.0,,,,morpheus/videos/video_0016.mp4
controlnet,falling_ball,937,morpheus_plain_falling_ball_s937,controlnet,original13,plain,False,False,0.9988699110386975,0.9137170973348908,0.9988699110386975,0.9137170973348908,0.9988699110386975,0.9137170973348908,,,,morpheus/videos/video_0017.mp4
ours,collision_equal,1888,morpheus_plain_collision_equal_s1888,ours,original13,plain,False,True,0.0,0.8598392316710108,0.0,0.8598392316710108,0.0,0.0,,,,morpheus/videos/video_0018.mp4
textonly,falling_apple,5318,morpheus_plain_falling_apple_s5318,textonly,original13,plain,False,False,0.0,0.7579313830627012,0.0,0.7579313830627012,0.0,0.7579313830627012,,,,morpheus/videos/video_0019.mp4
ours,falling_marker,937,morpheus_plain_falling_marker_s937_e4,ours,original13,plain,False,False,0.9956611400204007,0.8135211145111958,0.9956611400204007,0.8135211145111958,0.9956611400204007,0.8135211145111958,,,,morpheus/videos/video_0020.mp4
textonly,collision_big_hits_small,937,morpheus_plain_collision_big_hits_small_s937,textonly,original13,plain,False,True,0.9999387875434013,0.9143923995535939,0.9999387875434013,0.9143923995535939,0.0,0.0,,,,morpheus/videos/video_0021.mp4
controlnet,sliding_book,5318,morpheus_plain_sliding_book_s5318,controlnet,original13,plain,False,False,0.8913381095318708,0.844080909815449,0.8913381095318708,0.844080909815449,0.8913381095318708,0.844080909815449,,,,morpheus/videos/video_0022.mp4
textonly,falling_apple,937,morpheus_plain_falling_apple_s937,textonly,original13,plain,False,False,0.9937873135312842,0.8474206066677317,0.9937873135312842,0.8474206066677317,0.9937873135312842,0.8474206066677317,,,,morpheus/videos/video_0023.mp4
controlnet,sliding_book,1888,morpheus_plain_sliding_book_s1888,controlnet,original13,plain,False,False,0.9890469590663413,0.6419210688127076,0.9890469590663413,0.6419210688127076,0.9890469590663413,0.6419210688127076,,,,morpheus/videos/video_0024.mp4
ours,collision_equal,937,morpheus_plain_collision_equal_s937,ours,original13,plain,False,True,0.9191128798878836,0.8641651639647103,0.9191128798878836,0.8641651639647103,0.0,0.0,,,,morpheus/videos/video_0025.mp4
controlnet,bouncing_ball,5318,morpheus_plain_bouncing_ball_s5318,controlnet,original13,plain,False,False,0.0,0.875347664339384,0.0,0.875347664339384,0.0,0.875347664339384,,,,morpheus/videos/video_0026.mp4
textonly,sliding_book,1888,morpheus_plain_sliding_book_s1888,textonly,original13,plain,True,False,0.0,0.0,0.7725141376947497,0.9800120308708732,0.0,0.0,,,,morpheus/videos/video_0027.mp4
controlnet,falling_ball,5318,morpheus_plain_falling_ball_s5318,controlnet,original13,plain,False,False,0.9941230764691651,0.9121883715977767,0.9941230764691651,0.9121883715977767,0.9941230764691651,0.9121883715977767,,,,morpheus/videos/video_0028.mp4
textonly,falling_apple,1888,morpheus_plain_falling_apple_s1888,textonly,original13,plain,False,False,0.9792375972343318,0.8899212474601256,0.9792375972343318,0.8899212474601256,0.9792375972343318,0.8899212474601256,,,,morpheus/videos/video_0029.mp4
ours,sliding_book,937,morpheus_plain_sliding_book_s937,ours,original13,plain,False,False,0.8683506913632028,0.6559990808873954,0.8683506913632028,0.6559990808873954,0.8683506913632028,0.6559990808873954,,,,morpheus/videos/video_0030.mp4
controlnet,bouncing_ball,937,morpheus_plain_bouncing_ball_s937,controlnet,original13,plain,False,False,0.0,0.723010244483801,0.0,0.723010244483801,0.0,0.723010244483801,,,,morpheus/videos/video_0031.mp4
controlnet,falling_tape,1888,morpheus_plain_falling_tape_s1888,controlnet,original13,plain,False,False,0.9899823071981528,0.8872332865152274,0.9899823071981528,0.8872332865152274,0.9899823071981528,0.8872332865152274,,,,morpheus/videos/video_0032.mp4
ours,falling_tape,1888,morpheus_plain_falling_tape_s1888,ours,original13,plain,False,False,0.9947262275172825,0.8318075831280108,0.9947262275172825,0.8318075831280108,0.9947262275172825,0.8318075831280108,,,,morpheus/videos/video_0033.mp4
ours,falling_ball,5318,morpheus_plain_falling_ball_s5318,ours,original13,plain,False,False,0.9751318853795056,0.8753467679805872,0.9751318853795056,0.8753467679805872,0.9751318853795056,0.8753467679805872,,,,morpheus/videos/video_0034.mp4
textonly,bouncing_ball,937,morpheus_plain_bouncing_ball_s937,textonly,original13,plain,True,False,0.0,0.0,0.0,0.9999999999999044,0.0,0.0,,,,morpheus/videos/video_0035.mp4
textonly,collision_small_hits_big,1888,morpheus_plain_collision_small_hits_big_s1888,textonly,original13,plain,False,False,0.9999152830267083,0.8621864899065121,0.9999152830267083,0.8621864899065121,0.9999152830267083,0.8621864899065121,,,,morpheus/videos/video_0036.mp4
ours,collision_big_hits_small,937,morpheus_plain_collision_big_hits_small_s937,ours,original13,plain,True,False,0.0,0.0,0.7419338747654789,0.9324159961835805,0.0,0.0,,,,morpheus/videos/video_0037.mp4
ours,falling_marker,1888,morpheus_plain_falling_marker_s1888_e4,ours,original13,plain,False,False,0.9380717191832098,0.8240282097153652,0.9380717191832098,0.8240282097153652,0.9380717191832098,0.8240282097153652,,,,morpheus/videos/video_0038.mp4
controlnet,collision_big_hits_small,937,morpheus_plain_collision_big_hits_small_s937,controlnet,original13,plain,False,False,0.9999006615496143,0.9478281779003395,0.9999006615496143,0.9478281779003395,0.9999006615496143,0.9478281779003395,,,,morpheus/videos/video_0039.mp4
ours,collision_small_hits_big,1888,morpheus_plain_collision_small_hits_big_s1888,ours,original13,plain,True,False,0.0,0.0,0.0,0.9383662455942474,0.0,0.0,,,,morpheus/videos/video_0040.mp4
textonly,collision_equal,1888,morpheus_plain_collision_equal_s1888,textonly,original13,plain,False,False,0.9360264586527117,0.9799125256558654,0.9360264586527117,0.9799125256558654,0.9360264586527117,0.9799125256558654,,,,morpheus/videos/video_0041.mp4
ours,sliding_book,1888,morpheus_plain_sliding_book_s1888,ours,original13,plain,True,False,0.0,0.0,0.9798509105072181,0.8468370087033509,0.0,0.0,,,,morpheus/videos/video_0042.mp4
textonly,sliding_book,937,morpheus_plain_sliding_book_s937,textonly,original13,plain,True,False,0.0,0.0,0.09900250382944564,0.9591834301344366,0.0,0.0,,,,morpheus/videos/video_0043.mp4
controlnet,collision_small_hits_big,1888,morpheus_plain_collision_small_hits_big_s1888,controlnet,original13,plain,True,False,0.0,0.0,0.7586938391889496,0.9991590587153656,0.0,0.0,,,,morpheus/videos/video_0044.mp4
textonly,falling_ball,1888,morpheus_plain_falling_ball_s1888,textonly,original13,plain,False,False,0.6740700428841371,0.7711927764947747,0.6740700428841371,0.7711927764947747,0.6740700428841371,0.7711927764947747,,,,morpheus/videos/video_0045.mp4
ours,falling_ball,937,morpheus_plain_falling_ball_s937,ours,original13,plain,False,False,0.9927718001989598,0.9069307948856816,0.9927718001989598,0.9069307948856816,0.9927718001989598,0.9069307948856816,,,,morpheus/videos/video_0046.mp4
controlnet,collision_small_hits_big,5318,morpheus_plain_collision_small_hits_big_s5318,controlnet,original13,plain,True,False,0.0,0.0,0.736948013948806,0.9989805856094142,0.0,0.0,,,,morpheus/videos/video_0047.mp4
textonly,bouncing_ball,5318,morpheus_plain_bouncing_ball_s5318,textonly,original13,plain,True,False,0.0,0.0,0.0,0.9775888554289107,0.0,0.0,,,,morpheus/videos/video_0048.mp4
ours,sliding_book,5318,morpheus_plain_sliding_book_s5318,ours,original13,plain,False,False,0.9063323539906183,0.8175048738289489,0.9063323539906183,0.8175048738289489,0.9063323539906183,0.8175048738289489,,,,morpheus/videos/video_0049.mp4
controlnet,collision_equal,1888,morpheus_plain_collision_equal_s1888,controlnet,original13,plain,False,False,0.9999925847862622,0.9754816853491539,0.9999925847862622,0.9754816853491539,0.9999925847862622,0.9754816853491539,,,,morpheus/videos/video_0050.mp4
textonly,falling_tape,1888,morpheus_plain_falling_tape_s1888,textonly,original13,plain,True,False,0.0,0.0,0.0,0.9346031954144743,0.0,0.0,,,,morpheus/videos/video_0051.mp4
controlnet,collision_big_hits_small,5318,morpheus_plain_collision_big_hits_small_s5318,controlnet,original13,plain,False,False,0.07698707654169112,0.9143529630796049,0.07698707654169112,0.9143529630796049,0.07698707654169112,0.9143529630796049,,,,morpheus/videos/video_0052.mp4
ours,falling_ball,1888,morpheus_plain_falling_ball_s1888,ours,original13,plain,False,False,0.9978794977719085,0.8930310101679724,0.9978794977719085,0.8930310101679724,0.9978794977719085,0.8930310101679724,,,,morpheus/videos/video_0053.mp4
textonly,collision_small_hits_big,937,morpheus_plain_collision_small_hits_big_s937,textonly,original13,plain,True,False,0.0,0.0,0.9981006477433875,0.9145758958911657,0.0,0.0,,,,morpheus/videos/video_0054.mp4
ours,collision_small_hits_big,937,morpheus_plain_collision_small_hits_big_s937,ours,original13,plain,False,True,0.8050894266372647,0.913516561787365,0.8050894266372647,0.913516561787365,0.0,0.0,,,,morpheus/videos/video_0055.mp4
textonly,collision_small_hits_big,5318,morpheus_plain_collision_small_hits_big_s5318,textonly,original13,plain,False,False,0.9999880589912498,0.9191077197390968,0.9999880589912498,0.9191077197390968,0.9999880589912498,0.9191077197390968,,,,morpheus/videos/video_0056.mp4
ours,collision_equal,5318,morpheus_plain_collision_equal_s5318,ours,original13,plain,False,False,0.999925026909511,0.9442328536328821,0.999925026909511,0.9442328536328821,0.999925026909511,0.9442328536328821,,,,morpheus/videos/video_0057.mp4
textonly,collision_big_hits_small,1888,morpheus_plain_collision_big_hits_small_s1888,textonly,original13,plain,False,False,0.999990944047594,0.9916073108836558,0.999990944047594,0.9916073108836558,0.999990944047594,0.9916073108836558,,,,morpheus/videos/video_0058.mp4
textonly,bouncing_ball,1888,morpheus_plain_bouncing_ball_s1888,textonly,original13,plain,True,False,0.0,0.0,0.0,0.9336136158080898,0.0,0.0,,,,morpheus/videos/video_0059.mp4
ours,falling_marker,5318,morpheus_plain_falling_marker_s5318_e4,ours,original13,plain,False,False,0.9026512571860561,0.784246648987958,0.9026512571860561,0.784246648987958,0.9026512571860561,0.784246648987958,,,,morpheus/videos/video_0060.mp4
controlnet,collision_big_hits_small,1888,morpheus_plain_collision_big_hits_small_s1888,controlnet,original13,plain,False,False,0.9999894357380701,0.9790304635842667,0.9999894357380701,0.9790304635842667,0.9999894357380701,0.9790304635842667,,,,morpheus/videos/video_0061.mp4
textonly,collision_big_hits_small,5318,morpheus_plain_collision_big_hits_small_s5318,textonly,original13,plain,False,False,0.5141174986139037,0.9882780307566846,0.5141174986139037,0.9882780307566846,0.5141174986139037,0.9882780307566846,,,,morpheus/videos/video_0062.mp4
controlnet,falling_ball,1888,morpheus_plain_falling_ball_s1888,controlnet,original13,plain,False,False,0.9946623563597071,0.9187249687468868,0.9946623563597071,0.9187249687468868,0.9946623563597071,0.9187249687468868,,,,morpheus/videos/video_0063.mp4
ours,falling_tape,937,morpheus_plain_falling_tape_s937,ours,original13,plain,False,False,0.9711297056630532,0.8813334400890124,0.9711297056630532,0.8813334400890124,0.9711297056630532,0.8813334400890124,,,,morpheus/videos/video_0064.mp4
textonly,falling_marker,937,morpheus_plain_falling_marker_s937_e4,textonly,original13,plain,True,False,0.0,0.0,0.0,0.8398513894257396,0.0,0.0,,,,morpheus/videos/video_0065.mp4
controlnet,bouncing_ball,1888,morpheus_plain_bouncing_ball_s1888,controlnet,original13,plain,True,False,0.0,0.0,0.0,0.7502493171467389,0.0,0.0,,,,morpheus/videos/video_0066.mp4
controlnet,falling_apple,5318,morpheus_plain_falling_apple_s5318,controlnet,original13,plain,False,False,0.9939729854677536,0.9033057094434152,0.9939729854677536,0.9033057094434152,0.9939729854677536,0.9033057094434152,,,,morpheus/videos/video_0067.mp4
controlnet,falling_marker,937,morpheus_plain_falling_marker_s937_e4,controlnet,original13,plain,True,False,0.0,0.0,0.0,0.8517746859103122,0.0,0.0,,,,morpheus/videos/video_0068.mp4
textonly,falling_marker,1888,morpheus_plain_falling_marker_s1888_e4,textonly,original13,plain,True,False,0.0,0.0,0.0,0.8714875835428805,0.0,0.0,,,,morpheus/videos/video_0069.mp4
ours,falling_tape,5318,morpheus_plain_falling_tape_s5318,ours,original13,plain,False,False,0.999267108229103,0.8815335832971337,0.999267108229103,0.8815335832971337,0.999267108229103,0.8815335832971337,,,,morpheus/videos/video_0070.mp4
controlnet,falling_marker,5318,morpheus_plain_falling_marker_s5318_e4,controlnet,original13,plain,True,False,0.0,0.0,0.0,0.875503196184409,0.0,0.0,,,,morpheus/videos/video_0071.mp4
ours,collision_big_hits_small,5318,morpheus_plain_collision_big_hits_small_s5318,ours,original13,plain,False,False,0.9997306941759517,0.8757466254127573,0.9997306941759517,0.8757466254127573,0.9997306941759517,0.8757466254127573,,,,morpheus/videos/video_0072.mp4
ours,bouncing_ball,5318,morpheus_plain_bouncing_ball_s5318,ours,original13,plain,False,False,0.0,0.7374124114250064,0.0,0.7374124114250064,0.0,0.7374124114250064,,,,morpheus/videos/video_0073.mp4
ours,collision_small_hits_big,5318,morpheus_plain_collision_small_hits_big_s5318,ours,original13,plain,False,False,0.22759479013328343,0.9504562485964692,0.22759479013328343,0.9504562485964692,0.22759479013328343,0.9504562485964692,,,,morpheus/videos/video_0074.mp4
textonly,falling_tape,5318,morpheus_plain_falling_tape_s5318,textonly,original13,plain,True,False,0.0,0.0,0.0,0.9337764957743011,0.0,0.0,,,,morpheus/videos/video_0075.mp4
textonly,falling_ball,937,morpheus_plain_falling_ball_s937,textonly,original13,plain,False,False,0.9926782413102109,0.8991568401228368,0.9926782413102109,0.8991568401228368,0.9926782413102109,0.8991568401228368,,,,morpheus/videos/video_0076.mp4
ours,bouncing_ball,937,morpheus_plain_bouncing_ball_s937,ours,original13,plain,False,False,0.0,0.7765518351378101,0.0,0.7765518351378101,0.0,0.7765518351378101,,,,morpheus/videos/video_0077.mp4
ours,falling_apple,5318,morpheus_plain_falling_apple_s5318,ours,original13,plain,False,False,0.2905647443642715,0.9114638140421798,0.2905647443642715,0.9114638140421798,0.2905647443642715,0.9114638140421798,,,,morpheus/videos/video_0078.mp4
controlnet,falling_marker,1888,morpheus_plain_falling_marker_s1888_e4,controlnet,original13,plain,False,False,0.9929644433758125,0.8100596598107167,0.9929644433758125,0.8100596598107167,0.9929644433758125,0.8100596598107167,,,,morpheus/videos/video_0079.mp4
controlnet,falling_tape,5318,morpheus_plain_falling_tape_s5318,controlnet,original13,plain,False,False,0.9848994460548907,0.9098074439551126,0.9848994460548907,0.9098074439551126,0.9848994460548907,0.9098074439551126,,,,morpheus/videos/video_0080.mp4
controlnet,projectile,937,morpheus_plain_projectile_s937,controlnet,original13,plain,True,False,0.0,0.0,0.833428752750534,0.9999999999999235,0.0,0.0,,,,morpheus/videos/video_0081.mp4
official_phyco,projectile,937,morpheus_plain_projectile_s937,official_phyco,original13,plain,False,False,0.2460618795632462,0.8048164172690367,0.2460618795632462,0.8048164172690367,0.2460618795632462,0.8048164172690367,,,,morpheus/videos/video_0082.mp4
textonly,projectile,937,morpheus_plain_projectile_s937,textonly,original13,plain,True,False,0.0,0.0,0.796094752716632,0.9348474746943386,0.0,0.0,,,,morpheus/videos/video_0083.mp4
ours,projectile,5318,morpheus_plain_projectile_s5318,ours,original13,plain,False,False,0.8504521900598008,0.7103480509412403,0.8504521900598008,0.7103480509412403,0.8504521900598008,0.7103480509412403,,,,morpheus/videos/video_0084.mp4
controlnet,projectile,5318,morpheus_plain_projectile_s5318,controlnet,original13,plain,False,True,0.8684956642768633,0.9999999999999659,0.8684956642768633,0.9999999999999659,0.0,0.0,,,,morpheus/videos/video_0085.mp4
ours,projectile,1888,morpheus_plain_projectile_s1888,ours,original13,plain,True,False,0.0,0.0,0.7962705632279603,0.9154514627108937,0.0,0.0,,,,morpheus/videos/video_0086.mp4
controlnet,projectile,1888,morpheus_plain_projectile_s1888,controlnet,original13,plain,True,False,0.0,0.0,0.7940517232959202,0.6856067244518752,0.0,0.0,,,,morpheus/videos/video_0087.mp4
official_phyco,projectile,1888,morpheus_plain_projectile_s1888,official_phyco,original13,plain,False,False,0.0,0.8900066117098868,0.0,0.8900066117098868,0.0,0.8900066117098868,,,,morpheus/videos/video_0088.mp4
textonly,projectile,5318,morpheus_plain_projectile_s5318,textonly,original13,plain,True,False,0.0,0.0,0.7958015032040517,0.9388957024109992,0.0,0.0,,,,morpheus/videos/video_0089.mp4
textonly,projectile,1888,morpheus_plain_projectile_s1888,textonly,original13,plain,True,False,0.0,0.0,0.7962309020294257,0.9483369257341746,0.0,0.0,,,,morpheus/videos/video_0090.mp4
official_phyco,projectile,5318,morpheus_plain_projectile_s5318,official_phyco,original13,plain,True,False,0.0,0.0,0.8936671073561888,0.9999999999999959,0.0,0.0,,,,morpheus/videos/video_0091.mp4
ours,projectile,937,morpheus_plain_projectile_s937,ours,original13,plain,False,True,0.8517692792663064,0.7294045994170135,0.8517692792663064,0.7294045994170135,0.0,0.0,,,,morpheus/videos/video_0092.mp4
official_phyco,rolling_full_can,937,morpheus_plain_rolling_full_can_s937,official_phyco,original13,plain,False,False,0.6945517240625319,0.8930933233186806,0.6945517240625319,0.8930933233186806,0.6945517240625319,0.8930933233186806,,,,morpheus/videos/video_0093.mp4
controlnet,rolling_orange,1888,morpheus_plain_rolling_orange_s1888,controlnet,original13,plain,False,False,0.9189728016499068,0.4874849807720882,0.9189728016499068,0.4874849807720882,0.9189728016499068,0.4874849807720882,,,,morpheus/videos/video_0094.mp4
controlnet,rolling_orange,937,morpheus_plain_rolling_orange_s937,controlnet,original13,plain,False,False,0.9275085477585271,0.7610954571283444,0.9275085477585271,0.7610954571283444,0.9275085477585271,0.7610954571283444,,,,morpheus/videos/video_0095.mp4
official_phyco,rolling_empty_can,1888,morpheus_plain_rolling_empty_can_s1888,official_phyco,original13,plain,False,False,0.5954828804722256,0.8498202975859782,0.5954828804722256,0.8498202975859782,0.5954828804722256,0.8498202975859782,,,,morpheus/videos/video_0096.mp4
official_phyco,rolling_orange,1888,morpheus_plain_rolling_orange_s1888,official_phyco,original13,plain,False,False,0.6661726807928843,0.824899772698307,0.6661726807928843,0.824899772698307,0.6661726807928843,0.824899772698307,,,,morpheus/videos/video_0097.mp4
textonly,rolling_full_can,5318,morpheus_plain_rolling_full_can_s5318,textonly,original13,plain,True,False,0.0,0.0,0.09664561065482646,0.9663194268838945,0.0,0.0,,,,morpheus/videos/video_0098.mp4
controlnet,rolling_full_can,1888,morpheus_plain_rolling_full_can_s1888,controlnet,original13,plain,False,False,0.9107054096594589,0.562511452659426,0.9107054096594589,0.562511452659426,0.9107054096594589,0.562511452659426,,,,morpheus/videos/video_0099.mp4
official_phyco,rolling_empty_can,5318,morpheus_plain_rolling_empty_can_s5318,official_phyco,original13,plain,False,False,0.697988301763076,0.9094384877475059,0.697988301763076,0.9094384877475059,0.697988301763076,0.9094384877475059,,,,morpheus/videos/video_0100.mp4
official_phyco,rolling_full_can,1888,morpheus_plain_rolling_full_can_s1888,official_phyco,original13,plain,False,False,0.5754019374221044,0.9494144115233973,0.5754019374221044,0.9494144115233973,0.5754019374221044,0.9494144115233973,,,,morpheus/videos/video_0101.mp4
ours,rolling_orange,1888,morpheus_plain_rolling_orange_s1888,ours,original13,plain,False,False,0.926866931592418,0.4973188795672852,0.926866931592418,0.4973188795672852,0.926866931592418,0.4973188795672852,,,,morpheus/videos/video_0102.mp4
ours,rolling_empty_can,937,morpheus_plain_rolling_empty_can_s937,ours,original13,plain,False,False,0.9287800046850122,0.7523465020949117,0.9287800046850122,0.7523465020949117,0.9287800046850122,0.7523465020949117,,,,morpheus/videos/video_0103.mp4
official_phyco,rolling_orange,937,morpheus_plain_rolling_orange_s937,official_phyco,original13,plain,False,False,0.5702307034624673,0.8228063494721605,0.5702307034624673,0.8228063494721605,0.5702307034624673,0.8228063494721605,,,,morpheus/videos/video_0104.mp4
textonly,rolling_empty_can,5318,morpheus_plain_rolling_empty_can_s5318,textonly,original13,plain,True,False,0.0,0.0,0.257626883618304,0.9438794405323634,0.0,0.0,,,,morpheus/videos/video_0105.mp4
official_phyco,rolling_full_can,5318,morpheus_plain_rolling_full_can_s5318,official_phyco,original13,plain,False,False,0.6999323781407665,0.8684435171412028,0.6999323781407665,0.8684435171412028,0.6999323781407665,0.8684435171412028,,,,morpheus/videos/video_0106.mp4
ours,rolling_empty_can,5318,morpheus_plain_rolling_empty_can_s5318,ours,original13,plain,False,False,0.9601885273306953,0.5252031390082494,0.9601885273306953,0.5252031390082494,0.9601885273306953,0.5252031390082494,,,,morpheus/videos/video_0107.mp4
textonly,rolling_empty_can,937,morpheus_plain_rolling_empty_can_s937,textonly,original13,plain,True,False,0.0,0.0,0.8126518624558632,0.9416001434098783,0.0,0.0,,,,morpheus/videos/video_0108.mp4
textonly,rolling_full_can,937,morpheus_plain_rolling_full_can_s937,textonly,original13,plain,False,False,0.968625828714712,0.7489503168237183,0.968625828714712,0.7489503168237183,0.968625828714712,0.7489503168237183,,,,morpheus/videos/video_0109.mp4
ours,rolling_full_can,5318,morpheus_plain_rolling_full_can_s5318,ours,original13,plain,False,False,0.936262545504957,0.580227592349957,0.936262545504957,0.580227592349957,0.936262545504957,0.580227592349957,,,,morpheus/videos/video_0110.mp4
textonly,rolling_full_can,1888,morpheus_plain_rolling_full_can_s1888,textonly,original13,plain,False,False,0.9948190063787563,0.6156527661868983,0.9948190063787563,0.6156527661868983,0.9948190063787563,0.6156527661868983,,,,morpheus/videos/video_0111.mp4
ours,rolling_full_can,937,morpheus_plain_rolling_full_can_s937,ours,original13,plain,False,False,0.9301262937157854,0.7281210235326584,0.9301262937157854,0.7281210235326584,0.9301262937157854,0.7281210235326584,,,,morpheus/videos/video_0112.mp4
official_phyco,rolling_orange,5318,morpheus_plain_rolling_orange_s5318,official_phyco,original13,plain,False,False,0.5939827977515291,0.8915944278982211,0.5939827977515291,0.8915944278982211,0.5939827977515291,0.8915944278982211,,,,morpheus/videos/video_0113.mp4
controlnet,rolling_empty_can,5318,morpheus_plain_rolling_empty_can_s5318,controlnet,original13,plain,True,False,0.0,0.0,0.03205055707458759,0.9581234715416757,0.0,0.0,,,,morpheus/videos/video_0114.mp4
ours,rolling_full_can,1888,morpheus_plain_rolling_full_can_s1888,ours,original13,plain,False,False,0.9208428382275657,0.6756853277845951,0.9208428382275657,0.6756853277845951,0.9208428382275657,0.6756853277845951,,,,morpheus/videos/video_0115.mp4
ours,rolling_orange,5318,morpheus_plain_rolling_orange_s5318,ours,original13,plain,False,False,0.9648878250406148,0.514100898728408,0.9648878250406148,0.514100898728408,0.9648878250406148,0.514100898728408,,,,morpheus/videos/video_0116.mp4
textonly,rolling_orange,937,morpheus_plain_rolling_orange_s937,textonly,original13,plain,False,False,0.9916260820866066,0.8137112624741962,0.9916260820866066,0.8137112624741962,0.9916260820866066,0.8137112624741962,,,,morpheus/videos/video_0117.mp4
ours,rolling_empty_can,1888,morpheus_plain_rolling_empty_can_s1888,ours,original13,plain,False,False,0.9483471673370214,0.5864102774028299,0.9483471673370214,0.5864102774028299,0.9483471673370214,0.5864102774028299,,,,morpheus/videos/video_0118.mp4
textonly,rolling_empty_can,1888,morpheus_plain_rolling_empty_can_s1888,textonly,original13,plain,True,False,0.0,0.0,0.6738968156107985,0.9384077177125189,0.0,0.0,,,,morpheus/videos/video_0119.mp4
controlnet,rolling_full_can,937,morpheus_plain_rolling_full_can_s937,controlnet,original13,plain,True,False,0.0,0.0,0.4113220819986162,0.929244117018253,0.0,0.0,,,,morpheus/videos/video_0120.mp4
controlnet,rolling_empty_can,1888,morpheus_plain_rolling_empty_can_s1888,controlnet,original13,plain,False,False,0.9487979295501002,0.5422178150377576,0.9487979295501002,0.5422178150377576,0.9487979295501002,0.5422178150377576,,,,morpheus/videos/video_0121.mp4
controlnet,rolling_orange,5318,morpheus_plain_rolling_orange_s5318,controlnet,original13,plain,False,False,0.8931943517054447,0.9067949717451586,0.8931943517054447,0.9067949717451586,0.8931943517054447,0.9067949717451586,,,,morpheus/videos/video_0122.mp4
official_phyco,rolling_empty_can,937,morpheus_plain_rolling_empty_can_s937,official_phyco,original13,plain,False,False,0.7311705581029871,0.8929033075752053,0.7311705581029871,0.8929033075752053,0.7311705581029871,0.8929033075752053,,,,morpheus/videos/video_0123.mp4
controlnet,rolling_empty_can,937,morpheus_plain_rolling_empty_can_s937,controlnet,original13,plain,True,False,0.0,0.0,0.3744963702508627,0.9183376259873005,0.0,0.0,,,,morpheus/videos/video_0124.mp4
controlnet,rolling_full_can,5318,morpheus_plain_rolling_full_can_s5318,controlnet,original13,plain,True,False,0.0,0.0,0.6173845667738164,0.9586040776284817,0.0,0.0,,,,morpheus/videos/video_0125.mp4
textonly,rolling_orange,5318,morpheus_plain_rolling_orange_s5318,textonly,original13,plain,True,False,0.0,0.0,0.48335892281647097,0.9672035340108895,0.0,0.0,,,,morpheus/videos/video_0126.mp4
textonly,rolling_orange,1888,morpheus_plain_rolling_orange_s1888,textonly,original13,plain,True,False,0.0,0.0,0.2864139545154314,0.9647839927169664,0.0,0.0,,,,morpheus/videos/video_0127.mp4
ours,rolling_orange,937,morpheus_plain_rolling_orange_s937,ours,original13,plain,False,False,0.9581562758564179,0.6416777036900521,0.9581562758564179,0.6416777036900521,0.9581562758564179,0.6416777036900521,,,,morpheus/videos/video_0128.mp4
official_phyco,spring,937,plain_spring_s937_phyco_base,phyco_base,phyco_native_backbone_control_branch_off,plain,False,False,0.0,0.4967560059680226,0.0,0.4967560059680226,0.0,0.4967560059680226,,,,morpheus/videos/video_0129.mp4
official_phyco,holonomic_pendulum,5318,plain_holonomic_pendulum_s5318_phyco_base,phyco_base,phyco_native_backbone_control_branch_off,plain,False,False,0.4508123271069546,0.8391224707894492,0.4508123271069546,0.8391224707894492,0.4508123271069546,0.8391224707894492,,,,morpheus/videos/video_0130.mp4
ours,holonomic_pendulum,5318,plain_holonomic_pendulum_s5318_wan_base,wan_base,shared_wan_base_control_branch_off,plain,False,False,0.7036356823061971,0.9838146531567246,0.7036356823061971,0.9838146531567246,0.7036356823061971,0.9838146531567246,,,,morpheus/videos/video_0131.mp4
controlnet,holonomic_pendulum,5318,plain_holonomic_pendulum_s5318_wan_base,wan_base,shared_wan_base_control_branch_off,plain,False,False,0.7036356823061971,0.9838146531567246,0.7036356823061971,0.9838146531567246,0.7036356823061971,0.9838146531567246,,,,morpheus/videos/video_0131.mp4
textonly,holonomic_pendulum,5318,plain_holonomic_pendulum_s5318_wan_base,wan_base,shared_wan_base_control_branch_off,plain,False,False,0.7036356823061971,0.9838146531567246,0.7036356823061971,0.9838146531567246,0.7036356823061971,0.9838146531567246,,,,morpheus/videos/video_0131.mp4
official_phyco,double_pendulum,1888,plain_double_pendulum_s1888_phyco_base,phyco_base,phyco_native_backbone_control_branch_off,plain,False,True,0.9993693378637545,0.6481252286150443,0.9993693378637545,0.6481252286150443,0.0,0.0,,,,morpheus/videos/video_0132.mp4
official_phyco,spring,5318,plain_spring_s5318_phyco_base,phyco_base,phyco_native_backbone_control_branch_off,plain,False,False,0.0,0.49962462479382097,0.0,0.49962462479382097,0.0,0.49962462479382097,,,,morpheus/videos/video_0133.mp4
ours,double_pendulum,1888,plain_double_pendulum_s1888_wan_base,wan_base,shared_wan_base_control_branch_off,plain,False,True,0.9769876003265381,0.7322405935353704,0.9769876003265381,0.7322405935353704,0.0,0.0,,,,morpheus/videos/video_0134.mp4
controlnet,double_pendulum,1888,plain_double_pendulum_s1888_wan_base,wan_base,shared_wan_base_control_branch_off,plain,False,True,0.9769876003265381,0.7322405935353704,0.9769876003265381,0.7322405935353704,0.0,0.0,,,,morpheus/videos/video_0134.mp4
textonly,double_pendulum,1888,plain_double_pendulum_s1888_wan_base,wan_base,shared_wan_base_control_branch_off,plain,False,True,0.9769876003265381,0.7322405935353704,0.9769876003265381,0.7322405935353704,0.0,0.0,,,,morpheus/videos/video_0134.mp4
official_phyco,holonomic_pendulum,937,plain_holonomic_pendulum_s937_phyco_base,phyco_base,phyco_native_backbone_control_branch_off,plain,False,False,0.8982096626832071,0.7061981002675269,0.8982096626832071,0.7061981002675269,0.8982096626832071,0.7061981002675269,,,,morpheus/videos/video_0135.mp4
ours,spring,937,plain_spring_s937_wan_base,wan_base,shared_wan_base_control_branch_off,plain,False,True,0.0,0.9615384615387568,0.0,0.9615384615387568,0.0,0.0,,,,morpheus/videos/video_0136.mp4
controlnet,spring,937,plain_spring_s937_wan_base,wan_base,shared_wan_base_control_branch_off,plain,False,True,0.0,0.9615384615387568,0.0,0.9615384615387568,0.0,0.0,,,,morpheus/videos/video_0136.mp4
textonly,spring,937,plain_spring_s937_wan_base,wan_base,shared_wan_base_control_branch_off,plain,False,True,0.0,0.9615384615387568,0.0,0.9615384615387568,0.0,0.0,,,,morpheus/videos/video_0136.mp4
ours,holonomic_pendulum,1888,plain_holonomic_pendulum_s1888_wan_base,wan_base,shared_wan_base_control_branch_off,plain,False,False,0.8482515507750265,0.950231560822092,0.8482515507750265,0.950231560822092,0.8482515507750265,0.950231560822092,,,,morpheus/videos/video_0137.mp4
controlnet,holonomic_pendulum,1888,plain_holonomic_pendulum_s1888_wan_base,wan_base,shared_wan_base_control_branch_off,plain,False,False,0.8482515507750265,0.950231560822092,0.8482515507750265,0.950231560822092,0.8482515507750265,0.950231560822092,,,,morpheus/videos/video_0137.mp4
textonly,holonomic_pendulum,1888,plain_holonomic_pendulum_s1888_wan_base,wan_base,shared_wan_base_control_branch_off,plain,False,False,0.8482515507750265,0.950231560822092,0.8482515507750265,0.950231560822092,0.8482515507750265,0.950231560822092,,,,morpheus/videos/video_0137.mp4
official_phyco,double_pendulum,937,plain_double_pendulum_s937_phyco_base,phyco_base,phyco_native_backbone_control_branch_off,plain,False,True,0.9983890533912927,0.6601697689498967,0.9983890533912927,0.6601697689498967,0.0,0.0,,,,morpheus/videos/video_0138.mp4
official_phyco,double_pendulum,5318,plain_double_pendulum_s5318_phyco_base,phyco_base,phyco_native_backbone_control_branch_off,plain,False,False,0.9989973203046247,0.5448415547642477,0.9989973203046247,0.5448415547642477,0.9989973203046247,0.5448415547642477,,,,morpheus/videos/video_0139.mp4
official_phyco,spring,1888,plain_spring_s1888_phyco_base,phyco_base,phyco_native_backbone_control_branch_off,plain,False,False,0.0,0.9511874326620942,0.0,0.9511874326620942,0.0,0.9511874326620942,,,,morpheus/videos/video_0140.mp4
ours,double_pendulum,937,plain_double_pendulum_s937_wan_base,wan_base,shared_wan_base_control_branch_off,plain,False,True,0.7680079489946365,0.5997653860777898,0.7680079489946365,0.5997653860777898,0.0,0.0,,,,morpheus/videos/video_0141.mp4
controlnet,double_pendulum,937,plain_double_pendulum_s937_wan_base,wan_base,shared_wan_base_control_branch_off,plain,False,True,0.7680079489946365,0.5997653860777898,0.7680079489946365,0.5997653860777898,0.0,0.0,,,,morpheus/videos/video_0141.mp4
textonly,double_pendulum,937,plain_double_pendulum_s937_wan_base,wan_base,shared_wan_base_control_branch_off,plain,False,True,0.7680079489946365,0.5997653860777898,0.7680079489946365,0.5997653860777898,0.0,0.0,,,,morpheus/videos/video_0141.mp4
ours,spring,1888,plain_spring_s1888_wan_base,wan_base,shared_wan_base_control_branch_off,plain,False,False,0.0,0.9341461577988526,0.0,0.9341461577988526,0.0,0.9341461577988526,,,,morpheus/videos/video_0142.mp4
controlnet,spring,1888,plain_spring_s1888_wan_base,wan_base,shared_wan_base_control_branch_off,plain,False,False,0.0,0.9341461577988526,0.0,0.9341461577988526,0.0,0.9341461577988526,,,,morpheus/videos/video_0142.mp4
textonly,spring,1888,plain_spring_s1888_wan_base,wan_base,shared_wan_base_control_branch_off,plain,False,False,0.0,0.9341461577988526,0.0,0.9341461577988526,0.0,0.9341461577988526,,,,morpheus/videos/video_0142.mp4
ours,double_pendulum,5318,plain_double_pendulum_s5318_wan_base,wan_base,shared_wan_base_control_branch_off,plain,False,True,0.9806632995605469,0.7644712513193762,0.9806632995605469,0.7644712513193762,0.0,0.0,,,,morpheus/videos/video_0143.mp4
controlnet,double_pendulum,5318,plain_double_pendulum_s5318_wan_base,wan_base,shared_wan_base_control_branch_off,plain,False,True,0.9806632995605469,0.7644712513193762,0.9806632995605469,0.7644712513193762,0.0,0.0,,,,morpheus/videos/video_0143.mp4
textonly,double_pendulum,5318,plain_double_pendulum_s5318_wan_base,wan_base,shared_wan_base_control_branch_off,plain,False,True,0.9806632995605469,0.7644712513193762,0.9806632995605469,0.7644712513193762,0.0,0.0,,,,morpheus/videos/video_0143.mp4
ours,holonomic_pendulum,937,plain_holonomic_pendulum_s937_wan_base,wan_base,shared_wan_base_control_branch_off,plain,False,False,0.5989860793506504,0.975867091938568,0.5989860793506504,0.975867091938568,0.5989860793506504,0.975867091938568,,,,morpheus/videos/video_0144.mp4
controlnet,holonomic_pendulum,937,plain_holonomic_pendulum_s937_wan_base,wan_base,shared_wan_base_control_branch_off,plain,False,False,0.5989860793506504,0.975867091938568,0.5989860793506504,0.975867091938568,0.5989860793506504,0.975867091938568,,,,morpheus/videos/video_0144.mp4
textonly,holonomic_pendulum,937,plain_holonomic_pendulum_s937_wan_base,wan_base,shared_wan_base_control_branch_off,plain,False,False,0.5989860793506504,0.975867091938568,0.5989860793506504,0.975867091938568,0.5989860793506504,0.975867091938568,,,,morpheus/videos/video_0144.mp4
ours,spring,5318,plain_spring_s5318_wan_base,wan_base,shared_wan_base_control_branch_off,plain,True,False,0.0,0.0,0.0,0.49577307053171105,0.0,0.0,,,,morpheus/videos/video_0145.mp4
controlnet,spring,5318,plain_spring_s5318_wan_base,wan_base,shared_wan_base_control_branch_off,plain,True,False,0.0,0.0,0.0,0.49577307053171105,0.0,0.0,,,,morpheus/videos/video_0145.mp4
textonly,spring,5318,plain_spring_s5318_wan_base,wan_base,shared_wan_base_control_branch_off,plain,True,False,0.0,0.0,0.0,0.49577307053171105,0.0,0.0,,,,morpheus/videos/video_0145.mp4
official_phyco,holonomic_pendulum,1888,plain_holonomic_pendulum_s1888_phyco_base,phyco_base,phyco_native_backbone_control_branch_off,plain,False,False,0.03850827063853124,0.7978063827101277,0.03850827063853124,0.7978063827101277,0.03850827063853124,0.7978063827101277,,,,morpheus/videos/video_0146.mp4
cog,projectile,5318,plain_projectile_s5318,cog,cog_base_text_8fps_to24fps,plain,False,False,0.844034604548452,0.9999999999999011,0.844034604548452,0.9999999999999011,0.844034604548452,0.9999999999999011,pass,"The small projectile shifts leftward during the opening frames and leaves at the left image boundary around frame 18. Later absence follows that exit; the anonymous valid trajectory span is 0.044041, above the static threshold.",0-48,morpheus/videos/video_0147.mp4
phantom,collision_small_hits_big,937,plain_collision_small_hits_big_s937,phantom,native_interface_adapted,plain,False,False,0.7538313145130915,0.8159048218168901,0.7538313145130915,0.8159048218168901,0.7538313145130915,0.8159048218168901,pass,Target motion visible; no clear persistent extra target in sampled frames,"0,8,16,24,32,40,48",morpheus/videos/video_0148.mp4
h3,falling_apple,1888,plain_falling_apple_s1888,h3,native_interface_adapted,plain,False,False,0.9801834496007151,0.7327183949135133,0.9801834496007151,0.7327183949135133,0.9801834496007151,0.7327183949135133,pass,Target motion visible; no clear persistent extra target in sampled frames,"0,8,16,24,32,40,48",morpheus/videos/video_0149.mp4
wan,collision_small_hits_big,937,plain_collision_small_hits_big_s937,wan,wan_base_numeric_text,plain,True,False,0.0,0.0,0.8020908159312096,0.9729879848437892,0.0,0.0,reject,"All original targets are visually stationary across frames 0-48; anonymous trajectory spans 0.00797099, 0.0075778 of the image diagonal are all <= 0.01. Background changes or unrelated moving objects do not constitute target motion.",0-48,morpheus/videos/video_0150.mp4
phantom,rolling_orange,5318,plain_rolling_orange_s5318,phantom,native_interface_adapted,plain,False,False,0.9670426760668535,0.6950174839143447,0.9670426760668535,0.6950174839143447,0.9670426760668535,0.6950174839143447,pass,Target motion visible; no clear persistent extra target in sampled frames,"0,8,16,24,32,40,48",morpheus/videos/video_0151.mp4
h3,collision_equal,5318,plain_collision_equal_s5318,h3,native_interface_adapted,plain,False,False,0.9999736988642651,0.9885500358109269,0.9999736988642651,0.9885500358109269,0.9999736988642651,0.9885500358109269,pass,Target motion visible; no clear persistent extra target in sampled frames,"0,8,16,24,32,40,48",morpheus/videos/video_0152.mp4
wan,rolling_orange,5318,plain_rolling_orange_s5318,wan,wan_base_numeric_text,plain,False,True,0.5039823421185948,0.4920906454962333,0.5039823421185948,0.4920906454962333,0.0,0.0,uncertain,Orange exits then another traversal occurs; brief second appearance and doubled outline are ambiguous between duplication and deformation,0-48,morpheus/videos/video_0153.mp4
cog,falling_apple,937,plain_falling_apple_s937,cog,cog_base_text_8fps_to24fps,plain,False,True,0.979903283315489,0.7593386010321606,0.979903283315489,0.7593386010321606,0.0,0.0,uncertain,"The apple descends visibly, becomes indistinguishable in frames 27-32, reappears in frames 33-38, then disappears within the scene. Continuity versus temporary occlusion or deformation is unresolved; a persistent additional apple is not confirmed.",0-48,morpheus/videos/video_0154.mp4
wan,falling_tape,1888,plain_falling_tape_s1888,wan,wan_base_numeric_text,plain,True,False,0.0,0.0,0.0,0.5658623100338079,0.0,0.0,reject,One initial tape roll becomes two spatially separated tape-like targets that remain simultaneously visible in frames 26-48.,0-48,morpheus/videos/video_0155.mp4
cog,collision_small_hits_big,1888,plain_collision_small_hits_big_s1888,cog,cog_base_text_8fps_to24fps,plain,False,True,0.5534087434942194,0.7023926514328416,0.5534087434942194,0.7023926514328416,0.0,0.0,uncertain,Initial targets move or become hard to identify before later enlarged spheres; cannot establish persistent additional independent targets rather than enlargement.,0-48,morpheus/videos/video_0156.mp4
cog,holonomic_pendulum,5318,plain_holonomic_pendulum_s5318,cog,cog_base_text_8fps_to24fps,plain,False,False,0.9388005932693567,0.9042373366926314,0.9388005932693567,0.9042373366926314,0.9388005932693567,0.9042373366926314,pass,Target motion visible; no clear persistent extra target in sampled frames,"0,8,16,24,32,40,48",morpheus/videos/video_0157.mp4
phantom,collision_big_hits_small,5318,plain_collision_big_hits_small_s5318,phantom,native_interface_adapted,plain,True,False,0.0,0.0,0.4338264887377805,0.7873387184490416,0.0,0.0,pass,Target motion visible; no clear persistent extra target in sampled frames,"0,8,16,24,32,40,48",morpheus/videos/video_0158.mp4
h3,projectile,5318,plain_projectile_s5318,h3,native_interface_adapted,plain,False,False,0.5814156738431849,0.7912957542437921,0.5814156738431849,0.7912957542437921,0.5814156738431849,0.7912957542437921,pass,Target motion visible; no clear persistent extra target in sampled frames,"0,8,16,24,32,40,48",morpheus/videos/video_0159.mp4
force,projectile,5318,plain_projectile_s5318,force,native_point_force,plain,False,False,0.7811316765748946,0.8133715727278683,0.7811316765748946,0.8133715727278683,0.7811316765748946,0.8133715727278683,pass,The small projectile shifts slightly rightward and upward while remaining identifiable above the launcher. Anonymous trajectory span 0.018062 exceeds 0.01; no persistent extra target is confirmed.,0-48,morpheus/videos/video_0160.mp4
phantom,collision_equal,5318,plain_collision_equal_s5318,phantom,native_interface_adapted,plain,False,False,0.9994694060707715,0.9423144892218631,0.9994694060707715,0.9423144892218631,0.9994694060707715,0.9423144892218631,pass,Target motion visible; no clear persistent extra target in sampled frames,"0,8,16,24,32,40,48",morpheus/videos/video_0161.mp4
wan,rolling_full_can,937,plain_rolling_full_can_s937,wan,wan_base_numeric_text,plain,False,True,0.9528561438811552,0.14790075378867895,0.9528561438811552,0.14790075378867895,0.0,0.0,uncertain,"Target remains near board upper end while camera pans, leaves image and reappears; world-relative motion is ambiguous",0-48,morpheus/videos/video_0162.mp4
h3,rolling_full_can,1888,plain_rolling_full_can_s1888,h3,native_interface_adapted,plain,False,False,0.9929411682609233,0.3672750613803504,0.9929411682609233,0.3672750613803504,0.9929411682609233,0.3672750613803504,pass,Target motion visible; no clear persistent extra target in sampled frames,"0,8,16,24,32,40,48",morpheus/videos/video_0163.mp4
cog,spring,1888,plain_spring_s1888,cog,cog_base_text_8fps_to24fps,plain,False,False,0.0,0.9524831572316457,0.0,0.9524831572316457,0.0,0.9524831572316457,pass,Single spring mass visibly moves; no clear persistent extra target in sampled frames,"0,8,16,24,32,40,48",morpheus/videos/video_0164.mp4
force,collision_big_hits_small,1888,plain_collision_big_hits_small_s1888,force,native_point_force,plain,False,False,0.9615923945020314,0.9445340666740349,0.9615923945020314,0.9445340666740349,0.9615923945020314,0.9445340666740349,pass,Target motion visible; no clear persistent extra target in sampled frames,"0,8,16,24,32,40,48",morpheus/videos/video_0165.mp4
wan,falling_ball,937,plain_falling_ball_s937,wan,wan_base_numeric_text,plain,True,False,0.0,0.0,0.6678216783701876,0.7955055317414171,0.0,0.0,reject,Original small ball remains above newly generated large foreground ball over frames18-48,0-48,morpheus/videos/video_0166.mp4
cog,collision_big_hits_small,5318,plain_collision_big_hits_small_s5318,cog,cog_base_text_8fps_to24fps,plain,True,False,0.0,0.0,0.5883420261068468,0.9978345963537164,0.0,0.0,uncertain,Initial large target exits left before enlarged sphere enters; enlargement versus duplicate is unresolved,0-48,morpheus/videos/video_0167.mp4
h3,sliding_book,1888,plain_sliding_book_s1888,h3,native_interface_adapted,plain,False,False,0.9814481676301618,0.4177089196161331,0.9814481676301618,0.4177089196161331,0.9814481676301618,0.4177089196161331,pass,Target motion visible; no clear persistent extra target in sampled frames,"0,8,16,24,32,40,48",morpheus/videos/video_0168.mp4
wan,sliding_book,937,plain_sliding_book_s937,wan,wan_base_numeric_text,plain,False,False,0.8284810867600292,0.08642497330405431,0.8284810867600292,0.08642497330405431,0.8284810867600292,0.08642497330405431,pass,"Full-frame visual review confirms one identifiable original target without a persistent additional copy. Anonymous trajectory span 0.05888457 of the image diagonal exceeds the 0.01 static threshold; limited scene-relative motion, deformation, or camera movement alone is not a rejection condition.",0-48,morpheus/videos/video_0169.mp4
cog,collision_small_hits_big,5318,plain_collision_small_hits_big_s5318,cog,cog_base_text_8fps_to24fps,plain,False,True,0.36092160511276417,0.9530533741352721,0.36092160511276417,0.9530533741352721,0.0,0.0,uncertain,"Initial right target becomes indistinct early and a larger sphere emerges at frames 36-48; continuity versus replacement is unresolved, without clear simultaneous extra target.",0-48,morpheus/videos/video_0170.mp4
phantom,falling_ball,5318,plain_falling_ball_s5318,phantom,native_interface_adapted,plain,True,False,0.0,0.0,0.9962090173525036,0.9293045293160906,0.0,0.0,reject,Single initial ball splits into two distinct balls over frames5-25,0-48,morpheus/videos/video_0171.mp4
h3,double_pendulum,937,plain_double_pendulum_s937,h3,native_interface_adapted,plain,False,False,0.9999926726550257,0.8883603613958486,0.9999926726550257,0.8883603613958486,0.9999926726550257,0.8883603613958486,pass,Target motion visible; no clear persistent extra target in sampled frames,"0,8,16,24,32,40,48",morpheus/videos/video_0172.mp4
h3,spring,5318,plain_spring_s5318,h3,native_interface_adapted,plain,False,False,0.0,0.9055835168353479,0.0,0.9055835168353479,0.0,0.9055835168353479,pass,Single spring mass visibly moves; no clear persistent extra target in sampled frames,"0,8,16,24,32,40,48",morpheus/videos/video_0173.mp4
cog,falling_apple,5318,plain_falling_apple_s5318,cog,cog_base_text_8fps_to24fps,plain,False,False,0.0,0.8358878220206823,0.0,0.8358878220206823,0.0,0.8358878220206823,pass,Target motion visible; no clear persistent extra target in sampled frames,"0,8,16,24,32,40,48",morpheus/videos/video_0174.mp4
wan,sliding_book,5318,plain_sliding_book_s5318,wan,wan_base_numeric_text,plain,False,False,0.9240529378716661,0.48072977141178735,0.9240529378716661,0.48072977141178735,0.9240529378716661,0.48072977141178735,pass,"Full-frame visual review confirms one identifiable original target without a persistent additional copy. Anonymous trajectory span 0.05596020 of the image diagonal exceeds the 0.01 static threshold; limited scene-relative motion, deformation, or camera movement alone is not a rejection condition.",0-48,morpheus/videos/video_0175.mp4
official_phyco,falling_apple,5318,plain_falling_apple_s5318,phyco_corrected,native_phyco_corrected_matched_inputs,plain,False,False,0.21786744840663153,0.8474671198254272,0.21786744840663153,0.8474671198254272,0.21786744840663153,0.8474671198254272,pass,Target motion visible; no clear persistent extra target in sampled frames,"0,8,16,24,32,40,48",morpheus/videos/video_0176.mp4
official_phyco,falling_apple,1888,plain_falling_apple_s1888,phyco_corrected,native_phyco_corrected_matched_inputs,plain,False,False,0.9287830727628514,0.8136480522830927,0.9287830727628514,0.8136480522830927,0.9287830727628514,0.8136480522830927,pass,Target motion visible; no clear persistent extra target in sampled frames,"0,8,16,24,32,40,48",morpheus/videos/video_0177.mp4
official_phyco,collision_equal,1888,plain_collision_equal_s1888,phyco_corrected,native_phyco_corrected_matched_inputs,plain,False,False,0.1391666953465306,0.9915207722434666,0.1391666953465306,0.9915207722434666,0.1391666953465306,0.9915207722434666,pass,Target motion visible; no clear persistent extra target in sampled frames,"0,8,16,24,32,40,48",morpheus/videos/video_0178.mp4
cog,double_pendulum,5318,plain_double_pendulum_s5318,cog,cog_base_text_8fps_to24fps,plain,True,False,0.0,0.0,0.9929937184788287,0.5386896920553,0.0,0.0,uncertain,A large deforming colored structure covers original pendulum rods from frame 3; enlargement and occlusion prevent reliable target-count determination.,0-48,morpheus/videos/video_0179.mp4
official_phyco,collision_small_hits_big,5318,plain_collision_small_hits_big_s5318,phyco_corrected,native_phyco_corrected_matched_inputs,plain,True,False,0.0,0.0,0.6980774250756527,0.9510311553549979,0.0,0.0,uncertain,Large sphere appears at left edge and immediately overlaps the original small target; cannot distinguish enlargement or occlusion from an additional copy.,0-48,morpheus/videos/video_0180.mp4
wan,falling_apple,5318,plain_falling_apple_s5318,wan,wan_base_numeric_text,plain,False,True,0.0,0.9999999999999939,0.0,0.9999999999999939,0.0,0.0,uncertain,"The apple rapidly deforms into several small orange patches in frames 6-8 before moving beyond the left boundary. The brief patches cannot be confidently distinguished from deformation or motion trails, so persistent independent copies are not established.",0-48,morpheus/videos/video_0181.mp4
official_phyco,falling_ball,1888,plain_falling_ball_s1888,phyco_corrected,native_phyco_corrected_matched_inputs,plain,False,True,0.5344462412092281,0.8108353703243294,0.5344462412092281,0.8108353703243294,0.0,0.0,uncertain,Dark patch approaches and stays attached to orange target; shadow versus additional body unresolved,0-48,morpheus/videos/video_0182.mp4
force,collision_small_hits_big,1888,plain_collision_small_hits_big_s1888,force,native_point_force,plain,True,False,0.0,0.0,0.5318601340393895,0.9777724471797119,0.0,0.0,reject,Additional large sphere enters from left while both original small targets remain separately visible on ruler through frames 18-32.,0-48,morpheus/videos/video_0183.mp4
h3,spring,937,plain_spring_s937,h3,native_interface_adapted,plain,False,False,0.0,0.9684836210599268,0.0,0.9684836210599268,0.0,0.9684836210599268,pass,Single spring mass visibly moves; no clear persistent extra target in sampled frames,"0,8,16,24,32,40,48",morpheus/videos/video_0184.mp4
phantom,rolling_orange,937,plain_rolling_orange_s937,phantom,native_interface_adapted,plain,False,False,0.9596705834169441,0.6302572922000446,0.9596705834169441,0.6302572922000446,0.9596705834169441,0.6302572922000446,pass,Target motion visible; no clear persistent extra target in sampled frames,"0,8,16,24,32,40,48",morpheus/videos/video_0185.mp4
phantom,rolling_full_can,1888,plain_rolling_full_can_s1888,phantom,native_interface_adapted,plain,False,False,0.9767177725417698,0.5655362205513987,0.9767177725417698,0.5655362205513987,0.9767177725417698,0.5655362205513987,pass,Target motion visible; no clear persistent extra target in sampled frames,"0,8,16,24,32,40,48",morpheus/videos/video_0186.mp4
cog,rolling_orange,5318,plain_rolling_orange_s5318,cog,cog_base_text_8fps_to24fps,plain,False,False,0.9898138905380167,0.30120218599482357,0.9898138905380167,0.30120218599482357,0.9898138905380167,0.30120218599482357,pass,Target motion visible; no clear persistent extra target in sampled frames,"0,8,16,24,32,40,48",morpheus/videos/video_0187.mp4
wan,rolling_full_can,5318,plain_rolling_full_can_s5318,wan,wan_base_numeric_text,plain,False,True,0.9621824184054967,0.33979722828427006,0.9621824184054967,0.33979722828427006,0.0,0.0,uncertain,Late can develops adjacent end-like circles; two bodies versus a deformed single can cannot be distinguished,0-48,morpheus/videos/video_0188.mp4
wan,rolling_full_can,1888,plain_rolling_full_can_s1888,wan,wan_base_numeric_text,plain,False,False,0.8990543164767433,0.14325456499659894,0.8990543164767433,0.14325456499659894,0.8990543164767433,0.14325456499659894,pass,Target motion visible; no clear persistent extra target in sampled frames,"0,8,16,24,32,40,48",morpheus/videos/video_0189.mp4
h3,collision_equal,937,plain_collision_equal_s937,h3,native_interface_adapted,plain,False,False,0.9999695571087858,0.9850972465868745,0.9999695571087858,0.9850972465868745,0.9999695571087858,0.9850972465868745,pass,Target motion visible; no clear persistent extra target in sampled frames,"0,8,16,24,32,40,48",morpheus/videos/video_0190.mp4
phantom,bouncing_ball,937,plain_bouncing_ball_s937,phantom,native_interface_adapted,plain,False,False,0.0,0.7078213140135988,0.0,0.7078213140135988,0.0,0.7078213140135988,pass,Target motion visible; no clear persistent extra target in sampled frames,"0,8,16,24,32,40,48",morpheus/videos/video_0191.mp4
wan,rolling_empty_can,5318,plain_rolling_empty_can_s5318,wan,wan_base_numeric_text,plain,False,False,0.880767391304958,0.1836771622845594,0.880767391304958,0.1836771622845594,0.880767391304958,0.1836771622845594,pass,"Full-frame visual review confirms one identifiable original target without a persistent additional copy. Anonymous trajectory span 0.02960060 of the image diagonal exceeds the 0.01 static threshold; limited scene-relative motion, deformation, or camera movement alone is not a rejection condition.",0-48,morpheus/videos/video_0192.mp4
cog,falling_ball,1888,plain_falling_ball_s1888,cog,cog_base_text_8fps_to24fps,plain,True,False,0.0,0.0,0.9725146948548956,0.6331083405743367,0.0,0.0,reject,Large new ball rises from lower edge while original small falling ball stays visible over frames12-39,0-48,morpheus/videos/video_0193.mp4
wan,collision_equal,937,plain_collision_equal_s937,wan,wan_base_numeric_text,plain,False,True,0.7703684511200604,0.8214938884127508,0.7703684511200604,0.8214938884127508,0.0,0.0,uncertain,"Original spheres appear near the ruler while foreground patches and camera changes obscure them. Anonymous spans 0.098649 and 0.055919 exceed the static threshold, but only 21 and 25 frames remain valid; identity and continuity are unresolved, so retain rather than reject.",0-48,morpheus/videos/video_0194.mp4
cog,collision_big_hits_small,937,plain_collision_big_hits_small_s937,cog,cog_base_text_8fps_to24fps,plain,True,False,0.0,0.0,0.36174997017988697,0.911735018977392,0.0,0.0,reject,Original two small spheres coexist with additional large foreground sphere at frames 3-12; multiple large spheres persist later,0-48,morpheus/videos/video_0195.mp4
cog,holonomic_pendulum,937,plain_holonomic_pendulum_s937,cog,cog_base_text_8fps_to24fps,plain,True,False,0.0,0.0,0.8955644636171862,0.4492422588962927,0.0,0.0,reject,"An additional blue sphere coexists with the original orange pendulum target repeatedly, including clearly separated targets in frames 24-29 and 33-38, rather than a single target merely changing size.",0-48,morpheus/videos/video_0196.mp4
h3,spring,1888,plain_spring_s1888,h3,native_interface_adapted,plain,False,False,0.0,0.9791749065939009,0.0,0.9791749065939009,0.0,0.9791749065939009,pass,Single spring mass visibly moves; no clear persistent extra target in sampled frames,"0,8,16,24,32,40,48",morpheus/videos/video_0197.mp4
phantom,falling_ball,937,plain_falling_ball_s937,phantom,native_interface_adapted,plain,False,False,0.9501516655563579,0.8957764277472537,0.9501516655563579,0.8957764277472537,0.9501516655563579,0.8957764277472537,pass,Target motion visible; no clear persistent extra target in sampled frames,"0,8,16,24,32,40,48",morpheus/videos/video_0198.mp4
phantom,bouncing_ball,1888,plain_bouncing_ball_s1888,phantom,native_interface_adapted,plain,True,False,0.0,0.0,0.0,0.8484115887424032,0.0,0.0,reject,Target visually stationary across all 49 frames; anonymous all-target span 0.001626 < 0.01 confirms fixed low-motion rule,0-48,morpheus/videos/video_0199.mp4
force,collision_equal,1888,plain_collision_equal_s1888,force,native_point_force,plain,False,False,0.9251735870601817,0.9624381412607103,0.9251735870601817,0.9624381412607103,0.9251735870601817,0.9624381412607103,pass,Target motion visible; no clear persistent extra target in sampled frames,"0,8,16,24,32,40,48",morpheus/videos/video_0200.mp4
wan,collision_big_hits_small,937,plain_collision_big_hits_small_s937,wan,wan_base_numeric_text,plain,False,True,0.6400420553378217,0.8656922140194755,0.6400420553378217,0.8656922140194755,0.0,0.0,uncertain,Large deforming reflective foreground object overlaps original target locations; target identity and simultaneous count cannot be established reliably.,0-48,morpheus/videos/video_0201.mp4
h3,holonomic_pendulum,5318,plain_holonomic_pendulum_s5318,h3,native_interface_adapted,plain,False,False,0.7896709468730463,0.5384020663797691,0.7896709468730463,0.5384020663797691,0.7896709468730463,0.5384020663797691,pass,Target motion visible; no clear persistent extra target in sampled frames,"0,8,16,24,32,40,48",morpheus/videos/video_0202.mp4
wan,projectile,1888,plain_projectile_s1888,wan,wan_base_numeric_text,plain,True,False,0.0,0.0,0.7935705195598409,0.7638820186580412,0.0,0.0,reject,"The original small projectile remains above the launcher while an additional large pale ball descends and persists on the tabletop, clearly simultaneously in frames 3-25 and later.",0-48,morpheus/videos/video_0203.mp4
wan,bouncing_ball,5318,plain_bouncing_ball_s5318,wan,wan_base_numeric_text,plain,False,False,0.0,0.7944786692144099,0.0,0.7944786692144099,0.0,0.7944786692144099,pass,"One orange ball shows clear upward motion in frames 34-43; floor patch behaves as a shadow or residual, without confirmed second independent ball.",0-48,morpheus/videos/video_0204.mp4
cog,falling_marker,937,plain_falling_marker_s937,cog,cog_base_text_8fps_to24fps,plain,False,False,0.0,0.8065477979708021,0.0,0.8065477979708021,0.0,0.8065477979708021,pass,"The marker remains identifiable while camera framing shifts. Its anonymous trajectory span is 0.023278 of the image diagonal, above the 0.01 static threshold; no persistent duplicate is confirmed.",0-48,morpheus/videos/video_0205.mp4
phantom,falling_ball,1888,plain_falling_ball_s1888,phantom,native_interface_adapted,plain,False,False,0.9996423286797519,0.9262379986971926,0.9996423286797519,0.9262379986971926,0.9996423286797519,0.9262379986971926,pass,Target motion visible; no clear persistent extra target in sampled frames,"0,8,16,24,32,40,48",morpheus/videos/video_0206.mp4
h3,falling_tape,937,plain_falling_tape_s937,h3,native_interface_adapted,plain,False,False,0.9616391973967424,0.7679440120781762,0.9616391973967424,0.7679440120781762,0.9616391973967424,0.7679440120781762,pass,Target motion visible; no clear persistent extra target in sampled frames,"0,8,16,24,32,40,48",morpheus/videos/video_0207.mp4
force,collision_equal,5318,plain_collision_equal_s5318,force,native_point_force,plain,True,False,0.0,0.0,0.7083098859214139,0.9820638333213301,0.0,0.0,reject,Additional large sphere at left coexists with both original small ruler targets in frames 21-26 before later occluding the left target.,0-48,morpheus/videos/video_0208.mp4
force,collision_equal,937,plain_collision_equal_s937,force,native_point_force,plain,True,False,0.0,0.0,0.8267430425873444,0.9984609469662821,0.0,0.0,reject,Large sphere enters from left while both original small targets remain visible in frames 18-26; later overlap does not remove confirmed earlier duplication.,0-48,morpheus/videos/video_0209.mp4
phantom,falling_apple,937,plain_falling_apple_s937,phantom,native_interface_adapted,plain,False,False,0.920862466632902,0.8239600356962676,0.920862466632902,0.8239600356962676,0.920862466632902,0.8239600356962676,pass,Target motion visible; no clear persistent extra target in sampled frames,"0,8,16,24,32,40,48",morpheus/videos/video_0210.mp4
official_phyco,sliding_book,937,plain_sliding_book_s937,phyco_corrected,native_phyco_corrected_matched_inputs,plain,False,False,0.5638923064982153,0.9255859959624418,0.5638923064982153,0.9255859959624418,0.5638923064982153,0.9255859959624418,pass,Target motion visible; no clear persistent extra target in sampled frames,"0,8,16,24,32,40,48",morpheus/videos/video_0211.mp4
h3,falling_ball,937,plain_falling_ball_s937,h3,native_interface_adapted,plain,False,False,0.9936671564787999,0.7538865504218174,0.9936671564787999,0.7538865504218174,0.9936671564787999,0.7538865504218174,pass,Target motion visible; no clear persistent extra target in sampled frames,"0,8,16,24,32,40,48",morpheus/videos/video_0212.mp4
h3,collision_big_hits_small,5318,plain_collision_big_hits_small_s5318,h3,native_interface_adapted,plain,False,False,0.9997833464295482,0.9907427801832658,0.9997833464295482,0.9907427801832658,0.9997833464295482,0.9907427801832658,pass,Target motion visible; no clear persistent extra target in sampled frames,"0,8,16,24,32,40,48",morpheus/videos/video_0213.mp4
h3,collision_big_hits_small,1888,plain_collision_big_hits_small_s1888,h3,native_interface_adapted,plain,False,False,0.9997532727625672,0.9885174999572394,0.9997532727625672,0.9885174999572394,0.9997532727625672,0.9885174999572394,pass,Target motion visible; no clear persistent extra target in sampled frames,"0,8,16,24,32,40,48",morpheus/videos/video_0214.mp4
h3,rolling_empty_can,937,plain_rolling_empty_can_s937,h3,native_interface_adapted,plain,False,False,0.9910701282895595,0.6172983580487178,0.9910701282895595,0.6172983580487178,0.9910701282895595,0.6172983580487178,pass,Target motion visible; no clear persistent extra target in sampled frames,"0,8,16,24,32,40,48",morpheus/videos/video_0215.mp4
cog,bouncing_ball,1888,plain_bouncing_ball_s1888,cog,cog_base_text_8fps_to24fps,plain,False,False,0.0,0.7441750140916049,0.0,0.7441750140916049,0.0,0.7441750140916049,pass,Target motion visible; no clear persistent extra target in sampled frames,"0,8,16,24,32,40,48",morpheus/videos/video_0216.mp4
cog,rolling_orange,1888,plain_rolling_orange_s1888,cog,cog_base_text_8fps_to24fps,plain,False,False,0.994593007183351,0.42345073421281476,0.994593007183351,0.42345073421281476,0.994593007183351,0.42345073421281476,pass,Target motion visible; no clear persistent extra target in sampled frames,"0,8,16,24,32,40,48",morpheus/videos/video_0217.mp4
h3,projectile,937,plain_projectile_s937,h3,native_interface_adapted,plain,False,False,0.5853736049712204,0.7623731903179479,0.5853736049712204,0.7623731903179479,0.5853736049712204,0.7623731903179479,pass,Target motion visible; no clear persistent extra target in sampled frames,"0,8,16,24,32,40,48",morpheus/videos/video_0218.mp4
cog,rolling_full_can,5318,plain_rolling_full_can_s5318,cog,cog_base_text_8fps_to24fps,plain,False,False,0.9933914330757794,0.31173210309636873,0.9933914330757794,0.31173210309636873,0.9933914330757794,0.31173210309636873,pass,Target motion visible; no clear persistent extra target in sampled frames,"0,8,16,24,32,40,48",morpheus/videos/video_0219.mp4
phantom,projectile,937,plain_projectile_s937,phantom,native_interface_adapted,plain,True,False,0.0,0.0,0.795536646533697,0.9304937803968119,0.0,0.0,reject,"The original small projectile remains visually fixed near the left side across frames 0-48 while the launcher moves away. Anonymous target span is 0.001165 of the image diagonal, below 0.01; launcher motion is not target motion.",0-48,morpheus/videos/video_0220.mp4
official_phyco,falling_tape,1888,plain_falling_tape_s1888,phyco_corrected,native_phyco_corrected_matched_inputs,plain,False,False,0.6043009794446668,0.7156138356420075,0.6043009794446668,0.7156138356420075,0.6043009794446668,0.7156138356420075,pass,Target motion visible; no clear persistent extra target in sampled frames,"0,8,16,24,32,40,48",morpheus/videos/video_0221.mp4
wan,collision_big_hits_small,1888,plain_collision_big_hits_small_s1888,wan,wan_base_numeric_text,plain,True,False,0.0,0.0,0.902949396881481,0.991980015578221,0.0,0.0,reject,"All original targets are visually stationary across frames 0-48; anonymous trajectory spans 0.00275777, 0.00222424 of the image diagonal are all <= 0.01. Background changes or unrelated moving objects do not constitute target motion.",0-48,morpheus/videos/video_0222.mp4
wan,falling_tape,937,plain_falling_tape_s937,wan,wan_base_numeric_text,plain,False,False,0.0,0.777242351176706,0.0,0.777242351176706,0.0,0.777242351176706,pass,Original targets remain identifiable without a confirmed persistent extra copy. Anonymous trajectory spans 0.02885927 of the image diagonal exceed the 0.01 static threshold; limited motion or camera-correlated movement is not an allowed rejection reason.,0-48,morpheus/videos/video_0223.mp4
h3,rolling_orange,5318,plain_rolling_orange_s5318,h3,native_interface_adapted,plain,False,False,0.9487461915246732,0.5307723845068453,0.9487461915246732,0.5307723845068453,0.9487461915246732,0.5307723845068453,pass,Target motion visible; no clear persistent extra target in sampled frames,"0,8,16,24,32,40,48",morpheus/videos/video_0224.mp4
cog,rolling_full_can,937,plain_rolling_full_can_s937,cog,cog_base_text_8fps_to24fps,plain,False,False,0.9927940718326635,0.7503505624336019,0.9927940718326635,0.7503505624336019,0.9927940718326635,0.7503505624336019,pass,Target motion visible; no clear persistent extra target in sampled frames,"0,8,16,24,32,40,48",morpheus/videos/video_0225.mp4
official_phyco,falling_marker,1888,plain_falling_marker_s1888,phyco_corrected,native_phyco_corrected_matched_inputs,plain,True,False,0.0,0.0,0.0,0.7727948218585415,0.0,0.0,reject,"The upper marker stays visually stationary across frames 0-48 while unrelated tabletop objects move. Its anonymous trajectory span is 0.001420 of the image diagonal, below 0.01.",0-48,morpheus/videos/video_0226.mp4
h3,bouncing_ball,5318,plain_bouncing_ball_s5318,h3,native_interface_adapted,plain,False,False,0.4851221908833445,0.7853011193568386,0.4851221908833445,0.7853011193568386,0.4851221908833445,0.7853011193568386,pass,Target motion visible; no clear persistent extra target in sampled frames,"0,8,16,24,32,40,48",morpheus/videos/video_0227.mp4
official_phyco,falling_apple,937,plain_falling_apple_s937,phyco_corrected,native_phyco_corrected_matched_inputs,plain,False,False,0.6599490434733903,0.9166998204052251,0.6599490434733903,0.9166998204052251,0.6599490434733903,0.9166998204052251,pass,Target motion visible; no clear persistent extra target in sampled frames,"0,8,16,24,32,40,48",morpheus/videos/video_0228.mp4
cog,falling_ball,937,plain_falling_ball_s937,cog,cog_base_text_8fps_to24fps,plain,False,False,0.9889425745930025,0.6159167332111767,0.9889425745930025,0.6159167332111767,0.9889425745930025,0.6159167332111767,pass,Target motion visible; no clear persistent extra target in sampled frames,"0,8,16,24,32,40,48",morpheus/videos/video_0229.mp4
phantom,rolling_empty_can,1888,plain_rolling_empty_can_s1888,phantom,native_interface_adapted,plain,False,False,0.9729158847244108,0.6441441802569373,0.9729158847244108,0.6441441802569373,0.9729158847244108,0.6441441802569373,pass,Target motion visible; no clear persistent extra target in sampled frames,"0,8,16,24,32,40,48",morpheus/videos/video_0230.mp4
phantom,rolling_full_can,937,plain_rolling_full_can_s937,phantom,native_interface_adapted,plain,False,False,0.9790916076066913,0.6262677252042081,0.9790916076066913,0.6262677252042081,0.9790916076066913,0.6262677252042081,pass,Target motion visible; no clear persistent extra target in sampled frames,"0,8,16,24,32,40,48",morpheus/videos/video_0231.mp4
wan,falling_ball,1888,plain_falling_ball_s1888,wan,wan_base_numeric_text,plain,False,False,0.9825952849753373,0.8380941487344119,0.9825952849753373,0.8380941487344119,0.9825952849753373,0.8380941487344119,pass,"Single orange ball falls through frames 0-21 and exits the bottom edge; later absence follows normal exit, with no persistent duplicate.",0-48,morpheus/videos/video_0232.mp4
official_phyco,collision_big_hits_small,5318,plain_collision_big_hits_small_s5318,phyco_corrected,native_phyco_corrected_matched_inputs,plain,True,False,0.0,0.0,0.6678864892043843,0.9982797098448579,0.0,0.0,uncertain,Large sphere develops at original target location and obscures it; enlargement versus extra copy unresolved,0-48,morpheus/videos/video_0233.mp4
phantom,falling_apple,5318,plain_falling_apple_s5318,phantom,native_interface_adapted,plain,False,True,0.5411412659574746,0.7083441409258892,0.5411412659574746,0.7083441409258892,0.0,0.0,uncertain,Apple shrinks and becomes indistinguishable against grass around frames 14-18 without a clear image-edge exit; depth change versus loss of target is unresolved.,0-48,morpheus/videos/video_0234.mp4
h3,falling_tape,1888,plain_falling_tape_s1888,h3,native_interface_adapted,plain,False,False,0.9790858301514248,0.8103038711590947,0.9790858301514248,0.8103038711590947,0.9790858301514248,0.8103038711590947,pass,Target motion visible; no clear persistent extra target in sampled frames,"0,8,16,24,32,40,48",morpheus/videos/video_0235.mp4
h3,rolling_orange,1888,plain_rolling_orange_s1888,h3,native_interface_adapted,plain,False,False,0.9675605942398984,0.36520276102461063,0.9675605942398984,0.36520276102461063,0.9675605942398984,0.36520276102461063,pass,Target motion visible; no clear persistent extra target in sampled frames,"0,8,16,24,32,40,48",morpheus/videos/video_0236.mp4
phantom,rolling_empty_can,937,plain_rolling_empty_can_s937,phantom,native_interface_adapted,plain,False,False,0.9749190392234958,0.6076732912196744,0.9749190392234958,0.6076732912196744,0.9749190392234958,0.6076732912196744,pass,Target motion visible; no clear persistent extra target in sampled frames,"0,8,16,24,32,40,48",morpheus/videos/video_0237.mp4
wan,rolling_orange,1888,plain_rolling_orange_s1888,wan,wan_base_numeric_text,plain,False,False,0.8792304592594042,0.2721109994875111,0.8792304592594042,0.2721109994875111,0.8792304592594042,0.2721109994875111,pass,"Single orange remains identifiable; slight image motion and background shift, anonymous span 0.021414 > 0.01 so fixed stationary exclusion does not apply",0-48,morpheus/videos/video_0238.mp4
h3,holonomic_pendulum,1888,plain_holonomic_pendulum_s1888,h3,native_interface_adapted,plain,False,False,0.7477958550150627,0.7923804609260449,0.7477958550150627,0.7923804609260449,0.7477958550150627,0.7923804609260449,pass,Target motion visible; no clear persistent extra target in sampled frames,"0,8,16,24,32,40,48",morpheus/videos/video_0239.mp4
h3,sliding_book,5318,plain_sliding_book_s5318,h3,native_interface_adapted,plain,False,False,0.988856357719474,0.31348862832137425,0.988856357719474,0.31348862832137425,0.988856357719474,0.31348862832137425,pass,Target motion visible; no clear persistent extra target in sampled frames,"0,8,16,24,32,40,48",morpheus/videos/video_0240.mp4
cog,falling_tape,1888,plain_falling_tape_s1888,cog,cog_base_text_8fps_to24fps,plain,False,False,0.0,0.6963351852679412,0.0,0.6963351852679412,0.0,0.6963351852679412,pass,"The tape remains identifiable as the camera and scene shift, and its anonymous trajectory span is 0.077515 of the image diagonal, above the 0.01 static threshold. No persistent additional tape is confirmed.",0-48,morpheus/videos/video_0241.mp4
phantom,sliding_book,5318,plain_sliding_book_s5318,phantom,native_interface_adapted,plain,False,False,0.9488489825626768,0.5823530146291235,0.9488489825626768,0.5823530146291235,0.9488489825626768,0.5823530146291235,pass,Target motion visible; no clear persistent extra target in sampled frames,"0,8,16,24,32,40,48",morpheus/videos/video_0242.mp4
h3,rolling_full_can,937,plain_rolling_full_can_s937,h3,native_interface_adapted,plain,False,False,0.9964446920319984,0.4343444452188191,0.9964446920319984,0.4343444452188191,0.9964446920319984,0.4343444452188191,pass,Target motion visible; no clear persistent extra target in sampled frames,"0,8,16,24,32,40,48",morpheus/videos/video_0243.mp4
h3,falling_marker,1888,plain_falling_marker_s1888,h3,native_interface_adapted,plain,False,False,0.9791008645334818,0.8063236759501183,0.9791008645334818,0.8063236759501183,0.9791008645334818,0.8063236759501183,pass,"One identifiable marker descends, rises, and rotates. The original upper position is vacated; no simultaneous persistent second marker is confirmed.",0-48,morpheus/videos/video_0244.mp4
wan,collision_small_hits_big,1888,plain_collision_small_hits_big_s1888,wan,wan_base_numeric_text,plain,False,False,0.789529287744895,0.9793356533553249,0.789529287744895,0.9793356533553249,0.789529287744895,0.9793356533553249,pass,Target motion visible; no clear persistent extra target in sampled frames,"0,8,16,24,32,40,48",morpheus/videos/video_0245.mp4
official_phyco,falling_tape,937,plain_falling_tape_s937,phyco_corrected,native_phyco_corrected_matched_inputs,plain,False,False,0.4881545367211544,0.7318927112729994,0.4881545367211544,0.7318927112729994,0.4881545367211544,0.7318927112729994,pass,Target motion visible; no clear persistent extra target in sampled frames,"0,8,16,24,32,40,48",morpheus/videos/video_0246.mp4
cog,projectile,1888,plain_projectile_s1888,cog,cog_base_text_8fps_to24fps,plain,False,True,0.5976305522885255,0.6391429905861646,0.5976305522885255,0.6391429905861646,0.0,0.0,uncertain,"Small dark round regions rise gradually around the launcher's opening, but target-versus-launcher-part identity is ambiguous at this scale. A persistent additional projectile cannot be established confidently.",0-48,morpheus/videos/video_0247.mp4
wan,falling_apple,1888,plain_falling_apple_s1888,wan,wan_base_numeric_text,plain,False,False,0.9847916064267775,0.646176166430628,0.9847916064267775,0.646176166430628,0.9847916064267775,0.646176166430628,pass,Target motion visible; no clear persistent extra target in sampled frames,"0,8,16,24,32,40,48",morpheus/videos/video_0248.mp4
cog,bouncing_ball,937,plain_bouncing_ball_s937,cog,cog_base_text_8fps_to24fps,plain,True,False,0.0,0.0,0.8749823279449487,0.7434013952199304,0.0,0.0,reject,Single ball splits into two separate orange balls persistently over frames 27-41,0-48,morpheus/videos/video_0249.mp4
wan,bouncing_ball,937,plain_bouncing_ball_s937,wan,wan_base_numeric_text,plain,True,False,0.0,0.0,0.0,0.9999999999999455,0.0,0.0,uncertain,"The initial small orange target becomes unidentifiable before a large deforming orange shape enters from the bottom around frame 14. Continuity, replacement, and occlusion cannot be resolved; simultaneous persistent copies are not confirmed.",0-48,morpheus/videos/video_0250.mp4
wan,falling_ball,5318,plain_falling_ball_s5318,wan,wan_base_numeric_text,plain,False,False,0.9726423166567157,0.8054190885614402,0.9726423166567157,0.8054190885614402,0.9726423166567157,0.8054190885614402,pass,Target motion visible; no clear persistent extra target in sampled frames,"0,8,16,24,32,40,48",morpheus/videos/video_0251.mp4
phantom,falling_marker,5318,plain_falling_marker_s5318,phantom,native_interface_adapted,plain,True,False,0.0,0.0,0.0,0.7998365960963992,0.0,0.0,reject,"The upper marker stays visually stationary across frames 0-48 while unrelated tabletop objects move. Its anonymous trajectory span is 0.001944 of the image diagonal, below 0.01.",0-48,morpheus/videos/video_0252.mp4
phantom,collision_big_hits_small,937,plain_collision_big_hits_small_s937,phantom,native_interface_adapted,plain,True,False,0.0,0.0,0.45348997826304105,0.8794373828887982,0.0,0.0,pass,Target motion visible; no clear persistent extra target in sampled frames,"0,8,16,24,32,40,48",morpheus/videos/video_0253.mp4
wan,collision_big_hits_small,5318,plain_collision_big_hits_small_s5318,wan,wan_base_numeric_text,plain,False,True,0.4767844397340524,0.9841925222961976,0.4767844397340524,0.9841925222961976,0.0,0.0,uncertain,Original left sphere becomes a smeared object while ruler and scene geometry change; identity and actual target displacement cannot be resolved.,0-48,morpheus/videos/video_0254.mp4
official_phyco,falling_ball,937,plain_falling_ball_s937,phyco_corrected,native_phyco_corrected_matched_inputs,plain,False,True,0.41474065281940187,0.8102858707897314,0.41474065281940187,0.8102858707897314,0.0,0.0,uncertain,Orange target moves visibly with a separate dark patch that could be shadow or artifact; an independent duplicated ball is not established.,0-48,morpheus/videos/video_0255.mp4
phantom,rolling_orange,1888,plain_rolling_orange_s1888,phantom,native_interface_adapted,plain,False,False,0.942527742170241,0.6051915939505786,0.942527742170241,0.6051915939505786,0.942527742170241,0.6051915939505786,pass,Target motion visible; no clear persistent extra target in sampled frames,"0,8,16,24,32,40,48",morpheus/videos/video_0256.mp4
cog,rolling_empty_can,5318,plain_rolling_empty_can_s5318,cog,cog_base_text_8fps_to24fps,plain,False,False,0.9955440681279888,0.46094193891822355,0.9955440681279888,0.46094193891822355,0.9955440681279888,0.46094193891822355,pass,Target motion visible; no clear persistent extra target in sampled frames,"0,8,16,24,32,40,48",morpheus/videos/video_0257.mp4
official_phyco,sliding_book,1888,plain_sliding_book_s1888,phyco_corrected,native_phyco_corrected_matched_inputs,plain,False,False,0.5896755969708891,0.9521893465656492,0.5896755969708891,0.9521893465656492,0.5896755969708891,0.9521893465656492,pass,Target motion visible; no clear persistent extra target in sampled frames,"0,8,16,24,32,40,48",morpheus/videos/video_0258.mp4
h3,falling_marker,937,plain_falling_marker_s937,h3,native_interface_adapted,plain,True,False,0.0,0.0,0.0,0.9999999999999964,0.0,0.0,pass,The initial marker moves upward in the opening frames and exits through the top edge by approximately frame 3. Later absence follows that visible exit; no persistent duplicate is confirmed.,0-48,morpheus/videos/video_0259.mp4
wan,falling_apple,937,plain_falling_apple_s937,wan,wan_base_numeric_text,plain,True,False,0.0,0.0,0.9602725530355373,0.7080716090105801,0.0,0.0,reject,Large foreground apple and original small apple are simultaneously separated and visible throughout frames 16-28; both persist later.,0-48,morpheus/videos/video_0260.mp4
official_phyco,collision_big_hits_small,937,plain_collision_big_hits_small_s937,phyco_corrected,native_phyco_corrected_matched_inputs,plain,True,False,0.0,0.0,0.6969663189460653,0.9999999999999993,0.0,0.0,uncertain,Large sphere develops over original target; persistent third target cannot be confirmed,0-48,morpheus/videos/video_0261.mp4
h3,double_pendulum,5318,plain_double_pendulum_s5318,h3,native_interface_adapted,plain,False,False,0.9992843479849398,0.8027550467575826,0.9992843479849398,0.8027550467575826,0.9992843479849398,0.8027550467575826,pass,Target motion visible; no clear persistent extra target in sampled frames,"0,8,16,24,32,40,48",morpheus/videos/video_0262.mp4
phantom,falling_marker,1888,plain_falling_marker_s1888,phantom,native_interface_adapted,plain,True,False,0.0,0.0,0.0,0.8367572964357293,0.0,0.0,reject,"The upper marker remains visually stationary across all 49 frames while unrelated tabletop objects move. Anonymous target span is 0.001331 of the image diagonal, below 0.01.",0-48,morpheus/videos/video_0263.mp4
official_phyco,falling_marker,937,plain_falling_marker_s937,phyco_corrected,native_phyco_corrected_matched_inputs,plain,True,False,0.0,0.0,0.0,0.8349185341738644,0.0,0.0,reject,All original targets are visually stationary across frames 0-48; anonymous trajectory spans 0.00116366 of the image diagonal are all <= 0.01. Background changes or unrelated moving objects do not constitute target motion.,0-48,morpheus/videos/video_0264.mp4
cog,spring,937,plain_spring_s937,cog,cog_base_text_8fps_to24fps,plain,False,False,0.0,0.9849543663914795,0.0,0.9849543663914795,0.0,0.9849543663914795,pass,Single spring mass visibly moves; no clear persistent extra target in sampled frames,"0,8,16,24,32,40,48",morpheus/videos/video_0265.mp4
cog,sliding_book,5318,plain_sliding_book_s5318,cog,cog_base_text_8fps_to24fps,plain,False,False,0.994046203049466,0.29079557448836685,0.994046203049466,0.29079557448836685,0.994046203049466,0.29079557448836685,pass,Target motion visible; no clear persistent extra target in sampled frames,"0,8,16,24,32,40,48",morpheus/videos/video_0266.mp4
phantom,sliding_book,1888,plain_sliding_book_s1888,phantom,native_interface_adapted,plain,False,False,0.9816135014633354,0.768170581791748,0.9816135014633354,0.768170581791748,0.9816135014633354,0.768170581791748,pass,Target motion visible; no clear persistent extra target in sampled frames,"0,8,16,24,32,40,48",morpheus/videos/video_0267.mp4
h3,falling_ball,5318,plain_falling_ball_s5318,h3,native_interface_adapted,plain,False,False,0.9149172718689801,0.6379527212336781,0.9149172718689801,0.6379527212336781,0.9149172718689801,0.6379527212336781,pass,Target motion visible; no clear persistent extra target in sampled frames,"0,8,16,24,32,40,48",morpheus/videos/video_0268.mp4
official_phyco,collision_small_hits_big,937,plain_collision_small_hits_big_s937,phyco_corrected,native_phyco_corrected_matched_inputs,plain,True,False,0.0,0.0,0.773149697437284,0.9999999999999996,0.0,0.0,uncertain,"Large dark sphere appears immediately over the initial target region; original target identity is obscured, so extra-target count is not securely established.",0-48,morpheus/videos/video_0269.mp4
phantom,collision_small_hits_big,5318,plain_collision_small_hits_big_s5318,phantom,native_interface_adapted,plain,False,False,0.6585314631801715,0.8968610394828953,0.6585314631801715,0.8968610394828953,0.6585314631801715,0.8968610394828953,pass,Target motion visible; no clear persistent extra target in sampled frames,"0,8,16,24,32,40,48",morpheus/videos/video_0270.mp4
h3,falling_tape,5318,plain_falling_tape_s5318,h3,native_interface_adapted,plain,False,False,0.9661101493795319,0.7721132091432601,0.9661101493795319,0.7721132091432601,0.9661101493795319,0.7721132091432601,pass,Target motion visible; no clear persistent extra target in sampled frames,"0,8,16,24,32,40,48",morpheus/videos/video_0271.mp4
cog,collision_big_hits_small,1888,plain_collision_big_hits_small_s1888,cog,cog_base_text_8fps_to24fps,plain,True,False,0.0,0.0,0.9984902439473125,0.8824212293079317,0.0,0.0,reject,Original two small targets coexist with large additional sphere over frames18-26 and later another extra sphere,0-48,morpheus/videos/video_0272.mp4
phantom,rolling_empty_can,5318,plain_rolling_empty_can_s5318,phantom,native_interface_adapted,plain,False,False,0.9563179386813397,0.5817345205080134,0.9563179386813397,0.5817345205080134,0.9563179386813397,0.5817345205080134,pass,Target motion visible; no clear persistent extra target in sampled frames,"0,8,16,24,32,40,48",morpheus/videos/video_0273.mp4
h3,falling_marker,5318,plain_falling_marker_s5318,h3,native_interface_adapted,plain,True,False,0.0,0.0,0.0,0.888357883858439,0.0,0.0,reject,Original thin white marker remains at upper center while a separate large white marker enters and descends through frames 29-48.,0-48,morpheus/videos/video_0274.mp4
wan,falling_marker,1888,plain_falling_marker_s1888,wan,wan_base_numeric_text,plain,False,False,0.0,0.6495741721833657,0.0,0.6495741721833657,0.0,0.6495741721833657,pass,Original targets remain identifiable without a confirmed persistent extra copy. Anonymous trajectory spans 0.0390586 of the image diagonal exceed the 0.01 static threshold; limited motion or camera-correlated movement is not an allowed rejection reason.,0-48,morpheus/videos/video_0275.mp4
phantom,falling_tape,1888,plain_falling_tape_s1888,phantom,native_interface_adapted,plain,False,False,0.891571900294203,0.7331662746339634,0.891571900294203,0.7331662746339634,0.891571900294203,0.7331662746339634,pass,Target motion visible; no clear persistent extra target in sampled frames,"0,8,16,24,32,40,48",morpheus/videos/video_0276.mp4
cog,spring,5318,plain_spring_s5318,cog,cog_base_text_8fps_to24fps,plain,False,False,0.0,0.9764720591048085,0.0,0.9764720591048085,0.0,0.9764720591048085,pass,Single spring mass visibly moves; no clear persistent extra target in sampled frames,"0,8,16,24,32,40,48",morpheus/videos/video_0277.mp4
cog,falling_marker,5318,plain_falling_marker_s5318,cog,cog_base_text_8fps_to24fps,plain,False,True,0.0,0.7057491292655268,0.0,0.7057491292655268,0.0,0.0,uncertain,Original thin marker shifts toward and beyond upper edge with camera motion while unrelated tabletop objects move; target motion versus camera displacement is unresolved and tracker span is above 1 percent.,0-48,morpheus/videos/video_0278.mp4
official_phyco,falling_tape,5318,plain_falling_tape_s5318,phyco_corrected,native_phyco_corrected_matched_inputs,plain,False,False,0.6136642927567142,0.8006899311882733,0.6136642927567142,0.8006899311882733,0.6136642927567142,0.8006899311882733,pass,Target motion visible; no clear persistent extra target in sampled frames,"0,8,16,24,32,40,48",morpheus/videos/video_0279.mp4
phantom,bouncing_ball,5318,plain_bouncing_ball_s5318,phantom,native_interface_adapted,plain,False,False,0.0,0.8369440074827335,0.0,0.8369440074827335,0.0,0.8369440074827335,pass,Target motion visible; no clear persistent extra target in sampled frames,"0,8,16,24,32,40,48",morpheus/videos/video_0280.mp4
wan,rolling_empty_can,1888,plain_rolling_empty_can_s1888,wan,wan_base_numeric_text,plain,False,False,0.8865012971873649,0.193959908282389,0.8865012971873649,0.193959908282389,0.8865012971873649,0.193959908282389,pass,Target motion visible; no clear persistent extra target in sampled frames,"0,8,16,24,32,40,48",morpheus/videos/video_0281.mp4
wan,sliding_book,1888,plain_sliding_book_s1888,wan,wan_base_numeric_text,plain,False,False,0.7481413704381594,0.28640224309609347,0.7481413704381594,0.28640224309609347,0.7481413704381594,0.28640224309609347,pass,"Book visibly displaces at frames 13-16 and stretches; continuous single-target identity, deformation alone is not rejection",0-48,morpheus/videos/video_0282.mp4
h3,collision_small_hits_big,1888,plain_collision_small_hits_big_s1888,h3,native_interface_adapted,plain,False,False,0.9999693780247562,0.9896334032156138,0.9999693780247562,0.9896334032156138,0.9999693780247562,0.9896334032156138,pass,Target motion visible; no clear persistent extra target in sampled frames,"0,8,16,24,32,40,48",morpheus/videos/video_0283.mp4
h3,falling_ball,1888,plain_falling_ball_s1888,h3,native_interface_adapted,plain,False,False,0.941794215120971,0.6941426958387925,0.941794215120971,0.6941426958387925,0.941794215120971,0.6941426958387925,pass,Target motion visible; no clear persistent extra target in sampled frames,"0,8,16,24,32,40,48",morpheus/videos/video_0284.mp4
cog,bouncing_ball,5318,plain_bouncing_ball_s5318,cog,cog_base_text_8fps_to24fps,plain,False,False,0.0,0.8751534119983244,0.0,0.8751534119983244,0.0,0.8751534119983244,pass,Target motion visible; no clear persistent extra target in sampled frames,"0,8,16,24,32,40,48",morpheus/videos/video_0285.mp4
force,collision_small_hits_big,5318,plain_collision_small_hits_big_s5318,force,native_point_force,plain,True,False,0.0,0.0,0.6868070190559217,0.9909705779290625,0.0,0.0,reject,A large dark sphere enters from left while both original small ruler targets remain visible across frames 15-35.,0-48,morpheus/videos/video_0286.mp4
cog,collision_equal,937,plain_collision_equal_s937,cog,cog_base_text_8fps_to24fps,plain,True,False,0.0,0.0,0.821687969714766,0.9946617531536301,0.0,0.0,reject,Additional large sphere enters from right from frame 27 onward while both original ruler targets remain separately visible.,0-48,morpheus/videos/video_0287.mp4
phantom,falling_apple,1888,plain_falling_apple_s1888,phantom,native_interface_adapted,plain,False,False,0.9937542980082292,0.8998032742329882,0.9937542980082292,0.8998032742329882,0.9937542980082292,0.8998032742329882,pass,Target motion visible; no clear persistent extra target in sampled frames,"0,8,16,24,32,40,48",morpheus/videos/video_0288.mp4
h3,collision_small_hits_big,5318,plain_collision_small_hits_big_s5318,h3,native_interface_adapted,plain,False,False,0.9996496418804663,0.9894958752122258,0.9996496418804663,0.9894958752122258,0.9996496418804663,0.9894958752122258,pass,Target motion visible; no clear persistent extra target in sampled frames,"0,8,16,24,32,40,48",morpheus/videos/video_0289.mp4
h3,rolling_empty_can,5318,plain_rolling_empty_can_s5318,h3,native_interface_adapted,plain,False,False,0.9891487372059743,0.46482595306500485,0.9891487372059743,0.46482595306500485,0.9891487372059743,0.46482595306500485,pass,Target motion visible; no clear persistent extra target in sampled frames,"0,8,16,24,32,40,48",morpheus/videos/video_0290.mp4
official_phyco,sliding_book,5318,plain_sliding_book_s5318,phyco_corrected,native_phyco_corrected_matched_inputs,plain,False,False,0.7599811324350433,0.8843006352675086,0.7599811324350433,0.8843006352675086,0.7599811324350433,0.8843006352675086,pass,Target motion visible; no clear persistent extra target in sampled frames,"0,8,16,24,32,40,48",morpheus/videos/video_0291.mp4
wan,rolling_empty_can,937,plain_rolling_empty_can_s937,wan,wan_base_numeric_text,plain,False,False,0.947999971117564,0.3895904279380276,0.947999971117564,0.3895904279380276,0.947999971117564,0.3895904279380276,pass,"Full-frame visual review confirms one identifiable original target without a persistent additional copy. Anonymous trajectory span 0.08520445 of the image diagonal exceeds the 0.01 static threshold; limited scene-relative motion, deformation, or camera movement alone is not a rejection condition.",0-48,morpheus/videos/video_0292.mp4
h3,projectile,1888,plain_projectile_s1888,h3,native_interface_adapted,plain,False,False,0.5902699798265312,0.8034726963344384,0.5902699798265312,0.8034726963344384,0.5902699798265312,0.8034726963344384,pass,Target motion visible; no clear persistent extra target in sampled frames,"0,8,16,24,32,40,48",morpheus/videos/video_0293.mp4
official_phyco,falling_marker,5318,plain_falling_marker_s5318,phyco_corrected,native_phyco_corrected_matched_inputs,plain,True,False,0.0,0.0,0.0,0.87133396231396,0.0,0.0,reject,All original targets are visually stationary across frames 0-48; anonymous trajectory spans 0.00156578 of the image diagonal are all <= 0.01. Background changes or unrelated moving objects do not constitute target motion.,0-48,morpheus/videos/video_0294.mp4
wan,projectile,937,plain_projectile_s937,wan,wan_base_numeric_text,plain,True,False,0.0,0.0,0.7953095475370558,0.7505893384545265,0.0,0.0,reject,"The original small projectile remains visible just above the launcher while an additional larger dark ball traverses the scene, clearly simultaneously in frames 17-29 and thereafter.",0-48,morpheus/videos/video_0295.mp4
h3,rolling_orange,937,plain_rolling_orange_s937,h3,native_interface_adapted,plain,False,False,0.9792237015034613,0.4626008551948367,0.9792237015034613,0.4626008551948367,0.9792237015034613,0.4626008551948367,pass,Target motion visible; no clear persistent extra target in sampled frames,"0,8,16,24,32,40,48",morpheus/videos/video_0296.mp4
official_phyco,bouncing_ball,1888,plain_bouncing_ball_s1888,phyco_corrected,native_phyco_corrected_matched_inputs,plain,False,False,0.8828536666771141,0.8092408398391161,0.8828536666771141,0.8092408398391161,0.8828536666771141,0.8092408398391161,pass,One orange ball clearly rises and descends. The attached dark patch is consistent with a shadow; no persistent additional independent ball is established.,0-48,morpheus/videos/video_0297.mp4
wan,projectile,5318,plain_projectile_s5318,wan,wan_base_numeric_text,plain,True,False,0.0,0.0,0.7958508354841294,0.852748604126218,0.0,0.0,reject,The original small projectile remains above the launcher while an additional ball moves across the scene and then persists on the tabletop in frames 21-48.,0-48,morpheus/videos/video_0298.mp4
wan,falling_marker,937,plain_falling_marker_s937,wan,wan_base_numeric_text,plain,False,False,0.0,0.7506294986022776,0.0,0.7506294986022776,0.0,0.7506294986022776,pass,Original targets remain identifiable without a confirmed persistent extra copy. Anonymous trajectory spans 0.05447153 of the image diagonal exceed the 0.01 static threshold; limited motion or camera-correlated movement is not an allowed rejection reason.,0-48,morpheus/videos/video_0299.mp4
force,projectile,1888,plain_projectile_s1888,force,native_point_force,plain,False,False,0.7643666326482482,0.7604691153497987,0.7643666326482482,0.7604691153497987,0.7643666326482482,0.7604691153497987,pass,"The small projectile shows limited but visible displacement near the launcher, with anonymous trajectory span 0.035823 of the image diagonal, above the 0.01 static threshold. No persistent additional projectile is confirmed.",0-48,morpheus/videos/video_0300.mp4
wan,falling_tape,5318,plain_falling_tape_s5318,wan,wan_base_numeric_text,plain,False,False,0.0,0.7706535065880608,0.0,0.7706535065880608,0.0,0.7706535065880608,pass,Original targets remain identifiable without a confirmed persistent extra copy. Anonymous trajectory spans 0.02312553 of the image diagonal exceed the 0.01 static threshold; limited motion or camera-correlated movement is not an allowed rejection reason.,0-48,morpheus/videos/video_0301.mp4
h3,collision_equal,1888,plain_collision_equal_s1888,h3,native_interface_adapted,plain,False,False,0.9997611999286233,0.9758831958788687,0.9997611999286233,0.9758831958788687,0.9997611999286233,0.9758831958788687,pass,Target motion visible; no clear persistent extra target in sampled frames,"0,8,16,24,32,40,48",morpheus/videos/video_0302.mp4
force,projectile,937,plain_projectile_s937,force,native_point_force,plain,False,False,0.76519680194102,0.7315687967912496,0.76519680194102,0.7315687967912496,0.76519680194102,0.7315687967912496,pass,"The small projectile moves around the launcher opening with anonymous trajectory span 0.054041 of the image diagonal, above the 0.01 static threshold. No persistent additional projectile is confirmed.",0-48,morpheus/videos/video_0303.mp4
wan,collision_equal,5318,plain_collision_equal_s5318,wan,wan_base_numeric_text,plain,True,False,0.0,0.0,0.45925827950189,0.9877703550803705,0.0,0.0,reject,"All original targets are visually stationary across frames 0-48; anonymous trajectory spans 0.0065103, 0.00493607 of the image diagonal are all <= 0.01. Background changes or unrelated moving objects do not constitute target motion.",0-48,morpheus/videos/video_0304.mp4
phantom,collision_equal,1888,plain_collision_equal_s1888,phantom,native_interface_adapted,plain,False,False,0.9531763540424321,0.9358097230542821,0.9531763540424321,0.9358097230542821,0.9531763540424321,0.9358097230542821,pass,Target motion visible; no clear persistent extra target in sampled frames,"0,8,16,24,32,40,48",morpheus/videos/video_0305.mp4
phantom,sliding_book,937,plain_sliding_book_s937,phantom,native_interface_adapted,plain,False,False,0.9467961902380304,0.587146416114275,0.9467961902380304,0.587146416114275,0.9467961902380304,0.587146416114275,pass,Target motion visible; no clear persistent extra target in sampled frames,"0,8,16,24,32,40,48",morpheus/videos/video_0306.mp4
phantom,collision_equal,937,plain_collision_equal_s937,phantom,native_interface_adapted,plain,False,False,0.99950556762935,0.9033310280659039,0.99950556762935,0.9033310280659039,0.99950556762935,0.9033310280659039,pass,Target motion visible; no clear persistent extra target in sampled frames,"0,8,16,24,32,40,48",morpheus/videos/video_0307.mp4
cog,sliding_book,1888,plain_sliding_book_s1888,cog,cog_base_text_8fps_to24fps,plain,False,False,0.9924968228147237,0.13677038473708125,0.9924968228147237,0.13677038473708125,0.9924968228147237,0.13677038473708125,pass,Target motion visible; no clear persistent extra target in sampled frames,"0,8,16,24,32,40,48",morpheus/videos/video_0308.mp4
force,collision_big_hits_small,5318,plain_collision_big_hits_small_s5318,force,native_point_force,plain,True,False,0.0,0.0,0.5772038772797674,0.9979261905491039,0.0,0.0,reject,Frames3-11 show large entering sphere plus both original small targets simultaneously,0-48,morpheus/videos/video_0309.mp4
h3,falling_apple,937,plain_falling_apple_s937,h3,native_interface_adapted,plain,False,False,0.9832259581326867,0.8624713911371119,0.9832259581326867,0.8624713911371119,0.9832259581326867,0.8624713911371119,pass,Target motion visible; no clear persistent extra target in sampled frames,"0,8,16,24,32,40,48",morpheus/videos/video_0310.mp4
phantom,projectile,5318,plain_projectile_s5318,phantom,native_interface_adapted,plain,False,False,0.6655736534791337,0.6978099785611125,0.6655736534791337,0.6978099785611125,0.6655736534791337,0.6978099785611125,pass,The target and launcher move visibly across the frame together. This is incorrect physical behavior but is not an allowed rejection reason; no persistent additional target is confirmed.,0-48,morpheus/videos/video_0311.mp4
h3,collision_small_hits_big,937,plain_collision_small_hits_big_s937,h3,native_interface_adapted,plain,False,False,0.9996792233499223,0.9872075617185369,0.9996792233499223,0.9872075617185369,0.9996792233499223,0.9872075617185369,pass,Target motion visible; no clear persistent extra target in sampled frames,"0,8,16,24,32,40,48",morpheus/videos/video_0312.mp4
official_phyco,falling_ball,5318,plain_falling_ball_s5318,phyco_corrected,native_phyco_corrected_matched_inputs,plain,False,True,0.4132830442235913,0.7921734133861635,0.4132830442235913,0.7921734133861635,0.0,0.0,uncertain,"Orange target visibly descends accompanied by a dark patch and glow; shadow or artifact cannot be excluded, so an independent duplicate is unconfirmed.",0-48,morpheus/videos/video_0313.mp4
official_phyco,collision_small_hits_big,1888,plain_collision_small_hits_big_s1888,phyco_corrected,native_phyco_corrected_matched_inputs,plain,True,False,0.0,0.0,0.7345423282371237,0.9999999999999994,0.0,0.0,uncertain,Large sphere enters immediately and traverses original target locations; small original targets cannot be followed separately well enough to confirm an extra persistent object.,0-48,morpheus/videos/video_0314.mp4
phantom,rolling_full_can,5318,plain_rolling_full_can_s5318,phantom,native_interface_adapted,plain,False,False,0.9943691867165826,0.6153839970561562,0.9943691867165826,0.6153839970561562,0.9943691867165826,0.6153839970561562,pass,Target motion visible; no clear persistent extra target in sampled frames,"0,8,16,24,32,40,48",morpheus/videos/video_0315.mp4
phantom,collision_small_hits_big,1888,plain_collision_small_hits_big_s1888,phantom,native_interface_adapted,plain,False,False,0.9999130786193946,0.9449782123117727,0.9999130786193946,0.9449782123117727,0.9999130786193946,0.9449782123117727,pass,Target motion visible; no clear persistent extra target in sampled frames,"0,8,16,24,32,40,48",morpheus/videos/video_0316.mp4
cog,double_pendulum,937,plain_double_pendulum_s937,cog,cog_base_text_8fps_to24fps,plain,False,True,0.9940177453681827,0.4722023341374516,0.9940177453681827,0.4722023341374516,0.0,0.0,uncertain,"Two large purple shapes develop around original rods with thin residual rod traces; deformation, afterimages and occlusion prevent confident independent target count.",0-48,morpheus/videos/video_0317.mp4
h3,rolling_empty_can,1888,plain_rolling_empty_can_s1888,h3,native_interface_adapted,plain,False,False,0.9872726888096557,0.5141228759640322,0.9872726888096557,0.5141228759640322,0.9872726888096557,0.5141228759640322,pass,Target motion visible; no clear persistent extra target in sampled frames,"0,8,16,24,32,40,48",morpheus/videos/video_0318.mp4
h3,collision_big_hits_small,937,plain_collision_big_hits_small_s937,h3,native_interface_adapted,plain,False,False,0.999781972515622,0.9892843430031719,0.999781972515622,0.9892843430031719,0.999781972515622,0.9892843430031719,pass,Target motion visible; no clear persistent extra target in sampled frames,"0,8,16,24,32,40,48",morpheus/videos/video_0319.mp4
official_phyco,bouncing_ball,937,plain_bouncing_ball_s937,phyco_corrected,native_phyco_corrected_matched_inputs,plain,False,False,0.7235843593388727,0.7830575676704098,0.7235843593388727,0.7830575676704098,0.7235843593388727,0.7830575676704098,pass,A single orange ball rises and falls with a nearby dark shadow. The dark patch does not establish an additional independent target.,0-48,morpheus/videos/video_0320.mp4
wan,falling_marker,5318,plain_falling_marker_s5318,wan,wan_base_numeric_text,plain,True,False,0.0,0.0,0.0,0.7570577765302097,0.0,0.0,reject,All original targets are visually stationary across frames 0-48; anonymous trajectory spans 0.00278625 of the image diagonal are all <= 0.01. Background changes or unrelated moving objects do not constitute target motion.,0-48,morpheus/videos/video_0321.mp4
phantom,falling_tape,937,plain_falling_tape_s937,phantom,native_interface_adapted,plain,False,False,0.9931191579105854,0.8598106310599244,0.9931191579105854,0.8598106310599244,0.9931191579105854,0.8598106310599244,pass,Target motion visible; no clear persistent extra target in sampled frames,"0,8,16,24,32,40,48",morpheus/videos/video_0322.mp4
official_phyco,collision_big_hits_small,1888,plain_collision_big_hits_small_s1888,phyco_corrected,native_phyco_corrected_matched_inputs,plain,True,False,0.0,0.0,0.12969278785846283,0.7154825175905627,0.0,0.0,uncertain,Enlarged dark sphere and attached dark region overlap initial sphere position; dark region may be a shadow and original target continuity is ambiguous.,0-48,morpheus/videos/video_0323.mp4
cog,rolling_full_can,1888,plain_rolling_full_can_s1888,cog,cog_base_text_8fps_to24fps,plain,False,False,0.9945754352487495,0.6081990501798571,0.9945754352487495,0.6081990501798571,0.9945754352487495,0.6081990501798571,pass,Target motion visible; no clear persistent extra target in sampled frames,"0,8,16,24,32,40,48",morpheus/videos/video_0324.mp4
phantom,falling_marker,937,plain_falling_marker_s937,phantom,native_interface_adapted,plain,True,False,0.0,0.0,0.0,0.8605246842360308,0.0,0.0,reject,All original targets are visually stationary across frames 0-48; anonymous trajectory spans 0.00156791 of the image diagonal are all <= 0.01. Background changes or unrelated moving objects do not constitute target motion.,0-48,morpheus/videos/video_0325.mp4
cog,rolling_empty_can,937,plain_rolling_empty_can_s937,cog,cog_base_text_8fps_to24fps,plain,False,False,0.9904108635233236,0.7084696426657461,0.9904108635233236,0.7084696426657461,0.9904108635233236,0.7084696426657461,pass,"Full-frame visual review confirms one identifiable original target without a persistent additional copy. Anonymous trajectory span 0.01825812 of the image diagonal exceeds the 0.01 static threshold; limited scene-relative motion, deformation, or camera movement alone is not a rejection condition.",0-48,morpheus/videos/video_0326.mp4
force,collision_big_hits_small,937,plain_collision_big_hits_small_s937,force,native_point_force,plain,True,False,0.0,0.0,0.6186569054631039,0.9799708510620313,0.0,0.0,reject,Additional large sphere enters from left in frames 21-26 while both original smaller targets remain independently visible on ruler.,0-48,morpheus/videos/video_0327.mp4
h3,falling_apple,5318,plain_falling_apple_s5318,h3,native_interface_adapted,plain,False,False,0.9931806319378281,0.7829149035428454,0.9931806319378281,0.7829149035428454,0.9931806319378281,0.7829149035428454,pass,Target motion visible; no clear persistent extra target in sampled frames,"0,8,16,24,32,40,48",morpheus/videos/video_0328.mp4
cog,falling_apple,1888,plain_falling_apple_s1888,cog,cog_base_text_8fps_to24fps,plain,False,False,0.9537833601193294,0.8241561351805554,0.9537833601193294,0.8241561351805554,0.9537833601193294,0.8241561351805554,pass,Target motion visible; no clear persistent extra target in sampled frames,"0,8,16,24,32,40,48",morpheus/videos/video_0329.mp4
phantom,projectile,1888,plain_projectile_s1888,phantom,native_interface_adapted,plain,True,False,0.0,0.0,0.7959105253802427,0.9163953671589673,0.0,0.0,reject,"The original small projectile remains above the launcher throughout the clip while an additional larger ball descends from the upper frame and then rolls across the tabletop, clearly coexisting in frames 3-40.",0-48,morpheus/videos/video_0330.mp4
phantom,collision_big_hits_small,1888,plain_collision_big_hits_small_s1888,phantom,native_interface_adapted,plain,False,False,0.9997828939808437,0.9819718707429095,0.9997828939808437,0.9819718707429095,0.9997828939808437,0.9819718707429095,pass,Target motion visible; no clear persistent extra target in sampled frames,"0,8,16,24,32,40,48",morpheus/videos/video_0331.mp4
phantom,falling_tape,5318,plain_falling_tape_s5318,phantom,native_interface_adapted,plain,False,False,0.9953339028822428,0.9029228279531937,0.9953339028822428,0.9029228279531937,0.9953339028822428,0.9029228279531937,pass,Target motion visible; no clear persistent extra target in sampled frames,"0,8,16,24,32,40,48",morpheus/videos/video_0332.mp4
h3,holonomic_pendulum,937,plain_holonomic_pendulum_s937,h3,native_interface_adapted,plain,False,False,0.7767982552111237,0.5404356485306185,0.7767982552111237,0.5404356485306185,0.7767982552111237,0.5404356485306185,pass,Target motion visible; no clear persistent extra target in sampled frames,"0,8,16,24,32,40,48",morpheus/videos/video_0333.mp4
wan,bouncing_ball,1888,plain_bouncing_ball_s1888,wan,wan_base_numeric_text,plain,True,False,0.0,0.0,0.0,0.832461220913079,0.0,0.0,reject,All original targets are visually stationary across frames 0-48; anonymous trajectory spans 0.00853921 of the image diagonal are all <= 0.01. Background changes or unrelated moving objects do not constitute target motion.,0-48,morpheus/videos/video_0334.mp4
h3,bouncing_ball,937,plain_bouncing_ball_s937,h3,native_interface_adapted,plain,False,False,0.8691382360870351,0.8817643326956194,0.8691382360870351,0.8817643326956194,0.8691382360870351,0.8817643326956194,pass,Target motion visible; no clear persistent extra target in sampled frames,"0,8,16,24,32,40,48",morpheus/videos/video_0335.mp4
cog,sliding_book,937,plain_sliding_book_s937,cog,cog_base_text_8fps_to24fps,plain,False,False,0.9597215679226525,0.1625399642318185,0.9597215679226525,0.1625399642318185,0.9597215679226525,0.1625399642318185,pass,Target motion visible; no clear persistent extra target in sampled frames,"0,8,16,24,32,40,48",morpheus/videos/video_0336.mp4
cog,rolling_empty_can,1888,plain_rolling_empty_can_s1888,cog,cog_base_text_8fps_to24fps,plain,False,False,0.9955716094769673,0.5098106845699475,0.9955716094769673,0.5098106845699475,0.9955716094769673,0.5098106845699475,pass,Target motion visible; no clear persistent extra target in sampled frames,"0,8,16,24,32,40,48",morpheus/videos/video_0337.mp4
cog,falling_ball,5318,plain_falling_ball_s5318,cog,cog_base_text_8fps_to24fps,plain,False,False,0.9843046013700077,0.8462222628022257,0.9843046013700077,0.8462222628022257,0.9843046013700077,0.8462222628022257,pass,Target motion visible; no clear persistent extra target in sampled frames,"0,8,16,24,32,40,48",morpheus/videos/video_0338.mp4
cog,holonomic_pendulum,1888,plain_holonomic_pendulum_s1888,cog,cog_base_text_8fps_to24fps,plain,False,False,0.9234000149027685,0.5661541056807537,0.9234000149027685,0.5661541056807537,0.9234000149027685,0.5661541056807537,pass,Target motion visible; no clear persistent extra target in sampled frames,"0,8,16,24,32,40,48",morpheus/videos/video_0339.mp4
cog,falling_tape,937,plain_falling_tape_s937,cog,cog_base_text_8fps_to24fps,plain,False,False,0.9720641353938427,0.6072037401040361,0.9720641353938427,0.6072037401040361,0.9720641353938427,0.6072037401040361,pass,"A single tape target visibly descends and deforms into an irregular folded shape before reaching the tabletop. Deformation alone is not a rejection condition, and no persistent additional independent tape target is confirmed.",0-48,morpheus/videos/video_0340.mp4
cog,rolling_orange,937,plain_rolling_orange_s937,cog,cog_base_text_8fps_to24fps,plain,False,False,0.9914614015614303,0.4840944100887125,0.9914614015614303,0.4840944100887125,0.9914614015614303,0.4840944100887125,pass,Target motion visible; no clear persistent extra target in sampled frames,"0,8,16,24,32,40,48",morpheus/videos/video_0341.mp4
wan,collision_equal,1888,plain_collision_equal_s1888,wan,wan_base_numeric_text,plain,False,False,0.8398255559633646,0.9812369979848508,0.8398255559633646,0.9812369979848508,0.8398255559633646,0.9812369979848508,pass,"Original targets remain identifiable without a confirmed persistent extra copy. Anonymous trajectory spans 0.03040538, 0.02878326 of the image diagonal exceed the 0.01 static threshold; limited motion or camera-correlated movement is not an allowed rejection reason.",0-48,morpheus/videos/video_0342.mp4
cog,collision_equal,5318,plain_collision_equal_s5318,cog,cog_base_text_8fps_to24fps,plain,True,False,0.0,0.0,0.6832573259441347,0.9325332312657535,0.0,0.0,reject,"From frames 35-48 two large foreground spheres coexist with the original small right sphere still on the ruler, exceeding the initial two targets.",0-48,morpheus/videos/video_0343.mp4
cog,falling_marker,1888,plain_falling_marker_s1888,cog,cog_base_text_8fps_to24fps,plain,False,True,0.22537441004612224,0.6402688811330697,0.22537441004612224,0.6402688811330697,0.0,0.0,uncertain,Camera movement and scene deformation obscure the thin original upper marker while cyan tabletop pieces move. Marker continuity and an additional independent marker cannot be established.,0-48,morpheus/videos/video_0344.mp4
wan,collision_small_hits_big,5318,plain_collision_small_hits_big_s5318,wan,wan_base_numeric_text,plain,True,False,0.0,0.0,0.7815990543601465,0.99706610620656,0.0,0.0,reject,"All original targets are visually stationary across frames 0-48; anonymous trajectory spans 0.0009875, 0.001088 of the image diagonal are all <= 0.01. Background changes or unrelated moving objects do not constitute target motion.",0-48,morpheus/videos/video_0345.mp4
cog,collision_small_hits_big,937,plain_collision_small_hits_big_s937,cog,cog_base_text_8fps_to24fps,plain,True,False,0.0,0.0,0.5196018367989527,0.9729469348807345,0.0,0.0,uncertain,The original left target leaves the image early before the later enlarged sphere enters from the right. Simultaneous persistence of three independent targets is not confirmed.,0-48,morpheus/videos/video_0346.mp4
wan,rolling_orange,937,plain_rolling_orange_s937,wan,wan_base_numeric_text,plain,False,True,0.927993452604409,0.3483462523106441,0.927993452604409,0.3483462523106441,0.0,0.0,uncertain,Orange moves continuously but at end becomes several orange/brown shapes beside support; fragmentation versus target identity unresolved,0-48,morpheus/videos/video_0347.mp4
h3,double_pendulum,1888,plain_double_pendulum_s1888,h3,native_interface_adapted,plain,False,False,0.9992900516954251,0.7709540333952709,0.9992900516954251,0.7709540333952709,0.9992900516954251,0.7709540333952709,pass,Target motion visible; no clear persistent extra target in sampled frames,"0,8,16,24,32,40,48",morpheus/videos/video_0348.mp4
cog,projectile,937,plain_projectile_s937,cog,cog_base_text_8fps_to24fps,plain,False,False,0.6868616234732582,0.6125376708379294,0.6868616234732582,0.6125376708379294,0.6868616234732582,0.6125376708379294,pass,Target motion visible; no clear persistent extra target in sampled frames,"0,8,16,24,32,40,48",morpheus/videos/video_0349.mp4
official_phyco,collision_equal,937,plain_collision_equal_s937,phyco_corrected,native_phyco_corrected_matched_inputs,plain,False,True,0.9920552805278261,0.7542924613129439,0.9920552805278261,0.7542924613129439,0.0,0.0,uncertain,Two enlarged spheres emerge below the ruler and overlap the original target regions. Original targets cannot be tracked separately with sufficient confidence to distinguish enlargement from additional copies.,0-48,morpheus/videos/video_0350.mp4
h3,sliding_book,937,plain_sliding_book_s937,h3,native_interface_adapted,plain,False,False,0.9898600093044367,0.3901630238258354,0.9898600093044367,0.3901630238258354,0.9898600093044367,0.3901630238258354,pass,Target motion visible; no clear persistent extra target in sampled frames,"0,8,16,24,32,40,48",morpheus/videos/video_0351.mp4
force,collision_small_hits_big,937,plain_collision_small_hits_big_s937,force,native_point_force,plain,True,False,0.0,0.0,0.9709533135025675,0.7921096721052283,0.0,0.0,reject,An additional large sphere enters from the left while both original small spheres remain separately visible on the ruler in frames 15-20; later a second enlarged sphere also appears.,0-48,morpheus/videos/video_0352.mp4
official_phyco,collision_equal,5318,plain_collision_equal_s5318,phyco_corrected,native_phyco_corrected_matched_inputs,plain,False,True,0.573018708883791,0.93502770760032,0.573018708883791,0.93502770760032,0.0,0.0,uncertain,"The right original sphere enlarges and moves below the ruler, followed by a second sphere below the left side. The original small targets cannot be independently identified as persisting after this transition, so additional copies are not confirmed.",0-48,morpheus/videos/video_0353.mp4
official_phyco,bouncing_ball,5318,plain_bouncing_ball_s5318,phyco_corrected,native_phyco_corrected_matched_inputs,plain,False,False,0.6830038712056428,0.8116943338336884,0.6830038712056428,0.8116943338336884,0.6830038712056428,0.8116943338336884,pass,A single identifiable orange ball moves up and down across the scene. A small adjacent dark patch is not sufficient evidence of a duplicate ball.,0-48,morpheus/videos/video_0354.mp4
cog,falling_tape,5318,plain_falling_tape_s5318,cog,cog_base_text_8fps_to24fps,plain,False,False,0.9286309676860787,0.8124816991272604,0.9286309676860787,0.8124816991272604,0.9286309676860787,0.8124816991272604,pass,"The single tape target visibly changes position and descends through the clip. Its shape and orientation change, without a confirmed persistent second target.",0-48,morpheus/videos/video_0355.mp4
h3,rolling_full_can,5318,plain_rolling_full_can_s5318,h3,native_interface_adapted,plain,False,False,0.9948767496346222,0.26690922806628414,0.9948767496346222,0.26690922806628414,0.9948767496346222,0.26690922806628414,pass,Target motion visible; no clear persistent extra target in sampled frames,"0,8,16,24,32,40,48",morpheus/videos/video_0356.mp4
cog,double_pendulum,1888,plain_double_pendulum_s1888,cog,cog_base_text_8fps_to24fps,plain,False,True,0.9981803415575996,0.6649974631111379,0.9981803415575996,0.6649974631111379,0.0,0.0,uncertain,"Large purple and orange structures deform, split, and occlude the original pendulum rods. The original targets cannot be followed separately with sufficient confidence to distinguish persistent copies from deformation or occlusion.",0-48,morpheus/videos/video_0357.mp4
cog,collision_equal,1888,plain_collision_equal_s1888,cog,cog_base_text_8fps_to24fps,plain,True,False,0.0,0.0,0.836602022804166,0.9845717683494093,0.0,0.0,reject,Both original small spheres remain visible on the ruler while an additional enlarged reflective sphere enters from the left and persists in frames 9-20. Later occlusion does not remove the earlier simultaneous extra target.,0-48,morpheus/videos/video_0358.mp4
h3,bouncing_ball,1888,plain_bouncing_ball_s1888,h3,native_interface_adapted,plain,False,False,0.8490058636106592,0.9090584629293077,0.8490058636106592,0.9090584629293077,0.8490058636106592,0.9090584629293077,pass,Target motion visible; no clear persistent extra target in sampled frames,"0,8,16,24,32,40,48",morpheus/videos/video_0359.mp4
force,bouncing_ball,937,plain_bouncing_ball_s937,cog,shared_cog_base_no_F_control_branch_off,plain,True,False,0.0,0.0,0.8749823279449487,0.7434013952199304,0.0,0.0,reject,Single ball splits into two separate orange balls persistently over frames 27-41,0-48,morpheus/videos/video_0249.mp4
force,bouncing_ball,1888,plain_bouncing_ball_s1888,cog,shared_cog_base_no_F_control_branch_off,plain,False,False,0.0,0.7441750140916049,0.0,0.7441750140916049,0.0,0.7441750140916049,pass,Target motion visible; no clear persistent extra target in sampled frames,"0,8,16,24,32,40,48",morpheus/videos/video_0216.mp4
force,bouncing_ball,5318,plain_bouncing_ball_s5318,cog,shared_cog_base_no_F_control_branch_off,plain,False,False,0.0,0.8751534119983244,0.0,0.8751534119983244,0.0,0.8751534119983244,pass,Target motion visible; no clear persistent extra target in sampled frames,"0,8,16,24,32,40,48",morpheus/videos/video_0285.mp4
wan,double_pendulum,937,plain_double_pendulum_s937_wan_base,wan_base,shared_wan_base_control_branch_off,plain,False,True,0.7680079489946365,0.5997653860777898,0.7680079489946365,0.5997653860777898,0.0,0.0,,,,morpheus/videos/video_0141.mp4
phantom,double_pendulum,937,plain_double_pendulum_s937_wan_base,wan_base,shared_wan_base_control_branch_off,plain,False,True,0.7680079489946365,0.5997653860777898,0.7680079489946365,0.5997653860777898,0.0,0.0,,,,morpheus/videos/video_0141.mp4
force,double_pendulum,937,plain_double_pendulum_s937,cog,shared_cog_base_no_F_control_branch_off,plain,False,True,0.9940177453681827,0.4722023341374516,0.9940177453681827,0.4722023341374516,0.0,0.0,uncertain,"Two large purple shapes develop around original rods with thin residual rod traces; deformation, afterimages and occlusion prevent confident independent target count.",0-48,morpheus/videos/video_0317.mp4
wan,double_pendulum,1888,plain_double_pendulum_s1888_wan_base,wan_base,shared_wan_base_control_branch_off,plain,False,True,0.9769876003265381,0.7322405935353704,0.9769876003265381,0.7322405935353704,0.0,0.0,,,,morpheus/videos/video_0134.mp4
phantom,double_pendulum,1888,plain_double_pendulum_s1888_wan_base,wan_base,shared_wan_base_control_branch_off,plain,False,True,0.9769876003265381,0.7322405935353704,0.9769876003265381,0.7322405935353704,0.0,0.0,,,,morpheus/videos/video_0134.mp4
force,double_pendulum,1888,plain_double_pendulum_s1888,cog,shared_cog_base_no_F_control_branch_off,plain,False,True,0.9981803415575996,0.6649974631111379,0.9981803415575996,0.6649974631111379,0.0,0.0,uncertain,"Large purple and orange structures deform, split, and occlude the original pendulum rods. The original targets cannot be followed separately with sufficient confidence to distinguish persistent copies from deformation or occlusion.",0-48,morpheus/videos/video_0357.mp4
wan,double_pendulum,5318,plain_double_pendulum_s5318_wan_base,wan_base,shared_wan_base_control_branch_off,plain,False,True,0.9806632995605469,0.7644712513193762,0.9806632995605469,0.7644712513193762,0.0,0.0,,,,morpheus/videos/video_0143.mp4
phantom,double_pendulum,5318,plain_double_pendulum_s5318_wan_base,wan_base,shared_wan_base_control_branch_off,plain,False,True,0.9806632995605469,0.7644712513193762,0.9806632995605469,0.7644712513193762,0.0,0.0,,,,morpheus/videos/video_0143.mp4
force,double_pendulum,5318,plain_double_pendulum_s5318,cog,shared_cog_base_no_F_control_branch_off,plain,True,False,0.0,0.0,0.9929937184788287,0.5386896920553,0.0,0.0,uncertain,A large deforming colored structure covers original pendulum rods from frame 3; enlargement and occlusion prevent reliable target-count determination.,0-48,morpheus/videos/video_0179.mp4
force,falling_apple,937,plain_falling_apple_s937,cog,shared_cog_base_no_F_control_branch_off,plain,False,True,0.979903283315489,0.7593386010321606,0.979903283315489,0.7593386010321606,0.0,0.0,uncertain,"The apple descends visibly, becomes indistinguishable in frames 27-32, reappears in frames 33-38, then disappears within the scene. Continuity versus temporary occlusion or deformation is unresolved; a persistent additional apple is not confirmed.",0-48,morpheus/videos/video_0154.mp4
force,falling_apple,1888,plain_falling_apple_s1888,cog,shared_cog_base_no_F_control_branch_off,plain,False,False,0.9537833601193294,0.8241561351805554,0.9537833601193294,0.8241561351805554,0.9537833601193294,0.8241561351805554,pass,Target motion visible; no clear persistent extra target in sampled frames,"0,8,16,24,32,40,48",morpheus/videos/video_0329.mp4
force,falling_apple,5318,plain_falling_apple_s5318,cog,shared_cog_base_no_F_control_branch_off,plain,False,False,0.0,0.8358878220206823,0.0,0.8358878220206823,0.0,0.8358878220206823,pass,Target motion visible; no clear persistent extra target in sampled frames,"0,8,16,24,32,40,48",morpheus/videos/video_0174.mp4
force,falling_ball,937,plain_falling_ball_s937,cog,shared_cog_base_no_F_control_branch_off,plain,False,False,0.9889425745930025,0.6159167332111767,0.9889425745930025,0.6159167332111767,0.9889425745930025,0.6159167332111767,pass,Target motion visible; no clear persistent extra target in sampled frames,"0,8,16,24,32,40,48",morpheus/videos/video_0229.mp4
force,falling_ball,1888,plain_falling_ball_s1888,cog,shared_cog_base_no_F_control_branch_off,plain,True,False,0.0,0.0,0.9725146948548956,0.6331083405743367,0.0,0.0,reject,Large new ball rises from lower edge while original small falling ball stays visible over frames12-39,0-48,morpheus/videos/video_0193.mp4
force,falling_ball,5318,plain_falling_ball_s5318,cog,shared_cog_base_no_F_control_branch_off,plain,False,False,0.9843046013700077,0.8462222628022257,0.9843046013700077,0.8462222628022257,0.9843046013700077,0.8462222628022257,pass,Target motion visible; no clear persistent extra target in sampled frames,"0,8,16,24,32,40,48",morpheus/videos/video_0338.mp4
force,falling_marker,937,plain_falling_marker_s937,cog,shared_cog_base_no_F_control_branch_off,plain,False,False,0.0,0.8065477979708021,0.0,0.8065477979708021,0.0,0.8065477979708021,pass,"The marker remains identifiable while camera framing shifts. Its anonymous trajectory span is 0.023278 of the image diagonal, above the 0.01 static threshold; no persistent duplicate is confirmed.",0-48,morpheus/videos/video_0205.mp4
force,falling_marker,1888,plain_falling_marker_s1888,cog,shared_cog_base_no_F_control_branch_off,plain,False,True,0.22537441004612224,0.6402688811330697,0.22537441004612224,0.6402688811330697,0.0,0.0,uncertain,Camera movement and scene deformation obscure the thin original upper marker while cyan tabletop pieces move. Marker continuity and an additional independent marker cannot be established.,0-48,morpheus/videos/video_0344.mp4
force,falling_marker,5318,plain_falling_marker_s5318,cog,shared_cog_base_no_F_control_branch_off,plain,False,True,0.0,0.7057491292655268,0.0,0.7057491292655268,0.0,0.0,uncertain,Original thin marker shifts toward and beyond upper edge with camera motion while unrelated tabletop objects move; target motion versus camera displacement is unresolved and tracker span is above 1 percent.,0-48,morpheus/videos/video_0278.mp4
force,falling_tape,937,plain_falling_tape_s937,cog,shared_cog_base_no_F_control_branch_off,plain,False,False,0.9720641353938427,0.6072037401040361,0.9720641353938427,0.6072037401040361,0.9720641353938427,0.6072037401040361,pass,"A single tape target visibly descends and deforms into an irregular folded shape before reaching the tabletop. Deformation alone is not a rejection condition, and no persistent additional independent tape target is confirmed.",0-48,morpheus/videos/video_0340.mp4
force,falling_tape,1888,plain_falling_tape_s1888,cog,shared_cog_base_no_F_control_branch_off,plain,False,False,0.0,0.6963351852679412,0.0,0.6963351852679412,0.0,0.6963351852679412,pass,"The tape remains identifiable as the camera and scene shift, and its anonymous trajectory span is 0.077515 of the image diagonal, above the 0.01 static threshold. No persistent additional tape is confirmed.",0-48,morpheus/videos/video_0241.mp4
force,falling_tape,5318,plain_falling_tape_s5318,cog,shared_cog_base_no_F_control_branch_off,plain,False,False,0.9286309676860787,0.8124816991272604,0.9286309676860787,0.8124816991272604,0.9286309676860787,0.8124816991272604,pass,"The single tape target visibly changes position and descends through the clip. Its shape and orientation change, without a confirmed persistent second target.",0-48,morpheus/videos/video_0355.mp4
wan,holonomic_pendulum,937,plain_holonomic_pendulum_s937_wan_base,wan_base,shared_wan_base_control_branch_off,plain,False,False,0.5989860793506504,0.975867091938568,0.5989860793506504,0.975867091938568,0.5989860793506504,0.975867091938568,,,,morpheus/videos/video_0144.mp4
phantom,holonomic_pendulum,937,plain_holonomic_pendulum_s937_wan_base,wan_base,shared_wan_base_control_branch_off,plain,False,False,0.5989860793506504,0.975867091938568,0.5989860793506504,0.975867091938568,0.5989860793506504,0.975867091938568,,,,morpheus/videos/video_0144.mp4
force,holonomic_pendulum,937,plain_holonomic_pendulum_s937,cog,shared_cog_base_no_F_control_branch_off,plain,True,False,0.0,0.0,0.8955644636171862,0.4492422588962927,0.0,0.0,reject,"An additional blue sphere coexists with the original orange pendulum target repeatedly, including clearly separated targets in frames 24-29 and 33-38, rather than a single target merely changing size.",0-48,morpheus/videos/video_0196.mp4
wan,holonomic_pendulum,1888,plain_holonomic_pendulum_s1888_wan_base,wan_base,shared_wan_base_control_branch_off,plain,False,False,0.8482515507750265,0.950231560822092,0.8482515507750265,0.950231560822092,0.8482515507750265,0.950231560822092,,,,morpheus/videos/video_0137.mp4
phantom,holonomic_pendulum,1888,plain_holonomic_pendulum_s1888_wan_base,wan_base,shared_wan_base_control_branch_off,plain,False,False,0.8482515507750265,0.950231560822092,0.8482515507750265,0.950231560822092,0.8482515507750265,0.950231560822092,,,,morpheus/videos/video_0137.mp4
force,holonomic_pendulum,1888,plain_holonomic_pendulum_s1888,cog,shared_cog_base_no_F_control_branch_off,plain,False,False,0.9234000149027685,0.5661541056807537,0.9234000149027685,0.5661541056807537,0.9234000149027685,0.5661541056807537,pass,Target motion visible; no clear persistent extra target in sampled frames,"0,8,16,24,32,40,48",morpheus/videos/video_0339.mp4
wan,holonomic_pendulum,5318,plain_holonomic_pendulum_s5318_wan_base,wan_base,shared_wan_base_control_branch_off,plain,False,False,0.7036356823061971,0.9838146531567246,0.7036356823061971,0.9838146531567246,0.7036356823061971,0.9838146531567246,,,,morpheus/videos/video_0131.mp4
phantom,holonomic_pendulum,5318,plain_holonomic_pendulum_s5318_wan_base,wan_base,shared_wan_base_control_branch_off,plain,False,False,0.7036356823061971,0.9838146531567246,0.7036356823061971,0.9838146531567246,0.7036356823061971,0.9838146531567246,,,,morpheus/videos/video_0131.mp4
force,holonomic_pendulum,5318,plain_holonomic_pendulum_s5318,cog,shared_cog_base_no_F_control_branch_off,plain,False,False,0.9388005932693567,0.9042373366926314,0.9388005932693567,0.9042373366926314,0.9388005932693567,0.9042373366926314,pass,Target motion visible; no clear persistent extra target in sampled frames,"0,8,16,24,32,40,48",morpheus/videos/video_0157.mp4
force,rolling_empty_can,937,plain_rolling_empty_can_s937,cog,shared_cog_base_no_F_control_branch_off,plain,False,False,0.9904108635233236,0.7084696426657461,0.9904108635233236,0.7084696426657461,0.9904108635233236,0.7084696426657461,pass,"Full-frame visual review confirms one identifiable original target without a persistent additional copy. Anonymous trajectory span 0.01825812 of the image diagonal exceeds the 0.01 static threshold; limited scene-relative motion, deformation, or camera movement alone is not a rejection condition.",0-48,morpheus/videos/video_0326.mp4
force,rolling_empty_can,1888,plain_rolling_empty_can_s1888,cog,shared_cog_base_no_F_control_branch_off,plain,False,False,0.9955716094769673,0.5098106845699475,0.9955716094769673,0.5098106845699475,0.9955716094769673,0.5098106845699475,pass,Target motion visible; no clear persistent extra target in sampled frames,"0,8,16,24,32,40,48",morpheus/videos/video_0337.mp4
force,rolling_empty_can,5318,plain_rolling_empty_can_s5318,cog,shared_cog_base_no_F_control_branch_off,plain,False,False,0.9955440681279888,0.46094193891822355,0.9955440681279888,0.46094193891822355,0.9955440681279888,0.46094193891822355,pass,Target motion visible; no clear persistent extra target in sampled frames,"0,8,16,24,32,40,48",morpheus/videos/video_0257.mp4
force,rolling_full_can,937,plain_rolling_full_can_s937,cog,shared_cog_base_no_F_control_branch_off,plain,False,False,0.9927940718326635,0.7503505624336019,0.9927940718326635,0.7503505624336019,0.9927940718326635,0.7503505624336019,pass,Target motion visible; no clear persistent extra target in sampled frames,"0,8,16,24,32,40,48",morpheus/videos/video_0225.mp4
force,rolling_full_can,1888,plain_rolling_full_can_s1888,cog,shared_cog_base_no_F_control_branch_off,plain,False,False,0.9945754352487495,0.6081990501798571,0.9945754352487495,0.6081990501798571,0.9945754352487495,0.6081990501798571,pass,Target motion visible; no clear persistent extra target in sampled frames,"0,8,16,24,32,40,48",morpheus/videos/video_0324.mp4
force,rolling_full_can,5318,plain_rolling_full_can_s5318,cog,shared_cog_base_no_F_control_branch_off,plain,False,False,0.9933914330757794,0.31173210309636873,0.9933914330757794,0.31173210309636873,0.9933914330757794,0.31173210309636873,pass,Target motion visible; no clear persistent extra target in sampled frames,"0,8,16,24,32,40,48",morpheus/videos/video_0219.mp4
force,rolling_orange,937,plain_rolling_orange_s937,cog,shared_cog_base_no_F_control_branch_off,plain,False,False,0.9914614015614303,0.4840944100887125,0.9914614015614303,0.4840944100887125,0.9914614015614303,0.4840944100887125,pass,Target motion visible; no clear persistent extra target in sampled frames,"0,8,16,24,32,40,48",morpheus/videos/video_0341.mp4
force,rolling_orange,1888,plain_rolling_orange_s1888,cog,shared_cog_base_no_F_control_branch_off,plain,False,False,0.994593007183351,0.42345073421281476,0.994593007183351,0.42345073421281476,0.994593007183351,0.42345073421281476,pass,Target motion visible; no clear persistent extra target in sampled frames,"0,8,16,24,32,40,48",morpheus/videos/video_0217.mp4
force,rolling_orange,5318,plain_rolling_orange_s5318,cog,shared_cog_base_no_F_control_branch_off,plain,False,False,0.9898138905380167,0.30120218599482357,0.9898138905380167,0.30120218599482357,0.9898138905380167,0.30120218599482357,pass,Target motion visible; no clear persistent extra target in sampled frames,"0,8,16,24,32,40,48",morpheus/videos/video_0187.mp4
force,sliding_book,937,plain_sliding_book_s937,cog,shared_cog_base_no_F_control_branch_off,plain,False,False,0.9597215679226525,0.1625399642318185,0.9597215679226525,0.1625399642318185,0.9597215679226525,0.1625399642318185,pass,Target motion visible; no clear persistent extra target in sampled frames,"0,8,16,24,32,40,48",morpheus/videos/video_0336.mp4
force,sliding_book,1888,plain_sliding_book_s1888,cog,shared_cog_base_no_F_control_branch_off,plain,False,False,0.9924968228147237,0.13677038473708125,0.9924968228147237,0.13677038473708125,0.9924968228147237,0.13677038473708125,pass,Target motion visible; no clear persistent extra target in sampled frames,"0,8,16,24,32,40,48",morpheus/videos/video_0308.mp4
force,sliding_book,5318,plain_sliding_book_s5318,cog,shared_cog_base_no_F_control_branch_off,plain,False,False,0.994046203049466,0.29079557448836685,0.994046203049466,0.29079557448836685,0.994046203049466,0.29079557448836685,pass,Target motion visible; no clear persistent extra target in sampled frames,"0,8,16,24,32,40,48",morpheus/videos/video_0266.mp4
wan,spring,937,plain_spring_s937_wan_base,wan_base,shared_wan_base_control_branch_off,plain,False,True,0.0,0.9615384615387568,0.0,0.9615384615387568,0.0,0.0,,,,morpheus/videos/video_0136.mp4
phantom,spring,937,plain_spring_s937_wan_base,wan_base,shared_wan_base_control_branch_off,plain,False,True,0.0,0.9615384615387568,0.0,0.9615384615387568,0.0,0.0,,,,morpheus/videos/video_0136.mp4
force,spring,937,plain_spring_s937,cog,shared_cog_base_no_F_control_branch_off,plain,False,False,0.0,0.9849543663914795,0.0,0.9849543663914795,0.0,0.9849543663914795,pass,Single spring mass visibly moves; no clear persistent extra target in sampled frames,"0,8,16,24,32,40,48",morpheus/videos/video_0265.mp4
wan,spring,1888,plain_spring_s1888_wan_base,wan_base,shared_wan_base_control_branch_off,plain,False,False,0.0,0.9341461577988526,0.0,0.9341461577988526,0.0,0.9341461577988526,,,,morpheus/videos/video_0142.mp4
phantom,spring,1888,plain_spring_s1888_wan_base,wan_base,shared_wan_base_control_branch_off,plain,False,False,0.0,0.9341461577988526,0.0,0.9341461577988526,0.0,0.9341461577988526,,,,morpheus/videos/video_0142.mp4
force,spring,1888,plain_spring_s1888,cog,shared_cog_base_no_F_control_branch_off,plain,False,False,0.0,0.9524831572316457,0.0,0.9524831572316457,0.0,0.9524831572316457,pass,Single spring mass visibly moves; no clear persistent extra target in sampled frames,"0,8,16,24,32,40,48",morpheus/videos/video_0164.mp4
wan,spring,5318,plain_spring_s5318_wan_base,wan_base,shared_wan_base_control_branch_off,plain,True,False,0.0,0.0,0.0,0.49577307053171105,0.0,0.0,,,,morpheus/videos/video_0145.mp4
phantom,spring,5318,plain_spring_s5318_wan_base,wan_base,shared_wan_base_control_branch_off,plain,True,False,0.0,0.0,0.0,0.49577307053171105,0.0,0.0,,,,morpheus/videos/video_0145.mp4
force,spring,5318,plain_spring_s5318,cog,shared_cog_base_no_F_control_branch_off,plain,False,False,0.0,0.9764720591048085,0.0,0.9764720591048085,0.0,0.9764720591048085,pass,Single spring mass visibly moves; no clear persistent extra target in sampled frames,"0,8,16,24,32,40,48",morpheus/videos/video_0277.mp4
