task_id,benchmark_id,family,model_route,seed,num_frames,fps,num_inference_steps,cfg_scale,sigma_shift,negative_prompt,prompt,h2_prompt,text_prompt,prompt_source,split,condition_summary_json,video,source_video,condition_path
oursop_0001_s43278311,0001,ball-and-block-fall,H2_ADAPTER,43278311,49,24,30,1.2,,,Two pillows on a table and two grabber tools hanging above them from which a brown tennis ball and an orange block are suspended. The grabber tools let go of the ball and block. Static shot with no camera movement.,Two pillows on a table and two grabber tools hanging above them from which a brown tennis ball and an orange block are suspended. The grabber tools let go of the ball and block. Static shot with no camera movement.,Two pillows on a table and two grabber tools hanging above them from which a brown tennis ball and an orange block are suspended. The grabber tools let go of the ball and block. Static shot with no camera movement.,benchmark_op_unmodified,PhysDelta2010_subset,"{""e_edge_kind"": ""support"", ""e_node_encoded"": 0.22360679774997896, ""e_object_edge_raw"": null, ""e_physical"": 0.05, ""e_support_edge_encoded"": 0.22360679774997896, ""force_active_latent_slots"": [], ""force_angle_degrees"": [], ""force_encoded"": null, ""force_object_indices"": [], ""force_raw"": null, ""g_encoded"": 1.0, ""g_physical_m_s2"": 9.8, ""mu"": null}",physicsiq/inputs/0001.png,physicsiq/inputs/0001.png,physicsiq/conditions/condition_0000.pt
oursop_0001_s56382197,0001,ball-and-block-fall,H2_ADAPTER,56382197,49,24,30,1.2,,,Two pillows on a table and two grabber tools hanging above them from which a brown tennis ball and an orange block are suspended. The grabber tools let go of the ball and block. Static shot with no camera movement.,Two pillows on a table and two grabber tools hanging above them from which a brown tennis ball and an orange block are suspended. The grabber tools let go of the ball and block. Static shot with no camera movement.,Two pillows on a table and two grabber tools hanging above them from which a brown tennis ball and an orange block are suspended. The grabber tools let go of the ball and block. Static shot with no camera movement.,benchmark_op_unmodified,PhysDelta2010_subset,"{""e_edge_kind"": ""support"", ""e_node_encoded"": 0.22360679774997896, ""e_object_edge_raw"": null, ""e_physical"": 0.05, ""e_support_edge_encoded"": 0.22360679774997896, ""force_active_latent_slots"": [], ""force_angle_degrees"": [], ""force_encoded"": null, ""force_object_indices"": [], ""force_raw"": null, ""g_encoded"": 1.0, ""g_physical_m_s2"": 9.8, ""mu"": null}",physicsiq/inputs/0001.png,physicsiq/inputs/0001.png,physicsiq/conditions/condition_0000.pt
oursop_0001_s68491523,0001,ball-and-block-fall,H2_ADAPTER,68491523,49,24,30,1.2,,,Two pillows on a table and two grabber tools hanging above them from which a brown tennis ball and an orange block are suspended. The grabber tools let go of the ball and block. Static shot with no camera movement.,Two pillows on a table and two grabber tools hanging above them from which a brown tennis ball and an orange block are suspended. The grabber tools let go of the ball and block. Static shot with no camera movement.,Two pillows on a table and two grabber tools hanging above them from which a brown tennis ball and an orange block are suspended. The grabber tools let go of the ball and block. Static shot with no camera movement.,benchmark_op_unmodified,PhysDelta2010_subset,"{""e_edge_kind"": ""support"", ""e_node_encoded"": 0.22360679774997896, ""e_object_edge_raw"": null, ""e_physical"": 0.05, ""e_support_edge_encoded"": 0.22360679774997896, ""force_active_latent_slots"": [], ""force_angle_degrees"": [], ""force_encoded"": null, ""force_object_indices"": [], ""force_raw"": null, ""g_encoded"": 1.0, ""g_physical_m_s2"": 9.8, ""mu"": null}",physicsiq/inputs/0001.png,physicsiq/inputs/0001.png,physicsiq/conditions/condition_0000.pt
oursop_0002_s43278311,0002,ball-and-block-fall,H2_ADAPTER,43278311,49,24,30,1.2,,,Two pillows on a table and two grabber tools hanging above them from which a brown tennis ball and an orange block are suspended. The grabber tools let go of the ball and block. Static shot with no camera movement.,Two pillows on a table and two grabber tools hanging above them from which a brown tennis ball and an orange block are suspended. The grabber tools let go of the ball and block. Static shot with no camera movement.,Two pillows on a table and two grabber tools hanging above them from which a brown tennis ball and an orange block are suspended. The grabber tools let go of the ball and block. Static shot with no camera movement.,benchmark_op_unmodified,PhysDelta2010_subset,"{""e_edge_kind"": ""support"", ""e_node_encoded"": 0.22360679774997896, ""e_object_edge_raw"": null, ""e_physical"": 0.05, ""e_support_edge_encoded"": 0.22360679774997896, ""force_active_latent_slots"": [], ""force_angle_degrees"": [], ""force_encoded"": null, ""force_object_indices"": [], ""force_raw"": null, ""g_encoded"": 1.0, ""g_physical_m_s2"": 9.8, ""mu"": null}",physicsiq/inputs/0002.png,physicsiq/inputs/0002.png,physicsiq/conditions/condition_0001.pt
oursop_0002_s56382197,0002,ball-and-block-fall,H2_ADAPTER,56382197,49,24,30,1.2,,,Two pillows on a table and two grabber tools hanging above them from which a brown tennis ball and an orange block are suspended. The grabber tools let go of the ball and block. Static shot with no camera movement.,Two pillows on a table and two grabber tools hanging above them from which a brown tennis ball and an orange block are suspended. The grabber tools let go of the ball and block. Static shot with no camera movement.,Two pillows on a table and two grabber tools hanging above them from which a brown tennis ball and an orange block are suspended. The grabber tools let go of the ball and block. Static shot with no camera movement.,benchmark_op_unmodified,PhysDelta2010_subset,"{""e_edge_kind"": ""support"", ""e_node_encoded"": 0.22360679774997896, ""e_object_edge_raw"": null, ""e_physical"": 0.05, ""e_support_edge_encoded"": 0.22360679774997896, ""force_active_latent_slots"": [], ""force_angle_degrees"": [], ""force_encoded"": null, ""force_object_indices"": [], ""force_raw"": null, ""g_encoded"": 1.0, ""g_physical_m_s2"": 9.8, ""mu"": null}",physicsiq/inputs/0002.png,physicsiq/inputs/0002.png,physicsiq/conditions/condition_0001.pt
oursop_0002_s68491523,0002,ball-and-block-fall,H2_ADAPTER,68491523,49,24,30,1.2,,,Two pillows on a table and two grabber tools hanging above them from which a brown tennis ball and an orange block are suspended. The grabber tools let go of the ball and block. Static shot with no camera movement.,Two pillows on a table and two grabber tools hanging above them from which a brown tennis ball and an orange block are suspended. The grabber tools let go of the ball and block. Static shot with no camera movement.,Two pillows on a table and two grabber tools hanging above them from which a brown tennis ball and an orange block are suspended. The grabber tools let go of the ball and block. Static shot with no camera movement.,benchmark_op_unmodified,PhysDelta2010_subset,"{""e_edge_kind"": ""support"", ""e_node_encoded"": 0.22360679774997896, ""e_object_edge_raw"": null, ""e_physical"": 0.05, ""e_support_edge_encoded"": 0.22360679774997896, ""force_active_latent_slots"": [], ""force_angle_degrees"": [], ""force_encoded"": null, ""force_object_indices"": [], ""force_raw"": null, ""g_encoded"": 1.0, ""g_physical_m_s2"": 9.8, ""mu"": null}",physicsiq/inputs/0002.png,physicsiq/inputs/0002.png,physicsiq/conditions/condition_0001.pt
oursop_0003_s43278311,0003,ball-and-block-fall,H2_ADAPTER,43278311,49,24,30,1.2,,,Two pillows on a table and two grabber tools hanging above them from which a brown tennis ball and an orange block are suspended. The grabber tools let go of the ball and block. Static shot with no camera movement.,Two pillows on a table and two grabber tools hanging above them from which a brown tennis ball and an orange block are suspended. The grabber tools let go of the ball and block. Static shot with no camera movement.,Two pillows on a table and two grabber tools hanging above them from which a brown tennis ball and an orange block are suspended. The grabber tools let go of the ball and block. Static shot with no camera movement.,benchmark_op_unmodified,PhysDelta2010_subset,"{""e_edge_kind"": ""support"", ""e_node_encoded"": 0.22360679774997896, ""e_object_edge_raw"": null, ""e_physical"": 0.05, ""e_support_edge_encoded"": 0.22360679774997896, ""force_active_latent_slots"": [], ""force_angle_degrees"": [], ""force_encoded"": null, ""force_object_indices"": [], ""force_raw"": null, ""g_encoded"": 1.0, ""g_physical_m_s2"": 9.8, ""mu"": null}",physicsiq/inputs/0003.png,physicsiq/inputs/0003.png,physicsiq/conditions/condition_0002.pt
oursop_0003_s56382197,0003,ball-and-block-fall,H2_ADAPTER,56382197,49,24,30,1.2,,,Two pillows on a table and two grabber tools hanging above them from which a brown tennis ball and an orange block are suspended. The grabber tools let go of the ball and block. Static shot with no camera movement.,Two pillows on a table and two grabber tools hanging above them from which a brown tennis ball and an orange block are suspended. The grabber tools let go of the ball and block. Static shot with no camera movement.,Two pillows on a table and two grabber tools hanging above them from which a brown tennis ball and an orange block are suspended. The grabber tools let go of the ball and block. Static shot with no camera movement.,benchmark_op_unmodified,PhysDelta2010_subset,"{""e_edge_kind"": ""support"", ""e_node_encoded"": 0.22360679774997896, ""e_object_edge_raw"": null, ""e_physical"": 0.05, ""e_support_edge_encoded"": 0.22360679774997896, ""force_active_latent_slots"": [], ""force_angle_degrees"": [], ""force_encoded"": null, ""force_object_indices"": [], ""force_raw"": null, ""g_encoded"": 1.0, ""g_physical_m_s2"": 9.8, ""mu"": null}",physicsiq/inputs/0003.png,physicsiq/inputs/0003.png,physicsiq/conditions/condition_0002.pt
oursop_0003_s68491523,0003,ball-and-block-fall,H2_ADAPTER,68491523,49,24,30,1.2,,,Two pillows on a table and two grabber tools hanging above them from which a brown tennis ball and an orange block are suspended. The grabber tools let go of the ball and block. Static shot with no camera movement.,Two pillows on a table and two grabber tools hanging above them from which a brown tennis ball and an orange block are suspended. The grabber tools let go of the ball and block. Static shot with no camera movement.,Two pillows on a table and two grabber tools hanging above them from which a brown tennis ball and an orange block are suspended. The grabber tools let go of the ball and block. Static shot with no camera movement.,benchmark_op_unmodified,PhysDelta2010_subset,"{""e_edge_kind"": ""support"", ""e_node_encoded"": 0.22360679774997896, ""e_object_edge_raw"": null, ""e_physical"": 0.05, ""e_support_edge_encoded"": 0.22360679774997896, ""force_active_latent_slots"": [], ""force_angle_degrees"": [], ""force_encoded"": null, ""force_object_indices"": [], ""force_raw"": null, ""g_encoded"": 1.0, ""g_physical_m_s2"": 9.8, ""mu"": null}",physicsiq/inputs/0003.png,physicsiq/inputs/0003.png,physicsiq/conditions/condition_0002.pt
oprem_0007_e0_s43278311,0007,ball-hits-duck,H2_ADAPTER,43278311,49,24,30,1.2,,,A light beige coffee table with a small yellow rubber ducky on it. A mustard yellow couch is in the background. There is a black pipe on one end of the table and a brown tennis ball rolls out of it towards the rubber ducky. Static shot with no camera movement.,A light beige coffee table with a small yellow rubber ducky on it. A mustard yellow couch is in the background. There is a black pipe on one end of the table and a brown tennis ball rolls out of it towards the rubber ducky. Static shot with no camera movement.,A light beige coffee table with a small yellow rubber ducky on it. A mustard yellow couch is in the background. There is a black pipe on one end of the table and a brown tennis ball rolls out of it towards the rubber ducky. Static shot with no camera movement.,benchmark_op_unmodified,PhysDelta2010_subset,,physicsiq/inputs/0007.png,physicsiq/inputs/0007.png,physicsiq/conditions/condition_0003.pt
oprem_0007_e0_s56382197,0007,ball-hits-duck,H2_ADAPTER,56382197,49,24,30,1.2,,,A light beige coffee table with a small yellow rubber ducky on it. A mustard yellow couch is in the background. There is a black pipe on one end of the table and a brown tennis ball rolls out of it towards the rubber ducky. Static shot with no camera movement.,A light beige coffee table with a small yellow rubber ducky on it. A mustard yellow couch is in the background. There is a black pipe on one end of the table and a brown tennis ball rolls out of it towards the rubber ducky. Static shot with no camera movement.,A light beige coffee table with a small yellow rubber ducky on it. A mustard yellow couch is in the background. There is a black pipe on one end of the table and a brown tennis ball rolls out of it towards the rubber ducky. Static shot with no camera movement.,benchmark_op_unmodified,PhysDelta2010_subset,,physicsiq/inputs/0007.png,physicsiq/inputs/0007.png,physicsiq/conditions/condition_0003.pt
oprem_0007_e0_s68491523,0007,ball-hits-duck,H2_ADAPTER,68491523,49,24,30,1.2,,,A light beige coffee table with a small yellow rubber ducky on it. A mustard yellow couch is in the background. There is a black pipe on one end of the table and a brown tennis ball rolls out of it towards the rubber ducky. Static shot with no camera movement.,A light beige coffee table with a small yellow rubber ducky on it. A mustard yellow couch is in the background. There is a black pipe on one end of the table and a brown tennis ball rolls out of it towards the rubber ducky. Static shot with no camera movement.,A light beige coffee table with a small yellow rubber ducky on it. A mustard yellow couch is in the background. There is a black pipe on one end of the table and a brown tennis ball rolls out of it towards the rubber ducky. Static shot with no camera movement.,benchmark_op_unmodified,PhysDelta2010_subset,,physicsiq/inputs/0007.png,physicsiq/inputs/0007.png,physicsiq/conditions/condition_0003.pt
oprem_0008_e0_s43278311,0008,ball-hits-duck,H2_ADAPTER,43278311,49,24,30,1.2,,,A light beige coffee table with a small yellow rubber ducky on it. A mustard yellow couch is in the background. There is a black pipe on one end of the table and a brown tennis ball rolls out of it towards the rubber ducky. Static shot with no camera movement.,A light beige coffee table with a small yellow rubber ducky on it. A mustard yellow couch is in the background. There is a black pipe on one end of the table and a brown tennis ball rolls out of it towards the rubber ducky. Static shot with no camera movement.,A light beige coffee table with a small yellow rubber ducky on it. A mustard yellow couch is in the background. There is a black pipe on one end of the table and a brown tennis ball rolls out of it towards the rubber ducky. Static shot with no camera movement.,benchmark_op_unmodified,PhysDelta2010_subset,,physicsiq/inputs/0008.png,physicsiq/inputs/0008.png,physicsiq/conditions/condition_0004.pt
oprem_0008_e0_s56382197,0008,ball-hits-duck,H2_ADAPTER,56382197,49,24,30,1.2,,,A light beige coffee table with a small yellow rubber ducky on it. A mustard yellow couch is in the background. There is a black pipe on one end of the table and a brown tennis ball rolls out of it towards the rubber ducky. Static shot with no camera movement.,A light beige coffee table with a small yellow rubber ducky on it. A mustard yellow couch is in the background. There is a black pipe on one end of the table and a brown tennis ball rolls out of it towards the rubber ducky. Static shot with no camera movement.,A light beige coffee table with a small yellow rubber ducky on it. A mustard yellow couch is in the background. There is a black pipe on one end of the table and a brown tennis ball rolls out of it towards the rubber ducky. Static shot with no camera movement.,benchmark_op_unmodified,PhysDelta2010_subset,,physicsiq/inputs/0008.png,physicsiq/inputs/0008.png,physicsiq/conditions/condition_0004.pt
oprem_0008_e0_s68491523,0008,ball-hits-duck,H2_ADAPTER,68491523,49,24,30,1.2,,,A light beige coffee table with a small yellow rubber ducky on it. A mustard yellow couch is in the background. There is a black pipe on one end of the table and a brown tennis ball rolls out of it towards the rubber ducky. Static shot with no camera movement.,A light beige coffee table with a small yellow rubber ducky on it. A mustard yellow couch is in the background. There is a black pipe on one end of the table and a brown tennis ball rolls out of it towards the rubber ducky. Static shot with no camera movement.,A light beige coffee table with a small yellow rubber ducky on it. A mustard yellow couch is in the background. There is a black pipe on one end of the table and a brown tennis ball rolls out of it towards the rubber ducky. Static shot with no camera movement.,benchmark_op_unmodified,PhysDelta2010_subset,,physicsiq/inputs/0008.png,physicsiq/inputs/0008.png,physicsiq/conditions/condition_0004.pt
oprem_0009_e0_s43278311,0009,ball-hits-duck,H2_ADAPTER,43278311,49,24,30,1.2,,,A light beige coffee table with a small yellow rubber ducky on it. A mustard yellow couch is in the background. There is a black pipe on one end of the table and a brown tennis ball rolls out of it towards the rubber ducky. Static shot with no camera movement.,A light beige coffee table with a small yellow rubber ducky on it. A mustard yellow couch is in the background. There is a black pipe on one end of the table and a brown tennis ball rolls out of it towards the rubber ducky. Static shot with no camera movement.,A light beige coffee table with a small yellow rubber ducky on it. A mustard yellow couch is in the background. There is a black pipe on one end of the table and a brown tennis ball rolls out of it towards the rubber ducky. Static shot with no camera movement.,benchmark_op_unmodified,PhysDelta2010_subset,,physicsiq/inputs/0009.png,physicsiq/inputs/0009.png,physicsiq/conditions/condition_0005.pt
oprem_0009_e0_s56382197,0009,ball-hits-duck,H2_ADAPTER,56382197,49,24,30,1.2,,,A light beige coffee table with a small yellow rubber ducky on it. A mustard yellow couch is in the background. There is a black pipe on one end of the table and a brown tennis ball rolls out of it towards the rubber ducky. Static shot with no camera movement.,A light beige coffee table with a small yellow rubber ducky on it. A mustard yellow couch is in the background. There is a black pipe on one end of the table and a brown tennis ball rolls out of it towards the rubber ducky. Static shot with no camera movement.,A light beige coffee table with a small yellow rubber ducky on it. A mustard yellow couch is in the background. There is a black pipe on one end of the table and a brown tennis ball rolls out of it towards the rubber ducky. Static shot with no camera movement.,benchmark_op_unmodified,PhysDelta2010_subset,,physicsiq/inputs/0009.png,physicsiq/inputs/0009.png,physicsiq/conditions/condition_0005.pt
oprem_0009_e0_s68491523,0009,ball-hits-duck,H2_ADAPTER,68491523,49,24,30,1.2,,,A light beige coffee table with a small yellow rubber ducky on it. A mustard yellow couch is in the background. There is a black pipe on one end of the table and a brown tennis ball rolls out of it towards the rubber ducky. Static shot with no camera movement.,A light beige coffee table with a small yellow rubber ducky on it. A mustard yellow couch is in the background. There is a black pipe on one end of the table and a brown tennis ball rolls out of it towards the rubber ducky. Static shot with no camera movement.,A light beige coffee table with a small yellow rubber ducky on it. A mustard yellow couch is in the background. There is a black pipe on one end of the table and a brown tennis ball rolls out of it towards the rubber ducky. Static shot with no camera movement.,benchmark_op_unmodified,PhysDelta2010_subset,,physicsiq/inputs/0009.png,physicsiq/inputs/0009.png,physicsiq/conditions/condition_0005.pt
oprem_0010_force_double_s43278311,0010,ball-hits-nothing,H2_ADAPTER,43278311,49,24,30,1.2,,,A light-colored wooden coffee table with a few small objects on it including a tennis ball and a smaller red ball. An orange ball rolls out of a black pipe that is sitting on the table towards the right side. Static shot with no camera movement.,A light-colored wooden coffee table with a few small objects on it including a tennis ball and a smaller red ball. An orange ball rolls out of a black pipe that is sitting on the table towards the right side. Static shot with no camera movement.,A light-colored wooden coffee table with a few small objects on it including a tennis ball and a smaller red ball. An orange ball rolls out of a black pipe that is sitting on the table towards the right side. Static shot with no camera movement.,benchmark_op_unmodified,PhysDelta2010_subset,,physicsiq/inputs/0010.png,physicsiq/inputs/0010.png,physicsiq/conditions/condition_0006.pt
oprem_0010_force_double_s56382197,0010,ball-hits-nothing,H2_ADAPTER,56382197,49,24,30,1.2,,,A light-colored wooden coffee table with a few small objects on it including a tennis ball and a smaller red ball. An orange ball rolls out of a black pipe that is sitting on the table towards the right side. Static shot with no camera movement.,A light-colored wooden coffee table with a few small objects on it including a tennis ball and a smaller red ball. An orange ball rolls out of a black pipe that is sitting on the table towards the right side. Static shot with no camera movement.,A light-colored wooden coffee table with a few small objects on it including a tennis ball and a smaller red ball. An orange ball rolls out of a black pipe that is sitting on the table towards the right side. Static shot with no camera movement.,benchmark_op_unmodified,PhysDelta2010_subset,,physicsiq/inputs/0010.png,physicsiq/inputs/0010.png,physicsiq/conditions/condition_0006.pt
oprem_0010_force_double_s68491523,0010,ball-hits-nothing,H2_ADAPTER,68491523,49,24,30,1.2,,,A light-colored wooden coffee table with a few small objects on it including a tennis ball and a smaller red ball. An orange ball rolls out of a black pipe that is sitting on the table towards the right side. Static shot with no camera movement.,A light-colored wooden coffee table with a few small objects on it including a tennis ball and a smaller red ball. An orange ball rolls out of a black pipe that is sitting on the table towards the right side. Static shot with no camera movement.,A light-colored wooden coffee table with a few small objects on it including a tennis ball and a smaller red ball. An orange ball rolls out of a black pipe that is sitting on the table towards the right side. Static shot with no camera movement.,benchmark_op_unmodified,PhysDelta2010_subset,,physicsiq/inputs/0010.png,physicsiq/inputs/0010.png,physicsiq/conditions/condition_0006.pt
oprem_0011_force_double_s43278311,0011,ball-hits-nothing,H2_ADAPTER,43278311,49,24,30,1.2,,,A light-colored wooden coffee table with a few small objects on it including a tennis ball and a smaller red ball. An orange ball rolls out of a black pipe that is sitting on the table towards the right side. Static shot with no camera movement.,A light-colored wooden coffee table with a few small objects on it including a tennis ball and a smaller red ball. An orange ball rolls out of a black pipe that is sitting on the table towards the right side. Static shot with no camera movement.,A light-colored wooden coffee table with a few small objects on it including a tennis ball and a smaller red ball. An orange ball rolls out of a black pipe that is sitting on the table towards the right side. Static shot with no camera movement.,benchmark_op_unmodified,PhysDelta2010_subset,,physicsiq/inputs/0011.png,physicsiq/inputs/0011.png,physicsiq/conditions/condition_0007.pt
oprem_0011_force_double_s56382197,0011,ball-hits-nothing,H2_ADAPTER,56382197,49,24,30,1.2,,,A light-colored wooden coffee table with a few small objects on it including a tennis ball and a smaller red ball. An orange ball rolls out of a black pipe that is sitting on the table towards the right side. Static shot with no camera movement.,A light-colored wooden coffee table with a few small objects on it including a tennis ball and a smaller red ball. An orange ball rolls out of a black pipe that is sitting on the table towards the right side. Static shot with no camera movement.,A light-colored wooden coffee table with a few small objects on it including a tennis ball and a smaller red ball. An orange ball rolls out of a black pipe that is sitting on the table towards the right side. Static shot with no camera movement.,benchmark_op_unmodified,PhysDelta2010_subset,,physicsiq/inputs/0011.png,physicsiq/inputs/0011.png,physicsiq/conditions/condition_0007.pt
oprem_0011_force_double_s68491523,0011,ball-hits-nothing,H2_ADAPTER,68491523,49,24,30,1.2,,,A light-colored wooden coffee table with a few small objects on it including a tennis ball and a smaller red ball. An orange ball rolls out of a black pipe that is sitting on the table towards the right side. Static shot with no camera movement.,A light-colored wooden coffee table with a few small objects on it including a tennis ball and a smaller red ball. An orange ball rolls out of a black pipe that is sitting on the table towards the right side. Static shot with no camera movement.,A light-colored wooden coffee table with a few small objects on it including a tennis ball and a smaller red ball. An orange ball rolls out of a black pipe that is sitting on the table towards the right side. Static shot with no camera movement.,benchmark_op_unmodified,PhysDelta2010_subset,,physicsiq/inputs/0011.png,physicsiq/inputs/0011.png,physicsiq/conditions/condition_0007.pt
oprem_0012_force_double_s43278311,0012,ball-hits-nothing,H2_ADAPTER,43278311,49,24,30,1.2,,,A light-colored wooden coffee table with a few small objects on it including a tennis ball and a smaller red ball. An orange ball rolls out of a black pipe that is sitting on the table towards the right side. Static shot with no camera movement.,A light-colored wooden coffee table with a few small objects on it including a tennis ball and a smaller red ball. An orange ball rolls out of a black pipe that is sitting on the table towards the right side. Static shot with no camera movement.,A light-colored wooden coffee table with a few small objects on it including a tennis ball and a smaller red ball. An orange ball rolls out of a black pipe that is sitting on the table towards the right side. Static shot with no camera movement.,benchmark_op_unmodified,PhysDelta2010_subset,,physicsiq/inputs/0012.png,physicsiq/inputs/0012.png,physicsiq/conditions/condition_0008.pt
oprem_0012_force_double_s56382197,0012,ball-hits-nothing,H2_ADAPTER,56382197,49,24,30,1.2,,,A light-colored wooden coffee table with a few small objects on it including a tennis ball and a smaller red ball. An orange ball rolls out of a black pipe that is sitting on the table towards the right side. Static shot with no camera movement.,A light-colored wooden coffee table with a few small objects on it including a tennis ball and a smaller red ball. An orange ball rolls out of a black pipe that is sitting on the table towards the right side. Static shot with no camera movement.,A light-colored wooden coffee table with a few small objects on it including a tennis ball and a smaller red ball. An orange ball rolls out of a black pipe that is sitting on the table towards the right side. Static shot with no camera movement.,benchmark_op_unmodified,PhysDelta2010_subset,,physicsiq/inputs/0012.png,physicsiq/inputs/0012.png,physicsiq/conditions/condition_0008.pt
oprem_0012_force_double_s68491523,0012,ball-hits-nothing,H2_ADAPTER,68491523,49,24,30,1.2,,,A light-colored wooden coffee table with a few small objects on it including a tennis ball and a smaller red ball. An orange ball rolls out of a black pipe that is sitting on the table towards the right side. Static shot with no camera movement.,A light-colored wooden coffee table with a few small objects on it including a tennis ball and a smaller red ball. An orange ball rolls out of a black pipe that is sitting on the table towards the right side. Static shot with no camera movement.,A light-colored wooden coffee table with a few small objects on it including a tennis ball and a smaller red ball. An orange ball rolls out of a black pipe that is sitting on the table towards the right side. Static shot with no camera movement.,benchmark_op_unmodified,PhysDelta2010_subset,,physicsiq/inputs/0012.png,physicsiq/inputs/0012.png,physicsiq/conditions/condition_0008.pt
oursop_0013_s43278311,0013,ball-in-basket,H2_ADAPTER,43278311,49,24,30,1.2,,,An orange inflatable basketball is suspended above a black plastic crate placed on a wooden table. The ball is then released. Static shot with no camera movement.,An orange inflatable basketball is suspended above a black plastic crate placed on a wooden table. The ball is then released. Static shot with no camera movement.,An orange inflatable basketball is suspended above a black plastic crate placed on a wooden table. The ball is then released. Static shot with no camera movement.,benchmark_op_unmodified,PhysDelta2010_subset,"{""e_edge_kind"": ""support"", ""e_node_encoded"": 0.9486832980505138, ""e_object_edge_raw"": null, ""e_physical"": 0.9, ""e_support_edge_encoded"": 0.9486832980505138, ""force_active_latent_slots"": [], ""force_angle_degrees"": [], ""force_encoded"": null, ""force_object_indices"": [], ""force_raw"": null, ""g_encoded"": 1.0, ""g_physical_m_s2"": 9.8, ""mu"": null}",physicsiq/inputs/0013.png,physicsiq/inputs/0013.png,physicsiq/conditions/condition_0009.pt
oursop_0013_s56382197,0013,ball-in-basket,H2_ADAPTER,56382197,49,24,30,1.2,,,An orange inflatable basketball is suspended above a black plastic crate placed on a wooden table. The ball is then released. Static shot with no camera movement.,An orange inflatable basketball is suspended above a black plastic crate placed on a wooden table. The ball is then released. Static shot with no camera movement.,An orange inflatable basketball is suspended above a black plastic crate placed on a wooden table. The ball is then released. Static shot with no camera movement.,benchmark_op_unmodified,PhysDelta2010_subset,"{""e_edge_kind"": ""support"", ""e_node_encoded"": 0.9486832980505138, ""e_object_edge_raw"": null, ""e_physical"": 0.9, ""e_support_edge_encoded"": 0.9486832980505138, ""force_active_latent_slots"": [], ""force_angle_degrees"": [], ""force_encoded"": null, ""force_object_indices"": [], ""force_raw"": null, ""g_encoded"": 1.0, ""g_physical_m_s2"": 9.8, ""mu"": null}",physicsiq/inputs/0013.png,physicsiq/inputs/0013.png,physicsiq/conditions/condition_0009.pt
oursop_0013_s68491523,0013,ball-in-basket,H2_ADAPTER,68491523,49,24,30,1.2,,,An orange inflatable basketball is suspended above a black plastic crate placed on a wooden table. The ball is then released. Static shot with no camera movement.,An orange inflatable basketball is suspended above a black plastic crate placed on a wooden table. The ball is then released. Static shot with no camera movement.,An orange inflatable basketball is suspended above a black plastic crate placed on a wooden table. The ball is then released. Static shot with no camera movement.,benchmark_op_unmodified,PhysDelta2010_subset,"{""e_edge_kind"": ""support"", ""e_node_encoded"": 0.9486832980505138, ""e_object_edge_raw"": null, ""e_physical"": 0.9, ""e_support_edge_encoded"": 0.9486832980505138, ""force_active_latent_slots"": [], ""force_angle_degrees"": [], ""force_encoded"": null, ""force_object_indices"": [], ""force_raw"": null, ""g_encoded"": 1.0, ""g_physical_m_s2"": 9.8, ""mu"": null}",physicsiq/inputs/0013.png,physicsiq/inputs/0013.png,physicsiq/conditions/condition_0009.pt
oursop_0014_s43278311,0014,ball-in-basket,H2_ADAPTER,43278311,49,24,30,1.2,,,An orange inflatable basketball is suspended above a black plastic crate placed on a wooden table. The ball is then released. Static shot with no camera movement.,An orange inflatable basketball is suspended above a black plastic crate placed on a wooden table. The ball is then released. Static shot with no camera movement.,An orange inflatable basketball is suspended above a black plastic crate placed on a wooden table. The ball is then released. Static shot with no camera movement.,benchmark_op_unmodified,PhysDelta2010_subset,"{""e_edge_kind"": ""support"", ""e_node_encoded"": 0.9486832980505138, ""e_object_edge_raw"": null, ""e_physical"": 0.9, ""e_support_edge_encoded"": 0.9486832980505138, ""force_active_latent_slots"": [], ""force_angle_degrees"": [], ""force_encoded"": null, ""force_object_indices"": [], ""force_raw"": null, ""g_encoded"": 1.0, ""g_physical_m_s2"": 9.8, ""mu"": null}",physicsiq/inputs/0014.png,physicsiq/inputs/0014.png,physicsiq/conditions/condition_0010.pt
oursop_0014_s56382197,0014,ball-in-basket,H2_ADAPTER,56382197,49,24,30,1.2,,,An orange inflatable basketball is suspended above a black plastic crate placed on a wooden table. The ball is then released. Static shot with no camera movement.,An orange inflatable basketball is suspended above a black plastic crate placed on a wooden table. The ball is then released. Static shot with no camera movement.,An orange inflatable basketball is suspended above a black plastic crate placed on a wooden table. The ball is then released. Static shot with no camera movement.,benchmark_op_unmodified,PhysDelta2010_subset,"{""e_edge_kind"": ""support"", ""e_node_encoded"": 0.9486832980505138, ""e_object_edge_raw"": null, ""e_physical"": 0.9, ""e_support_edge_encoded"": 0.9486832980505138, ""force_active_latent_slots"": [], ""force_angle_degrees"": [], ""force_encoded"": null, ""force_object_indices"": [], ""force_raw"": null, ""g_encoded"": 1.0, ""g_physical_m_s2"": 9.8, ""mu"": null}",physicsiq/inputs/0014.png,physicsiq/inputs/0014.png,physicsiq/conditions/condition_0010.pt
oursop_0014_s68491523,0014,ball-in-basket,H2_ADAPTER,68491523,49,24,30,1.2,,,An orange inflatable basketball is suspended above a black plastic crate placed on a wooden table. The ball is then released. Static shot with no camera movement.,An orange inflatable basketball is suspended above a black plastic crate placed on a wooden table. The ball is then released. Static shot with no camera movement.,An orange inflatable basketball is suspended above a black plastic crate placed on a wooden table. The ball is then released. Static shot with no camera movement.,benchmark_op_unmodified,PhysDelta2010_subset,"{""e_edge_kind"": ""support"", ""e_node_encoded"": 0.9486832980505138, ""e_object_edge_raw"": null, ""e_physical"": 0.9, ""e_support_edge_encoded"": 0.9486832980505138, ""force_active_latent_slots"": [], ""force_angle_degrees"": [], ""force_encoded"": null, ""force_object_indices"": [], ""force_raw"": null, ""g_encoded"": 1.0, ""g_physical_m_s2"": 9.8, ""mu"": null}",physicsiq/inputs/0014.png,physicsiq/inputs/0014.png,physicsiq/conditions/condition_0010.pt
oursop_0015_s43278311,0015,ball-in-basket,H2_ADAPTER,43278311,49,24,30,1.2,,,An orange inflatable basketball is suspended above a black plastic crate placed on a wooden table. The ball is then released. Static shot with no camera movement.,An orange inflatable basketball is suspended above a black plastic crate placed on a wooden table. The ball is then released. Static shot with no camera movement.,An orange inflatable basketball is suspended above a black plastic crate placed on a wooden table. The ball is then released. Static shot with no camera movement.,benchmark_op_unmodified,PhysDelta2010_subset,"{""e_edge_kind"": ""support"", ""e_node_encoded"": 0.9486832980505138, ""e_object_edge_raw"": null, ""e_physical"": 0.9, ""e_support_edge_encoded"": 0.9486832980505138, ""force_active_latent_slots"": [], ""force_angle_degrees"": [], ""force_encoded"": null, ""force_object_indices"": [], ""force_raw"": null, ""g_encoded"": 1.0, ""g_physical_m_s2"": 9.8, ""mu"": null}",physicsiq/inputs/0015.png,physicsiq/inputs/0015.png,physicsiq/conditions/condition_0011.pt
oursop_0015_s56382197,0015,ball-in-basket,H2_ADAPTER,56382197,49,24,30,1.2,,,An orange inflatable basketball is suspended above a black plastic crate placed on a wooden table. The ball is then released. Static shot with no camera movement.,An orange inflatable basketball is suspended above a black plastic crate placed on a wooden table. The ball is then released. Static shot with no camera movement.,An orange inflatable basketball is suspended above a black plastic crate placed on a wooden table. The ball is then released. Static shot with no camera movement.,benchmark_op_unmodified,PhysDelta2010_subset,"{""e_edge_kind"": ""support"", ""e_node_encoded"": 0.9486832980505138, ""e_object_edge_raw"": null, ""e_physical"": 0.9, ""e_support_edge_encoded"": 0.9486832980505138, ""force_active_latent_slots"": [], ""force_angle_degrees"": [], ""force_encoded"": null, ""force_object_indices"": [], ""force_raw"": null, ""g_encoded"": 1.0, ""g_physical_m_s2"": 9.8, ""mu"": null}",physicsiq/inputs/0015.png,physicsiq/inputs/0015.png,physicsiq/conditions/condition_0011.pt
oursop_0015_s68491523,0015,ball-in-basket,H2_ADAPTER,68491523,49,24,30,1.2,,,An orange inflatable basketball is suspended above a black plastic crate placed on a wooden table. The ball is then released. Static shot with no camera movement.,An orange inflatable basketball is suspended above a black plastic crate placed on a wooden table. The ball is then released. Static shot with no camera movement.,An orange inflatable basketball is suspended above a black plastic crate placed on a wooden table. The ball is then released. Static shot with no camera movement.,benchmark_op_unmodified,PhysDelta2010_subset,"{""e_edge_kind"": ""support"", ""e_node_encoded"": 0.9486832980505138, ""e_object_edge_raw"": null, ""e_physical"": 0.9, ""e_support_edge_encoded"": 0.9486832980505138, ""force_active_latent_slots"": [], ""force_angle_degrees"": [], ""force_encoded"": null, ""force_object_indices"": [], ""force_raw"": null, ""g_encoded"": 1.0, ""g_physical_m_s2"": 9.8, ""mu"": null}",physicsiq/inputs/0015.png,physicsiq/inputs/0015.png,physicsiq/conditions/condition_0011.pt
opref_0016_mu070_s43278311,0016,ball-in-sand,H2_ADAPTER,43278311,49,24,30,1.2,,,A blue grabber tool holds a tennis ball above a pile of green kinetic sand on a wooden table. The grabber then releases the ball. Static shot with no camera movement.,A blue grabber tool holds a tennis ball above a pile of green kinetic sand on a wooden table. The grabber then releases the ball. Static shot with no camera movement.,A blue grabber tool holds a tennis ball above a pile of green kinetic sand on a wooden table. The grabber then releases the ball. Static shot with no camera movement.,benchmark_op_unmodified,PhysDelta2010_subset,,physicsiq/inputs/0016.png,physicsiq/inputs/0016.png,physicsiq/conditions/condition_0012.pt
opref_0016_mu070_s56382197,0016,ball-in-sand,H2_ADAPTER,56382197,49,24,30,1.2,,,A blue grabber tool holds a tennis ball above a pile of green kinetic sand on a wooden table. The grabber then releases the ball. Static shot with no camera movement.,A blue grabber tool holds a tennis ball above a pile of green kinetic sand on a wooden table. The grabber then releases the ball. Static shot with no camera movement.,A blue grabber tool holds a tennis ball above a pile of green kinetic sand on a wooden table. The grabber then releases the ball. Static shot with no camera movement.,benchmark_op_unmodified,PhysDelta2010_subset,,physicsiq/inputs/0016.png,physicsiq/inputs/0016.png,physicsiq/conditions/condition_0012.pt
opref_0016_mu070_s68491523,0016,ball-in-sand,H2_ADAPTER,68491523,49,24,30,1.2,,,A blue grabber tool holds a tennis ball above a pile of green kinetic sand on a wooden table. The grabber then releases the ball. Static shot with no camera movement.,A blue grabber tool holds a tennis ball above a pile of green kinetic sand on a wooden table. The grabber then releases the ball. Static shot with no camera movement.,A blue grabber tool holds a tennis ball above a pile of green kinetic sand on a wooden table. The grabber then releases the ball. Static shot with no camera movement.,benchmark_op_unmodified,PhysDelta2010_subset,,physicsiq/inputs/0016.png,physicsiq/inputs/0016.png,physicsiq/conditions/condition_0012.pt
opref_0017_mu070_s43278311,0017,ball-in-sand,H2_ADAPTER,43278311,49,24,30,1.2,,,A blue grabber tool holds a tennis ball above a pile of green kinetic sand on a wooden table. The grabber then releases the ball. Static shot with no camera movement.,A blue grabber tool holds a tennis ball above a pile of green kinetic sand on a wooden table. The grabber then releases the ball. Static shot with no camera movement.,A blue grabber tool holds a tennis ball above a pile of green kinetic sand on a wooden table. The grabber then releases the ball. Static shot with no camera movement.,benchmark_op_unmodified,PhysDelta2010_subset,,physicsiq/inputs/0017.png,physicsiq/inputs/0017.png,physicsiq/conditions/condition_0013.pt
opref_0017_mu070_s56382197,0017,ball-in-sand,H2_ADAPTER,56382197,49,24,30,1.2,,,A blue grabber tool holds a tennis ball above a pile of green kinetic sand on a wooden table. The grabber then releases the ball. Static shot with no camera movement.,A blue grabber tool holds a tennis ball above a pile of green kinetic sand on a wooden table. The grabber then releases the ball. Static shot with no camera movement.,A blue grabber tool holds a tennis ball above a pile of green kinetic sand on a wooden table. The grabber then releases the ball. Static shot with no camera movement.,benchmark_op_unmodified,PhysDelta2010_subset,,physicsiq/inputs/0017.png,physicsiq/inputs/0017.png,physicsiq/conditions/condition_0013.pt
opref_0017_mu070_s68491523,0017,ball-in-sand,H2_ADAPTER,68491523,49,24,30,1.2,,,A blue grabber tool holds a tennis ball above a pile of green kinetic sand on a wooden table. The grabber then releases the ball. Static shot with no camera movement.,A blue grabber tool holds a tennis ball above a pile of green kinetic sand on a wooden table. The grabber then releases the ball. Static shot with no camera movement.,A blue grabber tool holds a tennis ball above a pile of green kinetic sand on a wooden table. The grabber then releases the ball. Static shot with no camera movement.,benchmark_op_unmodified,PhysDelta2010_subset,,physicsiq/inputs/0017.png,physicsiq/inputs/0017.png,physicsiq/conditions/condition_0013.pt
opref_0018_mu070_s43278311,0018,ball-in-sand,H2_ADAPTER,43278311,49,24,30,1.2,,,A blue grabber tool holds a tennis ball above a pile of green kinetic sand on a wooden table. The grabber then releases the ball. Static shot with no camera movement.,A blue grabber tool holds a tennis ball above a pile of green kinetic sand on a wooden table. The grabber then releases the ball. Static shot with no camera movement.,A blue grabber tool holds a tennis ball above a pile of green kinetic sand on a wooden table. The grabber then releases the ball. Static shot with no camera movement.,benchmark_op_unmodified,PhysDelta2010_subset,,physicsiq/inputs/0018.png,physicsiq/inputs/0018.png,physicsiq/conditions/condition_0014.pt
opref_0018_mu070_s56382197,0018,ball-in-sand,H2_ADAPTER,56382197,49,24,30,1.2,,,A blue grabber tool holds a tennis ball above a pile of green kinetic sand on a wooden table. The grabber then releases the ball. Static shot with no camera movement.,A blue grabber tool holds a tennis ball above a pile of green kinetic sand on a wooden table. The grabber then releases the ball. Static shot with no camera movement.,A blue grabber tool holds a tennis ball above a pile of green kinetic sand on a wooden table. The grabber then releases the ball. Static shot with no camera movement.,benchmark_op_unmodified,PhysDelta2010_subset,,physicsiq/inputs/0018.png,physicsiq/inputs/0018.png,physicsiq/conditions/condition_0014.pt
opref_0018_mu070_s68491523,0018,ball-in-sand,H2_ADAPTER,68491523,49,24,30,1.2,,,A blue grabber tool holds a tennis ball above a pile of green kinetic sand on a wooden table. The grabber then releases the ball. Static shot with no camera movement.,A blue grabber tool holds a tennis ball above a pile of green kinetic sand on a wooden table. The grabber then releases the ball. Static shot with no camera movement.,A blue grabber tool holds a tennis ball above a pile of green kinetic sand on a wooden table. The grabber then releases the ball. Static shot with no camera movement.,benchmark_op_unmodified,PhysDelta2010_subset,,physicsiq/inputs/0018.png,physicsiq/inputs/0018.png,physicsiq/conditions/condition_0014.pt
oprem_0019_mu025_s43278311,0019,ball-ramp,H2_ADAPTER,43278311,49,24,30,1.2,,,A simple ramp made of cardboard propped up by a blue block on a light-colored wooden table. There's a black pipe to the left of the frame and a yellow tennis ball rolls out of the pipe towards the ramp. Static shot with no camera movement.,A simple ramp made of cardboard propped up by a blue block on a light-colored wooden table. There's a black pipe to the left of the frame and a yellow tennis ball rolls out of the pipe towards the ramp. Static shot with no camera movement.,A simple ramp made of cardboard propped up by a blue block on a light-colored wooden table. There's a black pipe to the left of the frame and a yellow tennis ball rolls out of the pipe towards the ramp. Static shot with no camera movement.,benchmark_op_unmodified,PhysDelta2010_subset,,physicsiq/inputs/0019.png,physicsiq/inputs/0019.png,physicsiq/conditions/condition_0015.pt
oprem_0019_mu025_s56382197,0019,ball-ramp,H2_ADAPTER,56382197,49,24,30,1.2,,,A simple ramp made of cardboard propped up by a blue block on a light-colored wooden table. There's a black pipe to the left of the frame and a yellow tennis ball rolls out of the pipe towards the ramp. Static shot with no camera movement.,A simple ramp made of cardboard propped up by a blue block on a light-colored wooden table. There's a black pipe to the left of the frame and a yellow tennis ball rolls out of the pipe towards the ramp. Static shot with no camera movement.,A simple ramp made of cardboard propped up by a blue block on a light-colored wooden table. There's a black pipe to the left of the frame and a yellow tennis ball rolls out of the pipe towards the ramp. Static shot with no camera movement.,benchmark_op_unmodified,PhysDelta2010_subset,,physicsiq/inputs/0019.png,physicsiq/inputs/0019.png,physicsiq/conditions/condition_0015.pt
oprem_0019_mu025_s68491523,0019,ball-ramp,H2_ADAPTER,68491523,49,24,30,1.2,,,A simple ramp made of cardboard propped up by a blue block on a light-colored wooden table. There's a black pipe to the left of the frame and a yellow tennis ball rolls out of the pipe towards the ramp. Static shot with no camera movement.,A simple ramp made of cardboard propped up by a blue block on a light-colored wooden table. There's a black pipe to the left of the frame and a yellow tennis ball rolls out of the pipe towards the ramp. Static shot with no camera movement.,A simple ramp made of cardboard propped up by a blue block on a light-colored wooden table. There's a black pipe to the left of the frame and a yellow tennis ball rolls out of the pipe towards the ramp. Static shot with no camera movement.,benchmark_op_unmodified,PhysDelta2010_subset,,physicsiq/inputs/0019.png,physicsiq/inputs/0019.png,physicsiq/conditions/condition_0015.pt
oprem_0020_mu025_s43278311,0020,ball-ramp,H2_ADAPTER,43278311,49,24,30,1.2,,,A simple ramp made of cardboard propped up by a blue block on a light-colored wooden table. There's a black pipe to the left of the frame and a yellow tennis ball rolls out of the pipe towards the ramp. Static shot with no camera movement.,A simple ramp made of cardboard propped up by a blue block on a light-colored wooden table. There's a black pipe to the left of the frame and a yellow tennis ball rolls out of the pipe towards the ramp. Static shot with no camera movement.,A simple ramp made of cardboard propped up by a blue block on a light-colored wooden table. There's a black pipe to the left of the frame and a yellow tennis ball rolls out of the pipe towards the ramp. Static shot with no camera movement.,benchmark_op_unmodified,PhysDelta2010_subset,,physicsiq/inputs/0020.png,physicsiq/inputs/0020.png,physicsiq/conditions/condition_0016.pt
oprem_0020_mu025_s56382197,0020,ball-ramp,H2_ADAPTER,56382197,49,24,30,1.2,,,A simple ramp made of cardboard propped up by a blue block on a light-colored wooden table. There's a black pipe to the left of the frame and a yellow tennis ball rolls out of the pipe towards the ramp. Static shot with no camera movement.,A simple ramp made of cardboard propped up by a blue block on a light-colored wooden table. There's a black pipe to the left of the frame and a yellow tennis ball rolls out of the pipe towards the ramp. Static shot with no camera movement.,A simple ramp made of cardboard propped up by a blue block on a light-colored wooden table. There's a black pipe to the left of the frame and a yellow tennis ball rolls out of the pipe towards the ramp. Static shot with no camera movement.,benchmark_op_unmodified,PhysDelta2010_subset,,physicsiq/inputs/0020.png,physicsiq/inputs/0020.png,physicsiq/conditions/condition_0016.pt
oprem_0020_mu025_s68491523,0020,ball-ramp,H2_ADAPTER,68491523,49,24,30,1.2,,,A simple ramp made of cardboard propped up by a blue block on a light-colored wooden table. There's a black pipe to the left of the frame and a yellow tennis ball rolls out of the pipe towards the ramp. Static shot with no camera movement.,A simple ramp made of cardboard propped up by a blue block on a light-colored wooden table. There's a black pipe to the left of the frame and a yellow tennis ball rolls out of the pipe towards the ramp. Static shot with no camera movement.,A simple ramp made of cardboard propped up by a blue block on a light-colored wooden table. There's a black pipe to the left of the frame and a yellow tennis ball rolls out of the pipe towards the ramp. Static shot with no camera movement.,benchmark_op_unmodified,PhysDelta2010_subset,,physicsiq/inputs/0020.png,physicsiq/inputs/0020.png,physicsiq/conditions/condition_0016.pt
oprem_0021_mu025_s43278311,0021,ball-ramp,H2_ADAPTER,43278311,49,24,30,1.2,,,A simple ramp made of cardboard propped up by a blue block on a light-colored wooden table. There's a black pipe to the left of the frame and a yellow tennis ball rolls out of the pipe towards the ramp. Static shot with no camera movement.,A simple ramp made of cardboard propped up by a blue block on a light-colored wooden table. There's a black pipe to the left of the frame and a yellow tennis ball rolls out of the pipe towards the ramp. Static shot with no camera movement.,A simple ramp made of cardboard propped up by a blue block on a light-colored wooden table. There's a black pipe to the left of the frame and a yellow tennis ball rolls out of the pipe towards the ramp. Static shot with no camera movement.,benchmark_op_unmodified,PhysDelta2010_subset,,physicsiq/inputs/0021.png,physicsiq/inputs/0021.png,physicsiq/conditions/condition_0017.pt
oprem_0021_mu025_s56382197,0021,ball-ramp,H2_ADAPTER,56382197,49,24,30,1.2,,,A simple ramp made of cardboard propped up by a blue block on a light-colored wooden table. There's a black pipe to the left of the frame and a yellow tennis ball rolls out of the pipe towards the ramp. Static shot with no camera movement.,A simple ramp made of cardboard propped up by a blue block on a light-colored wooden table. There's a black pipe to the left of the frame and a yellow tennis ball rolls out of the pipe towards the ramp. Static shot with no camera movement.,A simple ramp made of cardboard propped up by a blue block on a light-colored wooden table. There's a black pipe to the left of the frame and a yellow tennis ball rolls out of the pipe towards the ramp. Static shot with no camera movement.,benchmark_op_unmodified,PhysDelta2010_subset,,physicsiq/inputs/0021.png,physicsiq/inputs/0021.png,physicsiq/conditions/condition_0017.pt
oprem_0021_mu025_s68491523,0021,ball-ramp,H2_ADAPTER,68491523,49,24,30,1.2,,,A simple ramp made of cardboard propped up by a blue block on a light-colored wooden table. There's a black pipe to the left of the frame and a yellow tennis ball rolls out of the pipe towards the ramp. Static shot with no camera movement.,A simple ramp made of cardboard propped up by a blue block on a light-colored wooden table. There's a black pipe to the left of the frame and a yellow tennis ball rolls out of the pipe towards the ramp. Static shot with no camera movement.,A simple ramp made of cardboard propped up by a blue block on a light-colored wooden table. There's a black pipe to the left of the frame and a yellow tennis ball rolls out of the pipe towards the ramp. Static shot with no camera movement.,benchmark_op_unmodified,PhysDelta2010_subset,,physicsiq/inputs/0021.png,physicsiq/inputs/0021.png,physicsiq/conditions/condition_0017.pt
oursop_0022_s43278311,0022,ball-rolls-off,H2_ADAPTER,43278311,49,24,30,1.2,,,A light wood coffee table in the foreground with a black pipe on the end of the table. A grey tennis ball rolls out of the pipe towards the right and onto the table. Static shot with no camera movement.,A light wood coffee table in the foreground with a black pipe on the end of the table. A grey tennis ball rolls out of the pipe towards the right and onto the table. Static shot with no camera movement.,A light wood coffee table in the foreground with a black pipe on the end of the table. A grey tennis ball rolls out of the pipe towards the right and onto the table. Static shot with no camera movement.,benchmark_op_unmodified,PhysDelta2010_subset,"{""e_edge_kind"": null, ""e_node_encoded"": null, ""e_object_edge_raw"": null, ""e_physical"": null, ""e_support_edge_encoded"": null, ""force_active_latent_slots"": [0], ""force_angle_degrees"": [351], ""force_encoded"": 2.0, ""force_object_indices"": [0], ""force_raw"": 680.0, ""g_encoded"": null, ""g_physical_m_s2"": null, ""mu"": 0.1}",physicsiq/inputs/0022.png,physicsiq/inputs/0022.png,physicsiq/conditions/condition_0018.pt
oursop_0022_s56382197,0022,ball-rolls-off,H2_ADAPTER,56382197,49,24,30,1.2,,,A light wood coffee table in the foreground with a black pipe on the end of the table. A grey tennis ball rolls out of the pipe towards the right and onto the table. Static shot with no camera movement.,A light wood coffee table in the foreground with a black pipe on the end of the table. A grey tennis ball rolls out of the pipe towards the right and onto the table. Static shot with no camera movement.,A light wood coffee table in the foreground with a black pipe on the end of the table. A grey tennis ball rolls out of the pipe towards the right and onto the table. Static shot with no camera movement.,benchmark_op_unmodified,PhysDelta2010_subset,"{""e_edge_kind"": null, ""e_node_encoded"": null, ""e_object_edge_raw"": null, ""e_physical"": null, ""e_support_edge_encoded"": null, ""force_active_latent_slots"": [0], ""force_angle_degrees"": [351], ""force_encoded"": 2.0, ""force_object_indices"": [0], ""force_raw"": 680.0, ""g_encoded"": null, ""g_physical_m_s2"": null, ""mu"": 0.1}",physicsiq/inputs/0022.png,physicsiq/inputs/0022.png,physicsiq/conditions/condition_0018.pt
oursop_0022_s68491523,0022,ball-rolls-off,H2_ADAPTER,68491523,49,24,30,1.2,,,A light wood coffee table in the foreground with a black pipe on the end of the table. A grey tennis ball rolls out of the pipe towards the right and onto the table. Static shot with no camera movement.,A light wood coffee table in the foreground with a black pipe on the end of the table. A grey tennis ball rolls out of the pipe towards the right and onto the table. Static shot with no camera movement.,A light wood coffee table in the foreground with a black pipe on the end of the table. A grey tennis ball rolls out of the pipe towards the right and onto the table. Static shot with no camera movement.,benchmark_op_unmodified,PhysDelta2010_subset,"{""e_edge_kind"": null, ""e_node_encoded"": null, ""e_object_edge_raw"": null, ""e_physical"": null, ""e_support_edge_encoded"": null, ""force_active_latent_slots"": [0], ""force_angle_degrees"": [351], ""force_encoded"": 2.0, ""force_object_indices"": [0], ""force_raw"": 680.0, ""g_encoded"": null, ""g_physical_m_s2"": null, ""mu"": 0.1}",physicsiq/inputs/0022.png,physicsiq/inputs/0022.png,physicsiq/conditions/condition_0018.pt
oursop_0023_s43278311,0023,ball-rolls-off,H2_ADAPTER,43278311,49,24,30,1.2,,,A light wood coffee table in the foreground with a black pipe on the end of the table. A grey tennis ball rolls out of the pipe towards the right and onto the table. Static shot with no camera movement.,A light wood coffee table in the foreground with a black pipe on the end of the table. A grey tennis ball rolls out of the pipe towards the right and onto the table. Static shot with no camera movement.,A light wood coffee table in the foreground with a black pipe on the end of the table. A grey tennis ball rolls out of the pipe towards the right and onto the table. Static shot with no camera movement.,benchmark_op_unmodified,PhysDelta2010_subset,"{""e_edge_kind"": null, ""e_node_encoded"": null, ""e_object_edge_raw"": null, ""e_physical"": null, ""e_support_edge_encoded"": null, ""force_active_latent_slots"": [0], ""force_angle_degrees"": [356], ""force_encoded"": 2.0, ""force_object_indices"": [0], ""force_raw"": 680.0, ""g_encoded"": null, ""g_physical_m_s2"": null, ""mu"": 0.1}",physicsiq/inputs/0023.png,physicsiq/inputs/0023.png,physicsiq/conditions/condition_0019.pt
oursop_0023_s56382197,0023,ball-rolls-off,H2_ADAPTER,56382197,49,24,30,1.2,,,A light wood coffee table in the foreground with a black pipe on the end of the table. A grey tennis ball rolls out of the pipe towards the right and onto the table. Static shot with no camera movement.,A light wood coffee table in the foreground with a black pipe on the end of the table. A grey tennis ball rolls out of the pipe towards the right and onto the table. Static shot with no camera movement.,A light wood coffee table in the foreground with a black pipe on the end of the table. A grey tennis ball rolls out of the pipe towards the right and onto the table. Static shot with no camera movement.,benchmark_op_unmodified,PhysDelta2010_subset,"{""e_edge_kind"": null, ""e_node_encoded"": null, ""e_object_edge_raw"": null, ""e_physical"": null, ""e_support_edge_encoded"": null, ""force_active_latent_slots"": [0], ""force_angle_degrees"": [356], ""force_encoded"": 2.0, ""force_object_indices"": [0], ""force_raw"": 680.0, ""g_encoded"": null, ""g_physical_m_s2"": null, ""mu"": 0.1}",physicsiq/inputs/0023.png,physicsiq/inputs/0023.png,physicsiq/conditions/condition_0019.pt
oursop_0023_s68491523,0023,ball-rolls-off,H2_ADAPTER,68491523,49,24,30,1.2,,,A light wood coffee table in the foreground with a black pipe on the end of the table. A grey tennis ball rolls out of the pipe towards the right and onto the table. Static shot with no camera movement.,A light wood coffee table in the foreground with a black pipe on the end of the table. A grey tennis ball rolls out of the pipe towards the right and onto the table. Static shot with no camera movement.,A light wood coffee table in the foreground with a black pipe on the end of the table. A grey tennis ball rolls out of the pipe towards the right and onto the table. Static shot with no camera movement.,benchmark_op_unmodified,PhysDelta2010_subset,"{""e_edge_kind"": null, ""e_node_encoded"": null, ""e_object_edge_raw"": null, ""e_physical"": null, ""e_support_edge_encoded"": null, ""force_active_latent_slots"": [0], ""force_angle_degrees"": [356], ""force_encoded"": 2.0, ""force_object_indices"": [0], ""force_raw"": 680.0, ""g_encoded"": null, ""g_physical_m_s2"": null, ""mu"": 0.1}",physicsiq/inputs/0023.png,physicsiq/inputs/0023.png,physicsiq/conditions/condition_0019.pt
oursop_0024_s43278311,0024,ball-rolls-off,H2_ADAPTER,43278311,49,24,30,1.2,,,A light wood coffee table in the foreground with a black pipe on the end of the table. A grey tennis ball rolls out of the pipe towards the right and onto the table. Static shot with no camera movement.,A light wood coffee table in the foreground with a black pipe on the end of the table. A grey tennis ball rolls out of the pipe towards the right and onto the table. Static shot with no camera movement.,A light wood coffee table in the foreground with a black pipe on the end of the table. A grey tennis ball rolls out of the pipe towards the right and onto the table. Static shot with no camera movement.,benchmark_op_unmodified,PhysDelta2010_subset,"{""e_edge_kind"": null, ""e_node_encoded"": null, ""e_object_edge_raw"": null, ""e_physical"": null, ""e_support_edge_encoded"": null, ""force_active_latent_slots"": [0], ""force_angle_degrees"": [2], ""force_encoded"": 2.0, ""force_object_indices"": [0], ""force_raw"": 680.0, ""g_encoded"": null, ""g_physical_m_s2"": null, ""mu"": 0.1}",physicsiq/inputs/0024.png,physicsiq/inputs/0024.png,physicsiq/conditions/condition_0020.pt
oursop_0024_s56382197,0024,ball-rolls-off,H2_ADAPTER,56382197,49,24,30,1.2,,,A light wood coffee table in the foreground with a black pipe on the end of the table. A grey tennis ball rolls out of the pipe towards the right and onto the table. Static shot with no camera movement.,A light wood coffee table in the foreground with a black pipe on the end of the table. A grey tennis ball rolls out of the pipe towards the right and onto the table. Static shot with no camera movement.,A light wood coffee table in the foreground with a black pipe on the end of the table. A grey tennis ball rolls out of the pipe towards the right and onto the table. Static shot with no camera movement.,benchmark_op_unmodified,PhysDelta2010_subset,"{""e_edge_kind"": null, ""e_node_encoded"": null, ""e_object_edge_raw"": null, ""e_physical"": null, ""e_support_edge_encoded"": null, ""force_active_latent_slots"": [0], ""force_angle_degrees"": [2], ""force_encoded"": 2.0, ""force_object_indices"": [0], ""force_raw"": 680.0, ""g_encoded"": null, ""g_physical_m_s2"": null, ""mu"": 0.1}",physicsiq/inputs/0024.png,physicsiq/inputs/0024.png,physicsiq/conditions/condition_0020.pt
oursop_0024_s68491523,0024,ball-rolls-off,H2_ADAPTER,68491523,49,24,30,1.2,,,A light wood coffee table in the foreground with a black pipe on the end of the table. A grey tennis ball rolls out of the pipe towards the right and onto the table. Static shot with no camera movement.,A light wood coffee table in the foreground with a black pipe on the end of the table. A grey tennis ball rolls out of the pipe towards the right and onto the table. Static shot with no camera movement.,A light wood coffee table in the foreground with a black pipe on the end of the table. A grey tennis ball rolls out of the pipe towards the right and onto the table. Static shot with no camera movement.,benchmark_op_unmodified,PhysDelta2010_subset,"{""e_edge_kind"": null, ""e_node_encoded"": null, ""e_object_edge_raw"": null, ""e_physical"": null, ""e_support_edge_encoded"": null, ""force_active_latent_slots"": [0], ""force_angle_degrees"": [2], ""force_encoded"": 2.0, ""force_object_indices"": [0], ""force_raw"": 680.0, ""g_encoded"": null, ""g_physical_m_s2"": null, ""mu"": 0.1}",physicsiq/inputs/0024.png,physicsiq/inputs/0024.png,physicsiq/conditions/condition_0020.pt
opref_0025_mu005_s43278311,0025,ball-rolls-on-glass,H2_ADAPTER,43278311,49,24,30,1.2,,,A piece of clear glass resting on the edge of a light-colored wooden table against a plain white wall. A blue tennis ball rolls on the wooden table and towards the glass. Static shot with no camera movement.,A piece of clear glass resting on the edge of a light-colored wooden table against a plain white wall. A blue tennis ball rolls on the wooden table and towards the glass. Static shot with no camera movement.,A piece of clear glass resting on the edge of a light-colored wooden table against a plain white wall. A blue tennis ball rolls on the wooden table and towards the glass. Static shot with no camera movement.,benchmark_op_unmodified,PhysDelta2010_subset,,physicsiq/inputs/0025.png,physicsiq/inputs/0025.png,physicsiq/conditions/condition_0021.pt
opref_0025_mu005_s56382197,0025,ball-rolls-on-glass,H2_ADAPTER,56382197,49,24,30,1.2,,,A piece of clear glass resting on the edge of a light-colored wooden table against a plain white wall. A blue tennis ball rolls on the wooden table and towards the glass. Static shot with no camera movement.,A piece of clear glass resting on the edge of a light-colored wooden table against a plain white wall. A blue tennis ball rolls on the wooden table and towards the glass. Static shot with no camera movement.,A piece of clear glass resting on the edge of a light-colored wooden table against a plain white wall. A blue tennis ball rolls on the wooden table and towards the glass. Static shot with no camera movement.,benchmark_op_unmodified,PhysDelta2010_subset,,physicsiq/inputs/0025.png,physicsiq/inputs/0025.png,physicsiq/conditions/condition_0021.pt
opref_0025_mu005_s68491523,0025,ball-rolls-on-glass,H2_ADAPTER,68491523,49,24,30,1.2,,,A piece of clear glass resting on the edge of a light-colored wooden table against a plain white wall. A blue tennis ball rolls on the wooden table and towards the glass. Static shot with no camera movement.,A piece of clear glass resting on the edge of a light-colored wooden table against a plain white wall. A blue tennis ball rolls on the wooden table and towards the glass. Static shot with no camera movement.,A piece of clear glass resting on the edge of a light-colored wooden table against a plain white wall. A blue tennis ball rolls on the wooden table and towards the glass. Static shot with no camera movement.,benchmark_op_unmodified,PhysDelta2010_subset,,physicsiq/inputs/0025.png,physicsiq/inputs/0025.png,physicsiq/conditions/condition_0021.pt
opref_0026_mu005_s43278311,0026,ball-rolls-on-glass,H2_ADAPTER,43278311,49,24,30,1.2,,,A piece of clear glass resting on the edge of a light-colored wooden table against a plain white wall. A blue tennis ball rolls on the wooden table and towards the glass. Static shot with no camera movement.,A piece of clear glass resting on the edge of a light-colored wooden table against a plain white wall. A blue tennis ball rolls on the wooden table and towards the glass. Static shot with no camera movement.,A piece of clear glass resting on the edge of a light-colored wooden table against a plain white wall. A blue tennis ball rolls on the wooden table and towards the glass. Static shot with no camera movement.,benchmark_op_unmodified,PhysDelta2010_subset,,physicsiq/inputs/0026.png,physicsiq/inputs/0026.png,physicsiq/conditions/condition_0022.pt
opref_0026_mu005_s56382197,0026,ball-rolls-on-glass,H2_ADAPTER,56382197,49,24,30,1.2,,,A piece of clear glass resting on the edge of a light-colored wooden table against a plain white wall. A blue tennis ball rolls on the wooden table and towards the glass. Static shot with no camera movement.,A piece of clear glass resting on the edge of a light-colored wooden table against a plain white wall. A blue tennis ball rolls on the wooden table and towards the glass. Static shot with no camera movement.,A piece of clear glass resting on the edge of a light-colored wooden table against a plain white wall. A blue tennis ball rolls on the wooden table and towards the glass. Static shot with no camera movement.,benchmark_op_unmodified,PhysDelta2010_subset,,physicsiq/inputs/0026.png,physicsiq/inputs/0026.png,physicsiq/conditions/condition_0022.pt
opref_0026_mu005_s68491523,0026,ball-rolls-on-glass,H2_ADAPTER,68491523,49,24,30,1.2,,,A piece of clear glass resting on the edge of a light-colored wooden table against a plain white wall. A blue tennis ball rolls on the wooden table and towards the glass. Static shot with no camera movement.,A piece of clear glass resting on the edge of a light-colored wooden table against a plain white wall. A blue tennis ball rolls on the wooden table and towards the glass. Static shot with no camera movement.,A piece of clear glass resting on the edge of a light-colored wooden table against a plain white wall. A blue tennis ball rolls on the wooden table and towards the glass. Static shot with no camera movement.,benchmark_op_unmodified,PhysDelta2010_subset,,physicsiq/inputs/0026.png,physicsiq/inputs/0026.png,physicsiq/conditions/condition_0022.pt
opref_0027_mu005_s43278311,0027,ball-rolls-on-glass,H2_ADAPTER,43278311,49,24,30,1.2,,,A piece of clear glass resting on the edge of a light-colored wooden table against a plain white wall. A blue tennis ball rolls on the wooden table and towards the glass. Static shot with no camera movement.,A piece of clear glass resting on the edge of a light-colored wooden table against a plain white wall. A blue tennis ball rolls on the wooden table and towards the glass. Static shot with no camera movement.,A piece of clear glass resting on the edge of a light-colored wooden table against a plain white wall. A blue tennis ball rolls on the wooden table and towards the glass. Static shot with no camera movement.,benchmark_op_unmodified,PhysDelta2010_subset,,physicsiq/inputs/0027.png,physicsiq/inputs/0027.png,physicsiq/conditions/condition_0023.pt
opref_0027_mu005_s56382197,0027,ball-rolls-on-glass,H2_ADAPTER,56382197,49,24,30,1.2,,,A piece of clear glass resting on the edge of a light-colored wooden table against a plain white wall. A blue tennis ball rolls on the wooden table and towards the glass. Static shot with no camera movement.,A piece of clear glass resting on the edge of a light-colored wooden table against a plain white wall. A blue tennis ball rolls on the wooden table and towards the glass. Static shot with no camera movement.,A piece of clear glass resting on the edge of a light-colored wooden table against a plain white wall. A blue tennis ball rolls on the wooden table and towards the glass. Static shot with no camera movement.,benchmark_op_unmodified,PhysDelta2010_subset,,physicsiq/inputs/0027.png,physicsiq/inputs/0027.png,physicsiq/conditions/condition_0023.pt
opref_0027_mu005_s68491523,0027,ball-rolls-on-glass,H2_ADAPTER,68491523,49,24,30,1.2,,,A piece of clear glass resting on the edge of a light-colored wooden table against a plain white wall. A blue tennis ball rolls on the wooden table and towards the glass. Static shot with no camera movement.,A piece of clear glass resting on the edge of a light-colored wooden table against a plain white wall. A blue tennis ball rolls on the wooden table and towards the glass. Static shot with no camera movement.,A piece of clear glass resting on the edge of a light-colored wooden table against a plain white wall. A blue tennis ball rolls on the wooden table and towards the glass. Static shot with no camera movement.,benchmark_op_unmodified,PhysDelta2010_subset,,physicsiq/inputs/0027.png,physicsiq/inputs/0027.png,physicsiq/conditions/condition_0023.pt
opnum_0028_force4_s43278311,0028,ball-train,H2_ADAPTER,43278311,49,24,30,1.2,,,"A light-colored coffee table with two tennis balls, one orange and one brown, placed near the center back to back. A grey tennis ball rolls out of a black pipe sitting on the table and towards the other two balls. Static shot with no camera movement.","A light-colored coffee table with two tennis balls, one orange and one brown, placed near the center back to back. A grey tennis ball rolls out of a black pipe sitting on the table and towards the other two balls. Static shot with no camera movement.","A light-colored coffee table with two tennis balls, one orange and one brown, placed near the center back to back. A grey tennis ball rolls out of a black pipe sitting on the table and towards the other two balls. Static shot with no camera movement.",benchmark_op_unmodified,PhysDelta2010_subset,,physicsiq/inputs/0028.png,physicsiq/inputs/0028.png,physicsiq/conditions/condition_0024.pt
opnum_0028_force4_s56382197,0028,ball-train,H2_ADAPTER,56382197,49,24,30,1.2,,,"A light-colored coffee table with two tennis balls, one orange and one brown, placed near the center back to back. A grey tennis ball rolls out of a black pipe sitting on the table and towards the other two balls. Static shot with no camera movement.","A light-colored coffee table with two tennis balls, one orange and one brown, placed near the center back to back. A grey tennis ball rolls out of a black pipe sitting on the table and towards the other two balls. Static shot with no camera movement.","A light-colored coffee table with two tennis balls, one orange and one brown, placed near the center back to back. A grey tennis ball rolls out of a black pipe sitting on the table and towards the other two balls. Static shot with no camera movement.",benchmark_op_unmodified,PhysDelta2010_subset,,physicsiq/inputs/0028.png,physicsiq/inputs/0028.png,physicsiq/conditions/condition_0024.pt
opnum_0028_force4_s68491523,0028,ball-train,H2_ADAPTER,68491523,49,24,30,1.2,,,"A light-colored coffee table with two tennis balls, one orange and one brown, placed near the center back to back. A grey tennis ball rolls out of a black pipe sitting on the table and towards the other two balls. Static shot with no camera movement.","A light-colored coffee table with two tennis balls, one orange and one brown, placed near the center back to back. A grey tennis ball rolls out of a black pipe sitting on the table and towards the other two balls. Static shot with no camera movement.","A light-colored coffee table with two tennis balls, one orange and one brown, placed near the center back to back. A grey tennis ball rolls out of a black pipe sitting on the table and towards the other two balls. Static shot with no camera movement.",benchmark_op_unmodified,PhysDelta2010_subset,,physicsiq/inputs/0028.png,physicsiq/inputs/0028.png,physicsiq/conditions/condition_0024.pt
opnum_0029_force4_s43278311,0029,ball-train,H2_ADAPTER,43278311,49,24,30,1.2,,,"A light-colored coffee table with two tennis balls, one orange and one brown, placed near the center back to back. A grey tennis ball rolls out of a black pipe sitting on the table and towards the other two balls. Static shot with no camera movement.","A light-colored coffee table with two tennis balls, one orange and one brown, placed near the center back to back. A grey tennis ball rolls out of a black pipe sitting on the table and towards the other two balls. Static shot with no camera movement.","A light-colored coffee table with two tennis balls, one orange and one brown, placed near the center back to back. A grey tennis ball rolls out of a black pipe sitting on the table and towards the other two balls. Static shot with no camera movement.",benchmark_op_unmodified,PhysDelta2010_subset,,physicsiq/inputs/0029.png,physicsiq/inputs/0029.png,physicsiq/conditions/condition_0025.pt
opnum_0029_force4_s56382197,0029,ball-train,H2_ADAPTER,56382197,49,24,30,1.2,,,"A light-colored coffee table with two tennis balls, one orange and one brown, placed near the center back to back. A grey tennis ball rolls out of a black pipe sitting on the table and towards the other two balls. Static shot with no camera movement.","A light-colored coffee table with two tennis balls, one orange and one brown, placed near the center back to back. A grey tennis ball rolls out of a black pipe sitting on the table and towards the other two balls. Static shot with no camera movement.","A light-colored coffee table with two tennis balls, one orange and one brown, placed near the center back to back. A grey tennis ball rolls out of a black pipe sitting on the table and towards the other two balls. Static shot with no camera movement.",benchmark_op_unmodified,PhysDelta2010_subset,,physicsiq/inputs/0029.png,physicsiq/inputs/0029.png,physicsiq/conditions/condition_0025.pt
opnum_0029_force4_s68491523,0029,ball-train,H2_ADAPTER,68491523,49,24,30,1.2,,,"A light-colored coffee table with two tennis balls, one orange and one brown, placed near the center back to back. A grey tennis ball rolls out of a black pipe sitting on the table and towards the other two balls. Static shot with no camera movement.","A light-colored coffee table with two tennis balls, one orange and one brown, placed near the center back to back. A grey tennis ball rolls out of a black pipe sitting on the table and towards the other two balls. Static shot with no camera movement.","A light-colored coffee table with two tennis balls, one orange and one brown, placed near the center back to back. A grey tennis ball rolls out of a black pipe sitting on the table and towards the other two balls. Static shot with no camera movement.",benchmark_op_unmodified,PhysDelta2010_subset,,physicsiq/inputs/0029.png,physicsiq/inputs/0029.png,physicsiq/conditions/condition_0025.pt
opnum_0030_force4_s43278311,0030,ball-train,H2_ADAPTER,43278311,49,24,30,1.2,,,"A light-colored coffee table with two tennis balls, one orange and one brown, placed near the center back to back. A grey tennis ball rolls out of a black pipe sitting on the table and towards the other two balls. Static shot with no camera movement.","A light-colored coffee table with two tennis balls, one orange and one brown, placed near the center back to back. A grey tennis ball rolls out of a black pipe sitting on the table and towards the other two balls. Static shot with no camera movement.","A light-colored coffee table with two tennis balls, one orange and one brown, placed near the center back to back. A grey tennis ball rolls out of a black pipe sitting on the table and towards the other two balls. Static shot with no camera movement.",benchmark_op_unmodified,PhysDelta2010_subset,,physicsiq/inputs/0030.png,physicsiq/inputs/0030.png,physicsiq/conditions/condition_0026.pt
opnum_0030_force4_s56382197,0030,ball-train,H2_ADAPTER,56382197,49,24,30,1.2,,,"A light-colored coffee table with two tennis balls, one orange and one brown, placed near the center back to back. A grey tennis ball rolls out of a black pipe sitting on the table and towards the other two balls. Static shot with no camera movement.","A light-colored coffee table with two tennis balls, one orange and one brown, placed near the center back to back. A grey tennis ball rolls out of a black pipe sitting on the table and towards the other two balls. Static shot with no camera movement.","A light-colored coffee table with two tennis balls, one orange and one brown, placed near the center back to back. A grey tennis ball rolls out of a black pipe sitting on the table and towards the other two balls. Static shot with no camera movement.",benchmark_op_unmodified,PhysDelta2010_subset,,physicsiq/inputs/0030.png,physicsiq/inputs/0030.png,physicsiq/conditions/condition_0026.pt
opnum_0030_force4_s68491523,0030,ball-train,H2_ADAPTER,68491523,49,24,30,1.2,,,"A light-colored coffee table with two tennis balls, one orange and one brown, placed near the center back to back. A grey tennis ball rolls out of a black pipe sitting on the table and towards the other two balls. Static shot with no camera movement.","A light-colored coffee table with two tennis balls, one orange and one brown, placed near the center back to back. A grey tennis ball rolls out of a black pipe sitting on the table and towards the other two balls. Static shot with no camera movement.","A light-colored coffee table with two tennis balls, one orange and one brown, placed near the center back to back. A grey tennis ball rolls out of a black pipe sitting on the table and towards the other two balls. Static shot with no camera movement.",benchmark_op_unmodified,PhysDelta2010_subset,,physicsiq/inputs/0030.png,physicsiq/inputs/0030.png,physicsiq/conditions/condition_0026.pt
oprem_0031_e0_s43278311,0031,balls-collide,H2_ADAPTER,43278311,49,24,30,1.2,,,A light-colored wooden tabletop with two pipes at the edges. A blue and yellow tennis ball roll out of the pipes and towards each other. Static shot with no camera movement.,A light-colored wooden tabletop with two pipes at the edges. A blue and yellow tennis ball roll out of the pipes and towards each other. Static shot with no camera movement.,A light-colored wooden tabletop with two pipes at the edges. A blue and yellow tennis ball roll out of the pipes and towards each other. Static shot with no camera movement.,benchmark_op_unmodified,PhysDelta2010_subset,,physicsiq/inputs/0031.png,physicsiq/inputs/0031.png,physicsiq/conditions/condition_0027.pt
oprem_0031_e0_s56382197,0031,balls-collide,H2_ADAPTER,56382197,49,24,30,1.2,,,A light-colored wooden tabletop with two pipes at the edges. A blue and yellow tennis ball roll out of the pipes and towards each other. Static shot with no camera movement.,A light-colored wooden tabletop with two pipes at the edges. A blue and yellow tennis ball roll out of the pipes and towards each other. Static shot with no camera movement.,A light-colored wooden tabletop with two pipes at the edges. A blue and yellow tennis ball roll out of the pipes and towards each other. Static shot with no camera movement.,benchmark_op_unmodified,PhysDelta2010_subset,,physicsiq/inputs/0031.png,physicsiq/inputs/0031.png,physicsiq/conditions/condition_0027.pt
oprem_0031_e0_s68491523,0031,balls-collide,H2_ADAPTER,68491523,49,24,30,1.2,,,A light-colored wooden tabletop with two pipes at the edges. A blue and yellow tennis ball roll out of the pipes and towards each other. Static shot with no camera movement.,A light-colored wooden tabletop with two pipes at the edges. A blue and yellow tennis ball roll out of the pipes and towards each other. Static shot with no camera movement.,A light-colored wooden tabletop with two pipes at the edges. A blue and yellow tennis ball roll out of the pipes and towards each other. Static shot with no camera movement.,benchmark_op_unmodified,PhysDelta2010_subset,,physicsiq/inputs/0031.png,physicsiq/inputs/0031.png,physicsiq/conditions/condition_0027.pt
oprem_0032_e0_s43278311,0032,balls-collide,H2_ADAPTER,43278311,49,24,30,1.2,,,A light-colored wooden tabletop with two pipes at the edges. A blue and yellow tennis ball roll out of the pipes and towards each other. Static shot with no camera movement.,A light-colored wooden tabletop with two pipes at the edges. A blue and yellow tennis ball roll out of the pipes and towards each other. Static shot with no camera movement.,A light-colored wooden tabletop with two pipes at the edges. A blue and yellow tennis ball roll out of the pipes and towards each other. Static shot with no camera movement.,benchmark_op_unmodified,PhysDelta2010_subset,,physicsiq/inputs/0032.png,physicsiq/inputs/0032.png,physicsiq/conditions/condition_0028.pt
oprem_0032_e0_s56382197,0032,balls-collide,H2_ADAPTER,56382197,49,24,30,1.2,,,A light-colored wooden tabletop with two pipes at the edges. A blue and yellow tennis ball roll out of the pipes and towards each other. Static shot with no camera movement.,A light-colored wooden tabletop with two pipes at the edges. A blue and yellow tennis ball roll out of the pipes and towards each other. Static shot with no camera movement.,A light-colored wooden tabletop with two pipes at the edges. A blue and yellow tennis ball roll out of the pipes and towards each other. Static shot with no camera movement.,benchmark_op_unmodified,PhysDelta2010_subset,,physicsiq/inputs/0032.png,physicsiq/inputs/0032.png,physicsiq/conditions/condition_0028.pt
oprem_0032_e0_s68491523,0032,balls-collide,H2_ADAPTER,68491523,49,24,30,1.2,,,A light-colored wooden tabletop with two pipes at the edges. A blue and yellow tennis ball roll out of the pipes and towards each other. Static shot with no camera movement.,A light-colored wooden tabletop with two pipes at the edges. A blue and yellow tennis ball roll out of the pipes and towards each other. Static shot with no camera movement.,A light-colored wooden tabletop with two pipes at the edges. A blue and yellow tennis ball roll out of the pipes and towards each other. Static shot with no camera movement.,benchmark_op_unmodified,PhysDelta2010_subset,,physicsiq/inputs/0032.png,physicsiq/inputs/0032.png,physicsiq/conditions/condition_0028.pt
oprem_0033_e0_s43278311,0033,balls-collide,H2_ADAPTER,43278311,49,24,30,1.2,,,A light-colored wooden tabletop with two pipes at the edges. A blue and yellow tennis ball roll out of the pipes and towards each other. Static shot with no camera movement.,A light-colored wooden tabletop with two pipes at the edges. A blue and yellow tennis ball roll out of the pipes and towards each other. Static shot with no camera movement.,A light-colored wooden tabletop with two pipes at the edges. A blue and yellow tennis ball roll out of the pipes and towards each other. Static shot with no camera movement.,benchmark_op_unmodified,PhysDelta2010_subset,,physicsiq/inputs/0033.png,physicsiq/inputs/0033.png,physicsiq/conditions/condition_0029.pt
oprem_0033_e0_s56382197,0033,balls-collide,H2_ADAPTER,56382197,49,24,30,1.2,,,A light-colored wooden tabletop with two pipes at the edges. A blue and yellow tennis ball roll out of the pipes and towards each other. Static shot with no camera movement.,A light-colored wooden tabletop with two pipes at the edges. A blue and yellow tennis ball roll out of the pipes and towards each other. Static shot with no camera movement.,A light-colored wooden tabletop with two pipes at the edges. A blue and yellow tennis ball roll out of the pipes and towards each other. Static shot with no camera movement.,benchmark_op_unmodified,PhysDelta2010_subset,,physicsiq/inputs/0033.png,physicsiq/inputs/0033.png,physicsiq/conditions/condition_0029.pt
oprem_0033_e0_s68491523,0033,balls-collide,H2_ADAPTER,68491523,49,24,30,1.2,,,A light-colored wooden tabletop with two pipes at the edges. A blue and yellow tennis ball roll out of the pipes and towards each other. Static shot with no camera movement.,A light-colored wooden tabletop with two pipes at the edges. A blue and yellow tennis ball roll out of the pipes and towards each other. Static shot with no camera movement.,A light-colored wooden tabletop with two pipes at the edges. A blue and yellow tennis ball roll out of the pipes and towards each other. Static shot with no camera movement.,benchmark_op_unmodified,PhysDelta2010_subset,,physicsiq/inputs/0033.png,physicsiq/inputs/0033.png,physicsiq/conditions/condition_0029.pt
opref_0034_f300_s43278311,0034,block-domino,H2_ADAPTER,43278311,49,24,30,1.2,,,A row of colorful wooden blocks lined up on a wooden table with a wooden stick attached to a black rotating platform. The platform rotates clockwise and the wooden stick hits the first block as it rotates. Static shot with no camera movement.,A row of colorful wooden blocks lined up on a wooden table with a wooden stick attached to a black rotating platform. The platform rotates clockwise and the wooden stick hits the first block as it rotates. Static shot with no camera movement.,A row of colorful wooden blocks lined up on a wooden table with a wooden stick attached to a black rotating platform. The platform rotates clockwise and the wooden stick hits the first block as it rotates. Static shot with no camera movement.,benchmark_op_unmodified,PhysDelta2010_subset,,physicsiq/inputs/0034.png,physicsiq/inputs/0034.png,physicsiq/conditions/condition_0030.pt
opref_0034_f300_s56382197,0034,block-domino,H2_ADAPTER,56382197,49,24,30,1.2,,,A row of colorful wooden blocks lined up on a wooden table with a wooden stick attached to a black rotating platform. The platform rotates clockwise and the wooden stick hits the first block as it rotates. Static shot with no camera movement.,A row of colorful wooden blocks lined up on a wooden table with a wooden stick attached to a black rotating platform. The platform rotates clockwise and the wooden stick hits the first block as it rotates. Static shot with no camera movement.,A row of colorful wooden blocks lined up on a wooden table with a wooden stick attached to a black rotating platform. The platform rotates clockwise and the wooden stick hits the first block as it rotates. Static shot with no camera movement.,benchmark_op_unmodified,PhysDelta2010_subset,,physicsiq/inputs/0034.png,physicsiq/inputs/0034.png,physicsiq/conditions/condition_0030.pt
opref_0034_f300_s68491523,0034,block-domino,H2_ADAPTER,68491523,49,24,30,1.2,,,A row of colorful wooden blocks lined up on a wooden table with a wooden stick attached to a black rotating platform. The platform rotates clockwise and the wooden stick hits the first block as it rotates. Static shot with no camera movement.,A row of colorful wooden blocks lined up on a wooden table with a wooden stick attached to a black rotating platform. The platform rotates clockwise and the wooden stick hits the first block as it rotates. Static shot with no camera movement.,A row of colorful wooden blocks lined up on a wooden table with a wooden stick attached to a black rotating platform. The platform rotates clockwise and the wooden stick hits the first block as it rotates. Static shot with no camera movement.,benchmark_op_unmodified,PhysDelta2010_subset,,physicsiq/inputs/0034.png,physicsiq/inputs/0034.png,physicsiq/conditions/condition_0030.pt
opref_0035_f300_s43278311,0035,block-domino,H2_ADAPTER,43278311,49,24,30,1.2,,,A row of colorful wooden blocks lined up on a wooden table with a wooden stick attached to a black rotating platform. The platform rotates clockwise and the wooden stick hits the first block as it rotates. Static shot with no camera movement.,A row of colorful wooden blocks lined up on a wooden table with a wooden stick attached to a black rotating platform. The platform rotates clockwise and the wooden stick hits the first block as it rotates. Static shot with no camera movement.,A row of colorful wooden blocks lined up on a wooden table with a wooden stick attached to a black rotating platform. The platform rotates clockwise and the wooden stick hits the first block as it rotates. Static shot with no camera movement.,benchmark_op_unmodified,PhysDelta2010_subset,,physicsiq/inputs/0035.png,physicsiq/inputs/0035.png,physicsiq/conditions/condition_0031.pt
opref_0035_f300_s56382197,0035,block-domino,H2_ADAPTER,56382197,49,24,30,1.2,,,A row of colorful wooden blocks lined up on a wooden table with a wooden stick attached to a black rotating platform. The platform rotates clockwise and the wooden stick hits the first block as it rotates. Static shot with no camera movement.,A row of colorful wooden blocks lined up on a wooden table with a wooden stick attached to a black rotating platform. The platform rotates clockwise and the wooden stick hits the first block as it rotates. Static shot with no camera movement.,A row of colorful wooden blocks lined up on a wooden table with a wooden stick attached to a black rotating platform. The platform rotates clockwise and the wooden stick hits the first block as it rotates. Static shot with no camera movement.,benchmark_op_unmodified,PhysDelta2010_subset,,physicsiq/inputs/0035.png,physicsiq/inputs/0035.png,physicsiq/conditions/condition_0031.pt
opref_0035_f300_s68491523,0035,block-domino,H2_ADAPTER,68491523,49,24,30,1.2,,,A row of colorful wooden blocks lined up on a wooden table with a wooden stick attached to a black rotating platform. The platform rotates clockwise and the wooden stick hits the first block as it rotates. Static shot with no camera movement.,A row of colorful wooden blocks lined up on a wooden table with a wooden stick attached to a black rotating platform. The platform rotates clockwise and the wooden stick hits the first block as it rotates. Static shot with no camera movement.,A row of colorful wooden blocks lined up on a wooden table with a wooden stick attached to a black rotating platform. The platform rotates clockwise and the wooden stick hits the first block as it rotates. Static shot with no camera movement.,benchmark_op_unmodified,PhysDelta2010_subset,,physicsiq/inputs/0035.png,physicsiq/inputs/0035.png,physicsiq/conditions/condition_0031.pt
opref_0036_f300_s43278311,0036,block-domino,H2_ADAPTER,43278311,49,24,30,1.2,,,A row of colorful wooden blocks lined up on a wooden table with a wooden stick attached to a black rotating platform. The platform rotates clockwise and the wooden stick hits the first block as it rotates. Static shot with no camera movement.,A row of colorful wooden blocks lined up on a wooden table with a wooden stick attached to a black rotating platform. The platform rotates clockwise and the wooden stick hits the first block as it rotates. Static shot with no camera movement.,A row of colorful wooden blocks lined up on a wooden table with a wooden stick attached to a black rotating platform. The platform rotates clockwise and the wooden stick hits the first block as it rotates. Static shot with no camera movement.,benchmark_op_unmodified,PhysDelta2010_subset,,physicsiq/inputs/0036.png,physicsiq/inputs/0036.png,physicsiq/conditions/condition_0032.pt
opref_0036_f300_s56382197,0036,block-domino,H2_ADAPTER,56382197,49,24,30,1.2,,,A row of colorful wooden blocks lined up on a wooden table with a wooden stick attached to a black rotating platform. The platform rotates clockwise and the wooden stick hits the first block as it rotates. Static shot with no camera movement.,A row of colorful wooden blocks lined up on a wooden table with a wooden stick attached to a black rotating platform. The platform rotates clockwise and the wooden stick hits the first block as it rotates. Static shot with no camera movement.,A row of colorful wooden blocks lined up on a wooden table with a wooden stick attached to a black rotating platform. The platform rotates clockwise and the wooden stick hits the first block as it rotates. Static shot with no camera movement.,benchmark_op_unmodified,PhysDelta2010_subset,,physicsiq/inputs/0036.png,physicsiq/inputs/0036.png,physicsiq/conditions/condition_0032.pt
opref_0036_f300_s68491523,0036,block-domino,H2_ADAPTER,68491523,49,24,30,1.2,,,A row of colorful wooden blocks lined up on a wooden table with a wooden stick attached to a black rotating platform. The platform rotates clockwise and the wooden stick hits the first block as it rotates. Static shot with no camera movement.,A row of colorful wooden blocks lined up on a wooden table with a wooden stick attached to a black rotating platform. The platform rotates clockwise and the wooden stick hits the first block as it rotates. Static shot with no camera movement.,A row of colorful wooden blocks lined up on a wooden table with a wooden stick attached to a black rotating platform. The platform rotates clockwise and the wooden stick hits the first block as it rotates. Static shot with no camera movement.,benchmark_op_unmodified,PhysDelta2010_subset,,physicsiq/inputs/0036.png,physicsiq/inputs/0036.png,physicsiq/conditions/condition_0032.pt
oprem_0040_mass10_s43278311,0040,cut-orange,H2_ADAPTER,43278311,49,24,30,1.2,,,A tangerine that has been cut in half is placed on a glass cutting board. A knife is slicing through the tangerine. Static shot with no camera movement.,A tangerine that has been cut in half is placed on a glass cutting board. A knife is slicing through the tangerine. Static shot with no camera movement.,A tangerine that has been cut in half is placed on a glass cutting board. A knife is slicing through the tangerine. Static shot with no camera movement.,benchmark_op_unmodified,PhysDelta2010_subset,,physicsiq/inputs/0040.png,physicsiq/inputs/0040.png,physicsiq/conditions/condition_0033.pt
oprem_0040_mass10_s56382197,0040,cut-orange,H2_ADAPTER,56382197,49,24,30,1.2,,,A tangerine that has been cut in half is placed on a glass cutting board. A knife is slicing through the tangerine. Static shot with no camera movement.,A tangerine that has been cut in half is placed on a glass cutting board. A knife is slicing through the tangerine. Static shot with no camera movement.,A tangerine that has been cut in half is placed on a glass cutting board. A knife is slicing through the tangerine. Static shot with no camera movement.,benchmark_op_unmodified,PhysDelta2010_subset,,physicsiq/inputs/0040.png,physicsiq/inputs/0040.png,physicsiq/conditions/condition_0033.pt
oprem_0040_mass10_s68491523,0040,cut-orange,H2_ADAPTER,68491523,49,24,30,1.2,,,A tangerine that has been cut in half is placed on a glass cutting board. A knife is slicing through the tangerine. Static shot with no camera movement.,A tangerine that has been cut in half is placed on a glass cutting board. A knife is slicing through the tangerine. Static shot with no camera movement.,A tangerine that has been cut in half is placed on a glass cutting board. A knife is slicing through the tangerine. Static shot with no camera movement.,benchmark_op_unmodified,PhysDelta2010_subset,,physicsiq/inputs/0040.png,physicsiq/inputs/0040.png,physicsiq/conditions/condition_0033.pt
opref_0051_object_f050_s43278311,0051,dominos-with-space,H2_ADAPTER,43278311,49,24,30,1.2,,,Two rows of alternating black and white dominoes are set up on a wooden table with a gap between the two rows. A wooden stick attached to a rotating platform rotates clockwise and knocks the first domino in the first row. Static shot with no camera movement.,Two rows of alternating black and white dominoes are set up on a wooden table with a gap between the two rows. A wooden stick attached to a rotating platform rotates clockwise and knocks the first domino in the first row. Static shot with no camera movement.,Two rows of alternating black and white dominoes are set up on a wooden table with a gap between the two rows. A wooden stick attached to a rotating platform rotates clockwise and knocks the first domino in the first row. Static shot with no camera movement.,benchmark_op_unmodified,PhysDelta2010_subset,,physicsiq/inputs/0051.png,physicsiq/inputs/0051.png,physicsiq/conditions/condition_0034.pt
opref_0051_object_f050_s56382197,0051,dominos-with-space,H2_ADAPTER,56382197,49,24,30,1.2,,,Two rows of alternating black and white dominoes are set up on a wooden table with a gap between the two rows. A wooden stick attached to a rotating platform rotates clockwise and knocks the first domino in the first row. Static shot with no camera movement.,Two rows of alternating black and white dominoes are set up on a wooden table with a gap between the two rows. A wooden stick attached to a rotating platform rotates clockwise and knocks the first domino in the first row. Static shot with no camera movement.,Two rows of alternating black and white dominoes are set up on a wooden table with a gap between the two rows. A wooden stick attached to a rotating platform rotates clockwise and knocks the first domino in the first row. Static shot with no camera movement.,benchmark_op_unmodified,PhysDelta2010_subset,,physicsiq/inputs/0051.png,physicsiq/inputs/0051.png,physicsiq/conditions/condition_0034.pt
opref_0051_object_f050_s68491523,0051,dominos-with-space,H2_ADAPTER,68491523,49,24,30,1.2,,,Two rows of alternating black and white dominoes are set up on a wooden table with a gap between the two rows. A wooden stick attached to a rotating platform rotates clockwise and knocks the first domino in the first row. Static shot with no camera movement.,Two rows of alternating black and white dominoes are set up on a wooden table with a gap between the two rows. A wooden stick attached to a rotating platform rotates clockwise and knocks the first domino in the first row. Static shot with no camera movement.,Two rows of alternating black and white dominoes are set up on a wooden table with a gap between the two rows. A wooden stick attached to a rotating platform rotates clockwise and knocks the first domino in the first row. Static shot with no camera movement.,benchmark_op_unmodified,PhysDelta2010_subset,,physicsiq/inputs/0051.png,physicsiq/inputs/0051.png,physicsiq/conditions/condition_0034.pt
oprem_0052_g05_s43278311,0052,double-cradle,H2_ADAPTER,43278311,49,24,30,1.2,,,A Newton's cradle device on the table and two of the metal balls are held up by a blue handled grabber tool. The claw releases the two balls. Static shot with no camera movement.,A Newton's cradle device on the table and two of the metal balls are held up by a blue handled grabber tool. The claw releases the two balls. Static shot with no camera movement.,A Newton's cradle device on the table and two of the metal balls are held up by a blue handled grabber tool. The claw releases the two balls. Static shot with no camera movement.,benchmark_op_unmodified,PhysDelta2010_subset,,physicsiq/inputs/0052.png,physicsiq/inputs/0052.png,physicsiq/conditions/condition_0035.pt
oprem_0052_g05_s56382197,0052,double-cradle,H2_ADAPTER,56382197,49,24,30,1.2,,,A Newton's cradle device on the table and two of the metal balls are held up by a blue handled grabber tool. The claw releases the two balls. Static shot with no camera movement.,A Newton's cradle device on the table and two of the metal balls are held up by a blue handled grabber tool. The claw releases the two balls. Static shot with no camera movement.,A Newton's cradle device on the table and two of the metal balls are held up by a blue handled grabber tool. The claw releases the two balls. Static shot with no camera movement.,benchmark_op_unmodified,PhysDelta2010_subset,,physicsiq/inputs/0052.png,physicsiq/inputs/0052.png,physicsiq/conditions/condition_0035.pt
oprem_0052_g05_s68491523,0052,double-cradle,H2_ADAPTER,68491523,49,24,30,1.2,,,A Newton's cradle device on the table and two of the metal balls are held up by a blue handled grabber tool. The claw releases the two balls. Static shot with no camera movement.,A Newton's cradle device on the table and two of the metal balls are held up by a blue handled grabber tool. The claw releases the two balls. Static shot with no camera movement.,A Newton's cradle device on the table and two of the metal balls are held up by a blue handled grabber tool. The claw releases the two balls. Static shot with no camera movement.,benchmark_op_unmodified,PhysDelta2010_subset,,physicsiq/inputs/0052.png,physicsiq/inputs/0052.png,physicsiq/conditions/condition_0035.pt
oprem_0054_g05_s43278311,0054,double-cradle,H2_ADAPTER,43278311,49,24,30,1.2,,,A Newton's cradle device on the table and two of the metal balls are held up by a blue handled grabber tool. The claw releases the two balls. Static shot with no camera movement.,A Newton's cradle device on the table and two of the metal balls are held up by a blue handled grabber tool. The claw releases the two balls. Static shot with no camera movement.,A Newton's cradle device on the table and two of the metal balls are held up by a blue handled grabber tool. The claw releases the two balls. Static shot with no camera movement.,benchmark_op_unmodified,PhysDelta2010_subset,,physicsiq/inputs/0054.png,physicsiq/inputs/0054.png,physicsiq/conditions/condition_0036.pt
oprem_0054_g05_s56382197,0054,double-cradle,H2_ADAPTER,56382197,49,24,30,1.2,,,A Newton's cradle device on the table and two of the metal balls are held up by a blue handled grabber tool. The claw releases the two balls. Static shot with no camera movement.,A Newton's cradle device on the table and two of the metal balls are held up by a blue handled grabber tool. The claw releases the two balls. Static shot with no camera movement.,A Newton's cradle device on the table and two of the metal balls are held up by a blue handled grabber tool. The claw releases the two balls. Static shot with no camera movement.,benchmark_op_unmodified,PhysDelta2010_subset,,physicsiq/inputs/0054.png,physicsiq/inputs/0054.png,physicsiq/conditions/condition_0036.pt
oprem_0054_g05_s68491523,0054,double-cradle,H2_ADAPTER,68491523,49,24,30,1.2,,,A Newton's cradle device on the table and two of the metal balls are held up by a blue handled grabber tool. The claw releases the two balls. Static shot with no camera movement.,A Newton's cradle device on the table and two of the metal balls are held up by a blue handled grabber tool. The claw releases the two balls. Static shot with no camera movement.,A Newton's cradle device on the table and two of the metal balls are held up by a blue handled grabber tool. The claw releases the two balls. Static shot with no camera movement.,benchmark_op_unmodified,PhysDelta2010_subset,,physicsiq/inputs/0054.png,physicsiq/inputs/0054.png,physicsiq/conditions/condition_0036.pt
oprem_0055_mass10_s43278311,0055,duck-and-dominos,H2_ADAPTER,43278311,49,24,30,1.2,,,A yellow rubber duck is positioned in the middle of a line of black and white dominoes on a wooden table. A stick attached to a black rotating platform rotates clockwise and knocks the first domino block. Static shot with no camera movement.,A yellow rubber duck is positioned in the middle of a line of black and white dominoes on a wooden table. A stick attached to a black rotating platform rotates clockwise and knocks the first domino block. Static shot with no camera movement.,A yellow rubber duck is positioned in the middle of a line of black and white dominoes on a wooden table. A stick attached to a black rotating platform rotates clockwise and knocks the first domino block. Static shot with no camera movement.,benchmark_op_unmodified,PhysDelta2010_subset,,physicsiq/inputs/0055.png,physicsiq/inputs/0055.png,physicsiq/conditions/condition_0037.pt
oprem_0055_mass10_s56382197,0055,duck-and-dominos,H2_ADAPTER,56382197,49,24,30,1.2,,,A yellow rubber duck is positioned in the middle of a line of black and white dominoes on a wooden table. A stick attached to a black rotating platform rotates clockwise and knocks the first domino block. Static shot with no camera movement.,A yellow rubber duck is positioned in the middle of a line of black and white dominoes on a wooden table. A stick attached to a black rotating platform rotates clockwise and knocks the first domino block. Static shot with no camera movement.,A yellow rubber duck is positioned in the middle of a line of black and white dominoes on a wooden table. A stick attached to a black rotating platform rotates clockwise and knocks the first domino block. Static shot with no camera movement.,benchmark_op_unmodified,PhysDelta2010_subset,,physicsiq/inputs/0055.png,physicsiq/inputs/0055.png,physicsiq/conditions/condition_0037.pt
oprem_0055_mass10_s68491523,0055,duck-and-dominos,H2_ADAPTER,68491523,49,24,30,1.2,,,A yellow rubber duck is positioned in the middle of a line of black and white dominoes on a wooden table. A stick attached to a black rotating platform rotates clockwise and knocks the first domino block. Static shot with no camera movement.,A yellow rubber duck is positioned in the middle of a line of black and white dominoes on a wooden table. A stick attached to a black rotating platform rotates clockwise and knocks the first domino block. Static shot with no camera movement.,A yellow rubber duck is positioned in the middle of a line of black and white dominoes on a wooden table. A stick attached to a black rotating platform rotates clockwise and knocks the first domino block. Static shot with no camera movement.,benchmark_op_unmodified,PhysDelta2010_subset,,physicsiq/inputs/0055.png,physicsiq/inputs/0055.png,physicsiq/conditions/condition_0037.pt
oprem_0057_mass10_s43278311,0057,duck-and-dominos,H2_ADAPTER,43278311,49,24,30,1.2,,,A yellow rubber duck is positioned in the middle of a line of black and white dominoes on a wooden table. A stick attached to a black rotating platform rotates clockwise and knocks the first domino block. Static shot with no camera movement.,A yellow rubber duck is positioned in the middle of a line of black and white dominoes on a wooden table. A stick attached to a black rotating platform rotates clockwise and knocks the first domino block. Static shot with no camera movement.,A yellow rubber duck is positioned in the middle of a line of black and white dominoes on a wooden table. A stick attached to a black rotating platform rotates clockwise and knocks the first domino block. Static shot with no camera movement.,benchmark_op_unmodified,PhysDelta2010_subset,,physicsiq/inputs/0057.png,physicsiq/inputs/0057.png,physicsiq/conditions/condition_0038.pt
oprem_0057_mass10_s56382197,0057,duck-and-dominos,H2_ADAPTER,56382197,49,24,30,1.2,,,A yellow rubber duck is positioned in the middle of a line of black and white dominoes on a wooden table. A stick attached to a black rotating platform rotates clockwise and knocks the first domino block. Static shot with no camera movement.,A yellow rubber duck is positioned in the middle of a line of black and white dominoes on a wooden table. A stick attached to a black rotating platform rotates clockwise and knocks the first domino block. Static shot with no camera movement.,A yellow rubber duck is positioned in the middle of a line of black and white dominoes on a wooden table. A stick attached to a black rotating platform rotates clockwise and knocks the first domino block. Static shot with no camera movement.,benchmark_op_unmodified,PhysDelta2010_subset,,physicsiq/inputs/0057.png,physicsiq/inputs/0057.png,physicsiq/conditions/condition_0038.pt
oprem_0057_mass10_s68491523,0057,duck-and-dominos,H2_ADAPTER,68491523,49,24,30,1.2,,,A yellow rubber duck is positioned in the middle of a line of black and white dominoes on a wooden table. A stick attached to a black rotating platform rotates clockwise and knocks the first domino block. Static shot with no camera movement.,A yellow rubber duck is positioned in the middle of a line of black and white dominoes on a wooden table. A stick attached to a black rotating platform rotates clockwise and knocks the first domino block. Static shot with no camera movement.,A yellow rubber duck is positioned in the middle of a line of black and white dominoes on a wooden table. A stick attached to a black rotating platform rotates clockwise and knocks the first domino block. Static shot with no camera movement.,benchmark_op_unmodified,PhysDelta2010_subset,,physicsiq/inputs/0057.png,physicsiq/inputs/0057.png,physicsiq/conditions/condition_0038.pt
oprem_0058_e0_s43278311,0058,duck-falls-in-box,H2_ADAPTER,43278311,49,24,30,1.2,,,A yellow rubber ducky is suspended above an open dark green fabric box on a wooden table. The duck is then released. Static shot with no camera movement.,A yellow rubber ducky is suspended above an open dark green fabric box on a wooden table. The duck is then released. Static shot with no camera movement.,A yellow rubber ducky is suspended above an open dark green fabric box on a wooden table. The duck is then released. Static shot with no camera movement.,benchmark_op_unmodified,PhysDelta2010_subset,,physicsiq/inputs/0058.png,physicsiq/inputs/0058.png,physicsiq/conditions/condition_0039.pt
oprem_0058_e0_s56382197,0058,duck-falls-in-box,H2_ADAPTER,56382197,49,24,30,1.2,,,A yellow rubber ducky is suspended above an open dark green fabric box on a wooden table. The duck is then released. Static shot with no camera movement.,A yellow rubber ducky is suspended above an open dark green fabric box on a wooden table. The duck is then released. Static shot with no camera movement.,A yellow rubber ducky is suspended above an open dark green fabric box on a wooden table. The duck is then released. Static shot with no camera movement.,benchmark_op_unmodified,PhysDelta2010_subset,,physicsiq/inputs/0058.png,physicsiq/inputs/0058.png,physicsiq/conditions/condition_0039.pt
oprem_0058_e0_s68491523,0058,duck-falls-in-box,H2_ADAPTER,68491523,49,24,30,1.2,,,A yellow rubber ducky is suspended above an open dark green fabric box on a wooden table. The duck is then released. Static shot with no camera movement.,A yellow rubber ducky is suspended above an open dark green fabric box on a wooden table. The duck is then released. Static shot with no camera movement.,A yellow rubber ducky is suspended above an open dark green fabric box on a wooden table. The duck is then released. Static shot with no camera movement.,benchmark_op_unmodified,PhysDelta2010_subset,,physicsiq/inputs/0058.png,physicsiq/inputs/0058.png,physicsiq/conditions/condition_0039.pt
oprem_0059_e0_s43278311,0059,duck-falls-in-box,H2_ADAPTER,43278311,49,24,30,1.2,,,A yellow rubber ducky is suspended above an open dark green fabric box on a wooden table. The duck is then released. Static shot with no camera movement.,A yellow rubber ducky is suspended above an open dark green fabric box on a wooden table. The duck is then released. Static shot with no camera movement.,A yellow rubber ducky is suspended above an open dark green fabric box on a wooden table. The duck is then released. Static shot with no camera movement.,benchmark_op_unmodified,PhysDelta2010_subset,,physicsiq/inputs/0059.png,physicsiq/inputs/0059.png,physicsiq/conditions/condition_0040.pt
oprem_0059_e0_s56382197,0059,duck-falls-in-box,H2_ADAPTER,56382197,49,24,30,1.2,,,A yellow rubber ducky is suspended above an open dark green fabric box on a wooden table. The duck is then released. Static shot with no camera movement.,A yellow rubber ducky is suspended above an open dark green fabric box on a wooden table. The duck is then released. Static shot with no camera movement.,A yellow rubber ducky is suspended above an open dark green fabric box on a wooden table. The duck is then released. Static shot with no camera movement.,benchmark_op_unmodified,PhysDelta2010_subset,,physicsiq/inputs/0059.png,physicsiq/inputs/0059.png,physicsiq/conditions/condition_0040.pt
oprem_0059_e0_s68491523,0059,duck-falls-in-box,H2_ADAPTER,68491523,49,24,30,1.2,,,A yellow rubber ducky is suspended above an open dark green fabric box on a wooden table. The duck is then released. Static shot with no camera movement.,A yellow rubber ducky is suspended above an open dark green fabric box on a wooden table. The duck is then released. Static shot with no camera movement.,A yellow rubber ducky is suspended above an open dark green fabric box on a wooden table. The duck is then released. Static shot with no camera movement.,benchmark_op_unmodified,PhysDelta2010_subset,,physicsiq/inputs/0059.png,physicsiq/inputs/0059.png,physicsiq/conditions/condition_0040.pt
oprem_0060_e0_s43278311,0060,duck-falls-in-box,H2_ADAPTER,43278311,49,24,30,1.2,,,A yellow rubber ducky is suspended above an open dark green fabric box on a wooden table. The duck is then released. Static shot with no camera movement.,A yellow rubber ducky is suspended above an open dark green fabric box on a wooden table. The duck is then released. Static shot with no camera movement.,A yellow rubber ducky is suspended above an open dark green fabric box on a wooden table. The duck is then released. Static shot with no camera movement.,benchmark_op_unmodified,PhysDelta2010_subset,,physicsiq/inputs/0060.png,physicsiq/inputs/0060.png,physicsiq/conditions/condition_0041.pt
oprem_0060_e0_s56382197,0060,duck-falls-in-box,H2_ADAPTER,56382197,49,24,30,1.2,,,A yellow rubber ducky is suspended above an open dark green fabric box on a wooden table. The duck is then released. Static shot with no camera movement.,A yellow rubber ducky is suspended above an open dark green fabric box on a wooden table. The duck is then released. Static shot with no camera movement.,A yellow rubber ducky is suspended above an open dark green fabric box on a wooden table. The duck is then released. Static shot with no camera movement.,benchmark_op_unmodified,PhysDelta2010_subset,,physicsiq/inputs/0060.png,physicsiq/inputs/0060.png,physicsiq/conditions/condition_0041.pt
oprem_0060_e0_s68491523,0060,duck-falls-in-box,H2_ADAPTER,68491523,49,24,30,1.2,,,A yellow rubber ducky is suspended above an open dark green fabric box on a wooden table. The duck is then released. Static shot with no camera movement.,A yellow rubber ducky is suspended above an open dark green fabric box on a wooden table. The duck is then released. Static shot with no camera movement.,A yellow rubber ducky is suspended above an open dark green fabric box on a wooden table. The duck is then released. Static shot with no camera movement.,benchmark_op_unmodified,PhysDelta2010_subset,,physicsiq/inputs/0060.png,physicsiq/inputs/0060.png,physicsiq/conditions/condition_0041.pt
oprem_0061_mass10_s43278311,0061,duck-static,H2_ADAPTER,43278311,49,24,30,1.2,,,A stationary yellow rubber duck on a light brown wooden table against a plain white background. Static shot with no camera movement.,A stationary yellow rubber duck on a light brown wooden table against a plain white background. Static shot with no camera movement.,A stationary yellow rubber duck on a light brown wooden table against a plain white background. Static shot with no camera movement.,benchmark_op_unmodified,PhysDelta2010_subset,,physicsiq/inputs/0061.png,physicsiq/inputs/0061.png,physicsiq/conditions/condition_0042.pt
oprem_0061_mass10_s56382197,0061,duck-static,H2_ADAPTER,56382197,49,24,30,1.2,,,A stationary yellow rubber duck on a light brown wooden table against a plain white background. Static shot with no camera movement.,A stationary yellow rubber duck on a light brown wooden table against a plain white background. Static shot with no camera movement.,A stationary yellow rubber duck on a light brown wooden table against a plain white background. Static shot with no camera movement.,benchmark_op_unmodified,PhysDelta2010_subset,,physicsiq/inputs/0061.png,physicsiq/inputs/0061.png,physicsiq/conditions/condition_0042.pt
oprem_0061_mass10_s68491523,0061,duck-static,H2_ADAPTER,68491523,49,24,30,1.2,,,A stationary yellow rubber duck on a light brown wooden table against a plain white background. Static shot with no camera movement.,A stationary yellow rubber duck on a light brown wooden table against a plain white background. Static shot with no camera movement.,A stationary yellow rubber duck on a light brown wooden table against a plain white background. Static shot with no camera movement.,benchmark_op_unmodified,PhysDelta2010_subset,,physicsiq/inputs/0061.png,physicsiq/inputs/0061.png,physicsiq/conditions/condition_0042.pt
oprem_0062_mass10_s43278311,0062,duck-static,H2_ADAPTER,43278311,49,24,30,1.2,,,A stationary yellow rubber duck on a light brown wooden table against a plain white background. Static shot with no camera movement.,A stationary yellow rubber duck on a light brown wooden table against a plain white background. Static shot with no camera movement.,A stationary yellow rubber duck on a light brown wooden table against a plain white background. Static shot with no camera movement.,benchmark_op_unmodified,PhysDelta2010_subset,,physicsiq/inputs/0062.png,physicsiq/inputs/0062.png,physicsiq/conditions/condition_0043.pt
oprem_0062_mass10_s56382197,0062,duck-static,H2_ADAPTER,56382197,49,24,30,1.2,,,A stationary yellow rubber duck on a light brown wooden table against a plain white background. Static shot with no camera movement.,A stationary yellow rubber duck on a light brown wooden table against a plain white background. Static shot with no camera movement.,A stationary yellow rubber duck on a light brown wooden table against a plain white background. Static shot with no camera movement.,benchmark_op_unmodified,PhysDelta2010_subset,,physicsiq/inputs/0062.png,physicsiq/inputs/0062.png,physicsiq/conditions/condition_0043.pt
oprem_0062_mass10_s68491523,0062,duck-static,H2_ADAPTER,68491523,49,24,30,1.2,,,A stationary yellow rubber duck on a light brown wooden table against a plain white background. Static shot with no camera movement.,A stationary yellow rubber duck on a light brown wooden table against a plain white background. Static shot with no camera movement.,A stationary yellow rubber duck on a light brown wooden table against a plain white background. Static shot with no camera movement.,benchmark_op_unmodified,PhysDelta2010_subset,,physicsiq/inputs/0062.png,physicsiq/inputs/0062.png,physicsiq/conditions/condition_0043.pt
oprem_0063_mass10_s43278311,0063,duck-static,H2_ADAPTER,43278311,49,24,30,1.2,,,A stationary yellow rubber duck on a light brown wooden table against a plain white background. Static shot with no camera movement.,A stationary yellow rubber duck on a light brown wooden table against a plain white background. Static shot with no camera movement.,A stationary yellow rubber duck on a light brown wooden table against a plain white background. Static shot with no camera movement.,benchmark_op_unmodified,PhysDelta2010_subset,,physicsiq/inputs/0063.png,physicsiq/inputs/0063.png,physicsiq/conditions/condition_0044.pt
oprem_0063_mass10_s56382197,0063,duck-static,H2_ADAPTER,56382197,49,24,30,1.2,,,A stationary yellow rubber duck on a light brown wooden table against a plain white background. Static shot with no camera movement.,A stationary yellow rubber duck on a light brown wooden table against a plain white background. Static shot with no camera movement.,A stationary yellow rubber duck on a light brown wooden table against a plain white background. Static shot with no camera movement.,benchmark_op_unmodified,PhysDelta2010_subset,,physicsiq/inputs/0063.png,physicsiq/inputs/0063.png,physicsiq/conditions/condition_0044.pt
oprem_0063_mass10_s68491523,0063,duck-static,H2_ADAPTER,68491523,49,24,30,1.2,,,A stationary yellow rubber duck on a light brown wooden table against a plain white background. Static shot with no camera movement.,A stationary yellow rubber duck on a light brown wooden table against a plain white background. Static shot with no camera movement.,A stationary yellow rubber duck on a light brown wooden table against a plain white background. Static shot with no camera movement.,benchmark_op_unmodified,PhysDelta2010_subset,,physicsiq/inputs/0063.png,physicsiq/inputs/0063.png,physicsiq/conditions/condition_0044.pt
oursop_0103_s43278311,0103,marble-run-x,H2_ADAPTER,43278311,49,24,30,1.2,,,A few magnetic ramps are attached to a whiteboard for a game of marble run. A yellow marble is released at the top of the ramps and slides down the ramps. Static shot with no camera movement.,A few magnetic ramps are attached to a whiteboard for a game of marble run. A yellow marble is released at the top of the ramps and slides down the ramps. Static shot with no camera movement.,A few magnetic ramps are attached to a whiteboard for a game of marble run. A yellow marble is released at the top of the ramps and slides down the ramps. Static shot with no camera movement.,benchmark_op_unmodified,PhysDelta2010_subset,"{""e_edge_kind"": null, ""e_node_encoded"": null, ""e_object_edge_raw"": null, ""e_physical"": null, ""e_support_edge_encoded"": null, ""force_active_latent_slots"": [], ""force_angle_degrees"": [], ""force_encoded"": null, ""force_object_indices"": [], ""force_raw"": null, ""g_encoded"": 1.0, ""g_physical_m_s2"": 9.8, ""mu"": 0.1}",physicsiq/inputs/0103.png,physicsiq/inputs/0103.png,physicsiq/conditions/condition_0045.pt
oursop_0103_s56382197,0103,marble-run-x,H2_ADAPTER,56382197,49,24,30,1.2,,,A few magnetic ramps are attached to a whiteboard for a game of marble run. A yellow marble is released at the top of the ramps and slides down the ramps. Static shot with no camera movement.,A few magnetic ramps are attached to a whiteboard for a game of marble run. A yellow marble is released at the top of the ramps and slides down the ramps. Static shot with no camera movement.,A few magnetic ramps are attached to a whiteboard for a game of marble run. A yellow marble is released at the top of the ramps and slides down the ramps. Static shot with no camera movement.,benchmark_op_unmodified,PhysDelta2010_subset,"{""e_edge_kind"": null, ""e_node_encoded"": null, ""e_object_edge_raw"": null, ""e_physical"": null, ""e_support_edge_encoded"": null, ""force_active_latent_slots"": [], ""force_angle_degrees"": [], ""force_encoded"": null, ""force_object_indices"": [], ""force_raw"": null, ""g_encoded"": 1.0, ""g_physical_m_s2"": 9.8, ""mu"": 0.1}",physicsiq/inputs/0103.png,physicsiq/inputs/0103.png,physicsiq/conditions/condition_0045.pt
oursop_0103_s68491523,0103,marble-run-x,H2_ADAPTER,68491523,49,24,30,1.2,,,A few magnetic ramps are attached to a whiteboard for a game of marble run. A yellow marble is released at the top of the ramps and slides down the ramps. Static shot with no camera movement.,A few magnetic ramps are attached to a whiteboard for a game of marble run. A yellow marble is released at the top of the ramps and slides down the ramps. Static shot with no camera movement.,A few magnetic ramps are attached to a whiteboard for a game of marble run. A yellow marble is released at the top of the ramps and slides down the ramps. Static shot with no camera movement.,benchmark_op_unmodified,PhysDelta2010_subset,"{""e_edge_kind"": null, ""e_node_encoded"": null, ""e_object_edge_raw"": null, ""e_physical"": null, ""e_support_edge_encoded"": null, ""force_active_latent_slots"": [], ""force_angle_degrees"": [], ""force_encoded"": null, ""force_object_indices"": [], ""force_raw"": null, ""g_encoded"": 1.0, ""g_physical_m_s2"": 9.8, ""mu"": 0.1}",physicsiq/inputs/0103.png,physicsiq/inputs/0103.png,physicsiq/conditions/condition_0045.pt
oursop_0104_s43278311,0104,marble-run-x,H2_ADAPTER,43278311,49,24,30,1.2,,,A few magnetic ramps are attached to a whiteboard for a game of marble run. A yellow marble is released at the top of the ramps and slides down the ramps. Static shot with no camera movement.,A few magnetic ramps are attached to a whiteboard for a game of marble run. A yellow marble is released at the top of the ramps and slides down the ramps. Static shot with no camera movement.,A few magnetic ramps are attached to a whiteboard for a game of marble run. A yellow marble is released at the top of the ramps and slides down the ramps. Static shot with no camera movement.,benchmark_op_unmodified,PhysDelta2010_subset,"{""e_edge_kind"": null, ""e_node_encoded"": null, ""e_object_edge_raw"": null, ""e_physical"": null, ""e_support_edge_encoded"": null, ""force_active_latent_slots"": [], ""force_angle_degrees"": [], ""force_encoded"": null, ""force_object_indices"": [], ""force_raw"": null, ""g_encoded"": 1.0, ""g_physical_m_s2"": 9.8, ""mu"": 0.1}",physicsiq/inputs/0104.png,physicsiq/inputs/0104.png,physicsiq/conditions/condition_0046.pt
oursop_0104_s56382197,0104,marble-run-x,H2_ADAPTER,56382197,49,24,30,1.2,,,A few magnetic ramps are attached to a whiteboard for a game of marble run. A yellow marble is released at the top of the ramps and slides down the ramps. Static shot with no camera movement.,A few magnetic ramps are attached to a whiteboard for a game of marble run. A yellow marble is released at the top of the ramps and slides down the ramps. Static shot with no camera movement.,A few magnetic ramps are attached to a whiteboard for a game of marble run. A yellow marble is released at the top of the ramps and slides down the ramps. Static shot with no camera movement.,benchmark_op_unmodified,PhysDelta2010_subset,"{""e_edge_kind"": null, ""e_node_encoded"": null, ""e_object_edge_raw"": null, ""e_physical"": null, ""e_support_edge_encoded"": null, ""force_active_latent_slots"": [], ""force_angle_degrees"": [], ""force_encoded"": null, ""force_object_indices"": [], ""force_raw"": null, ""g_encoded"": 1.0, ""g_physical_m_s2"": 9.8, ""mu"": 0.1}",physicsiq/inputs/0104.png,physicsiq/inputs/0104.png,physicsiq/conditions/condition_0046.pt
oursop_0104_s68491523,0104,marble-run-x,H2_ADAPTER,68491523,49,24,30,1.2,,,A few magnetic ramps are attached to a whiteboard for a game of marble run. A yellow marble is released at the top of the ramps and slides down the ramps. Static shot with no camera movement.,A few magnetic ramps are attached to a whiteboard for a game of marble run. A yellow marble is released at the top of the ramps and slides down the ramps. Static shot with no camera movement.,A few magnetic ramps are attached to a whiteboard for a game of marble run. A yellow marble is released at the top of the ramps and slides down the ramps. Static shot with no camera movement.,benchmark_op_unmodified,PhysDelta2010_subset,"{""e_edge_kind"": null, ""e_node_encoded"": null, ""e_object_edge_raw"": null, ""e_physical"": null, ""e_support_edge_encoded"": null, ""force_active_latent_slots"": [], ""force_angle_degrees"": [], ""force_encoded"": null, ""force_object_indices"": [], ""force_raw"": null, ""g_encoded"": 1.0, ""g_physical_m_s2"": 9.8, ""mu"": 0.1}",physicsiq/inputs/0104.png,physicsiq/inputs/0104.png,physicsiq/conditions/condition_0046.pt
oursop_0105_s43278311,0105,marble-run-x,H2_ADAPTER,43278311,49,24,30,1.2,,,A few magnetic ramps are attached to a whiteboard for a game of marble run. A yellow marble is released at the top of the ramps and slides down the ramps. Static shot with no camera movement.,A few magnetic ramps are attached to a whiteboard for a game of marble run. A yellow marble is released at the top of the ramps and slides down the ramps. Static shot with no camera movement.,A few magnetic ramps are attached to a whiteboard for a game of marble run. A yellow marble is released at the top of the ramps and slides down the ramps. Static shot with no camera movement.,benchmark_op_unmodified,PhysDelta2010_subset,"{""e_edge_kind"": null, ""e_node_encoded"": null, ""e_object_edge_raw"": null, ""e_physical"": null, ""e_support_edge_encoded"": null, ""force_active_latent_slots"": [], ""force_angle_degrees"": [], ""force_encoded"": null, ""force_object_indices"": [], ""force_raw"": null, ""g_encoded"": 1.0, ""g_physical_m_s2"": 9.8, ""mu"": 0.1}",physicsiq/inputs/0105.png,physicsiq/inputs/0105.png,physicsiq/conditions/condition_0047.pt
oursop_0105_s56382197,0105,marble-run-x,H2_ADAPTER,56382197,49,24,30,1.2,,,A few magnetic ramps are attached to a whiteboard for a game of marble run. A yellow marble is released at the top of the ramps and slides down the ramps. Static shot with no camera movement.,A few magnetic ramps are attached to a whiteboard for a game of marble run. A yellow marble is released at the top of the ramps and slides down the ramps. Static shot with no camera movement.,A few magnetic ramps are attached to a whiteboard for a game of marble run. A yellow marble is released at the top of the ramps and slides down the ramps. Static shot with no camera movement.,benchmark_op_unmodified,PhysDelta2010_subset,"{""e_edge_kind"": null, ""e_node_encoded"": null, ""e_object_edge_raw"": null, ""e_physical"": null, ""e_support_edge_encoded"": null, ""force_active_latent_slots"": [], ""force_angle_degrees"": [], ""force_encoded"": null, ""force_object_indices"": [], ""force_raw"": null, ""g_encoded"": 1.0, ""g_physical_m_s2"": 9.8, ""mu"": 0.1}",physicsiq/inputs/0105.png,physicsiq/inputs/0105.png,physicsiq/conditions/condition_0047.pt
oursop_0105_s68491523,0105,marble-run-x,H2_ADAPTER,68491523,49,24,30,1.2,,,A few magnetic ramps are attached to a whiteboard for a game of marble run. A yellow marble is released at the top of the ramps and slides down the ramps. Static shot with no camera movement.,A few magnetic ramps are attached to a whiteboard for a game of marble run. A yellow marble is released at the top of the ramps and slides down the ramps. Static shot with no camera movement.,A few magnetic ramps are attached to a whiteboard for a game of marble run. A yellow marble is released at the top of the ramps and slides down the ramps. Static shot with no camera movement.,benchmark_op_unmodified,PhysDelta2010_subset,"{""e_edge_kind"": null, ""e_node_encoded"": null, ""e_object_edge_raw"": null, ""e_physical"": null, ""e_support_edge_encoded"": null, ""force_active_latent_slots"": [], ""force_angle_degrees"": [], ""force_encoded"": null, ""force_object_indices"": [], ""force_raw"": null, ""g_encoded"": 1.0, ""g_physical_m_s2"": 9.8, ""mu"": 0.1}",physicsiq/inputs/0105.png,physicsiq/inputs/0105.png,physicsiq/conditions/condition_0047.pt
opref_0106_g0375_s43278311,0106,marble-run-y,H2_ADAPTER,43278311,49,24,30,1.2,,,A few magnetic ramps are attached to a whiteboard for a game of marble run. A yellow marble is released at the top of the ramps and slides down the ramps. Static shot with no camera movement.,A few magnetic ramps are attached to a whiteboard for a game of marble run. A yellow marble is released at the top of the ramps and slides down the ramps. Static shot with no camera movement.,A few magnetic ramps are attached to a whiteboard for a game of marble run. A yellow marble is released at the top of the ramps and slides down the ramps. Static shot with no camera movement.,benchmark_op_unmodified,PhysDelta2010_subset,,physicsiq/inputs/0106.png,physicsiq/inputs/0106.png,physicsiq/conditions/condition_0048.pt
opref_0106_g0375_s56382197,0106,marble-run-y,H2_ADAPTER,56382197,49,24,30,1.2,,,A few magnetic ramps are attached to a whiteboard for a game of marble run. A yellow marble is released at the top of the ramps and slides down the ramps. Static shot with no camera movement.,A few magnetic ramps are attached to a whiteboard for a game of marble run. A yellow marble is released at the top of the ramps and slides down the ramps. Static shot with no camera movement.,A few magnetic ramps are attached to a whiteboard for a game of marble run. A yellow marble is released at the top of the ramps and slides down the ramps. Static shot with no camera movement.,benchmark_op_unmodified,PhysDelta2010_subset,,physicsiq/inputs/0106.png,physicsiq/inputs/0106.png,physicsiq/conditions/condition_0048.pt
opref_0106_g0375_s68491523,0106,marble-run-y,H2_ADAPTER,68491523,49,24,30,1.2,,,A few magnetic ramps are attached to a whiteboard for a game of marble run. A yellow marble is released at the top of the ramps and slides down the ramps. Static shot with no camera movement.,A few magnetic ramps are attached to a whiteboard for a game of marble run. A yellow marble is released at the top of the ramps and slides down the ramps. Static shot with no camera movement.,A few magnetic ramps are attached to a whiteboard for a game of marble run. A yellow marble is released at the top of the ramps and slides down the ramps. Static shot with no camera movement.,benchmark_op_unmodified,PhysDelta2010_subset,,physicsiq/inputs/0106.png,physicsiq/inputs/0106.png,physicsiq/conditions/condition_0048.pt
opref_0107_g0375_s43278311,0107,marble-run-y,H2_ADAPTER,43278311,49,24,30,1.2,,,A few magnetic ramps are attached to a whiteboard for a game of marble run. A yellow marble is released at the top of the ramps and slides down the ramps. Static shot with no camera movement.,A few magnetic ramps are attached to a whiteboard for a game of marble run. A yellow marble is released at the top of the ramps and slides down the ramps. Static shot with no camera movement.,A few magnetic ramps are attached to a whiteboard for a game of marble run. A yellow marble is released at the top of the ramps and slides down the ramps. Static shot with no camera movement.,benchmark_op_unmodified,PhysDelta2010_subset,,physicsiq/inputs/0107.png,physicsiq/inputs/0107.png,physicsiq/conditions/condition_0049.pt
opref_0107_g0375_s56382197,0107,marble-run-y,H2_ADAPTER,56382197,49,24,30,1.2,,,A few magnetic ramps are attached to a whiteboard for a game of marble run. A yellow marble is released at the top of the ramps and slides down the ramps. Static shot with no camera movement.,A few magnetic ramps are attached to a whiteboard for a game of marble run. A yellow marble is released at the top of the ramps and slides down the ramps. Static shot with no camera movement.,A few magnetic ramps are attached to a whiteboard for a game of marble run. A yellow marble is released at the top of the ramps and slides down the ramps. Static shot with no camera movement.,benchmark_op_unmodified,PhysDelta2010_subset,,physicsiq/inputs/0107.png,physicsiq/inputs/0107.png,physicsiq/conditions/condition_0049.pt
opref_0107_g0375_s68491523,0107,marble-run-y,H2_ADAPTER,68491523,49,24,30,1.2,,,A few magnetic ramps are attached to a whiteboard for a game of marble run. A yellow marble is released at the top of the ramps and slides down the ramps. Static shot with no camera movement.,A few magnetic ramps are attached to a whiteboard for a game of marble run. A yellow marble is released at the top of the ramps and slides down the ramps. Static shot with no camera movement.,A few magnetic ramps are attached to a whiteboard for a game of marble run. A yellow marble is released at the top of the ramps and slides down the ramps. Static shot with no camera movement.,benchmark_op_unmodified,PhysDelta2010_subset,,physicsiq/inputs/0107.png,physicsiq/inputs/0107.png,physicsiq/conditions/condition_0049.pt
opref_0108_g0375_s43278311,0108,marble-run-y,H2_ADAPTER,43278311,49,24,30,1.2,,,A few magnetic ramps are attached to a whiteboard for a game of marble run. A yellow marble is released at the top of the ramps and slides down the ramps. Static shot with no camera movement.,A few magnetic ramps are attached to a whiteboard for a game of marble run. A yellow marble is released at the top of the ramps and slides down the ramps. Static shot with no camera movement.,A few magnetic ramps are attached to a whiteboard for a game of marble run. A yellow marble is released at the top of the ramps and slides down the ramps. Static shot with no camera movement.,benchmark_op_unmodified,PhysDelta2010_subset,,physicsiq/inputs/0108.png,physicsiq/inputs/0108.png,physicsiq/conditions/condition_0050.pt
opref_0108_g0375_s56382197,0108,marble-run-y,H2_ADAPTER,56382197,49,24,30,1.2,,,A few magnetic ramps are attached to a whiteboard for a game of marble run. A yellow marble is released at the top of the ramps and slides down the ramps. Static shot with no camera movement.,A few magnetic ramps are attached to a whiteboard for a game of marble run. A yellow marble is released at the top of the ramps and slides down the ramps. Static shot with no camera movement.,A few magnetic ramps are attached to a whiteboard for a game of marble run. A yellow marble is released at the top of the ramps and slides down the ramps. Static shot with no camera movement.,benchmark_op_unmodified,PhysDelta2010_subset,,physicsiq/inputs/0108.png,physicsiq/inputs/0108.png,physicsiq/conditions/condition_0050.pt
opref_0108_g0375_s68491523,0108,marble-run-y,H2_ADAPTER,68491523,49,24,30,1.2,,,A few magnetic ramps are attached to a whiteboard for a game of marble run. A yellow marble is released at the top of the ramps and slides down the ramps. Static shot with no camera movement.,A few magnetic ramps are attached to a whiteboard for a game of marble run. A yellow marble is released at the top of the ramps and slides down the ramps. Static shot with no camera movement.,A few magnetic ramps are attached to a whiteboard for a game of marble run. A yellow marble is released at the top of the ramps and slides down the ramps. Static shot with no camera movement.,benchmark_op_unmodified,PhysDelta2010_subset,,physicsiq/inputs/0108.png,physicsiq/inputs/0108.png,physicsiq/conditions/condition_0050.pt
opref_0124_e0_s43278311,0124,mug-breaks,H2_ADAPTER,43278311,49,24,30,1.2,,,A yellow mug is held by a grabber tool in front of a white projection screen with a concrete brick positioned beneath it. The grabber releases the mug. Static shot with no camera movement.,A yellow mug is held by a grabber tool in front of a white projection screen with a concrete brick positioned beneath it. The grabber releases the mug. Static shot with no camera movement.,A yellow mug is held by a grabber tool in front of a white projection screen with a concrete brick positioned beneath it. The grabber releases the mug. Static shot with no camera movement.,benchmark_op_unmodified,PhysDelta2010_subset,,physicsiq/inputs/0124.png,physicsiq/inputs/0124.png,physicsiq/conditions/condition_0051.pt
opref_0124_e0_s56382197,0124,mug-breaks,H2_ADAPTER,56382197,49,24,30,1.2,,,A yellow mug is held by a grabber tool in front of a white projection screen with a concrete brick positioned beneath it. The grabber releases the mug. Static shot with no camera movement.,A yellow mug is held by a grabber tool in front of a white projection screen with a concrete brick positioned beneath it. The grabber releases the mug. Static shot with no camera movement.,A yellow mug is held by a grabber tool in front of a white projection screen with a concrete brick positioned beneath it. The grabber releases the mug. Static shot with no camera movement.,benchmark_op_unmodified,PhysDelta2010_subset,,physicsiq/inputs/0124.png,physicsiq/inputs/0124.png,physicsiq/conditions/condition_0051.pt
opref_0124_e0_s68491523,0124,mug-breaks,H2_ADAPTER,68491523,49,24,30,1.2,,,A yellow mug is held by a grabber tool in front of a white projection screen with a concrete brick positioned beneath it. The grabber releases the mug. Static shot with no camera movement.,A yellow mug is held by a grabber tool in front of a white projection screen with a concrete brick positioned beneath it. The grabber releases the mug. Static shot with no camera movement.,A yellow mug is held by a grabber tool in front of a white projection screen with a concrete brick positioned beneath it. The grabber releases the mug. Static shot with no camera movement.,benchmark_op_unmodified,PhysDelta2010_subset,,physicsiq/inputs/0124.png,physicsiq/inputs/0124.png,physicsiq/conditions/condition_0051.pt
opref_0125_e0_s43278311,0125,mug-breaks,H2_ADAPTER,43278311,49,24,30,1.2,,,A yellow mug is held by a grabber tool in front of a white projection screen with a concrete brick positioned beneath it. The grabber releases the mug. Static shot with no camera movement.,A yellow mug is held by a grabber tool in front of a white projection screen with a concrete brick positioned beneath it. The grabber releases the mug. Static shot with no camera movement.,A yellow mug is held by a grabber tool in front of a white projection screen with a concrete brick positioned beneath it. The grabber releases the mug. Static shot with no camera movement.,benchmark_op_unmodified,PhysDelta2010_subset,,physicsiq/inputs/0125.png,physicsiq/inputs/0125.png,physicsiq/conditions/condition_0052.pt
opref_0125_e0_s56382197,0125,mug-breaks,H2_ADAPTER,56382197,49,24,30,1.2,,,A yellow mug is held by a grabber tool in front of a white projection screen with a concrete brick positioned beneath it. The grabber releases the mug. Static shot with no camera movement.,A yellow mug is held by a grabber tool in front of a white projection screen with a concrete brick positioned beneath it. The grabber releases the mug. Static shot with no camera movement.,A yellow mug is held by a grabber tool in front of a white projection screen with a concrete brick positioned beneath it. The grabber releases the mug. Static shot with no camera movement.,benchmark_op_unmodified,PhysDelta2010_subset,,physicsiq/inputs/0125.png,physicsiq/inputs/0125.png,physicsiq/conditions/condition_0052.pt
opref_0125_e0_s68491523,0125,mug-breaks,H2_ADAPTER,68491523,49,24,30,1.2,,,A yellow mug is held by a grabber tool in front of a white projection screen with a concrete brick positioned beneath it. The grabber releases the mug. Static shot with no camera movement.,A yellow mug is held by a grabber tool in front of a white projection screen with a concrete brick positioned beneath it. The grabber releases the mug. Static shot with no camera movement.,A yellow mug is held by a grabber tool in front of a white projection screen with a concrete brick positioned beneath it. The grabber releases the mug. Static shot with no camera movement.,benchmark_op_unmodified,PhysDelta2010_subset,,physicsiq/inputs/0125.png,physicsiq/inputs/0125.png,physicsiq/conditions/condition_0052.pt
opref_0126_e0_s43278311,0126,mug-breaks,H2_ADAPTER,43278311,49,24,30,1.2,,,A yellow mug is held by a grabber tool in front of a white projection screen with a concrete brick positioned beneath it. The grabber releases the mug. Static shot with no camera movement.,A yellow mug is held by a grabber tool in front of a white projection screen with a concrete brick positioned beneath it. The grabber releases the mug. Static shot with no camera movement.,A yellow mug is held by a grabber tool in front of a white projection screen with a concrete brick positioned beneath it. The grabber releases the mug. Static shot with no camera movement.,benchmark_op_unmodified,PhysDelta2010_subset,,physicsiq/inputs/0126.png,physicsiq/inputs/0126.png,physicsiq/conditions/condition_0053.pt
opref_0126_e0_s56382197,0126,mug-breaks,H2_ADAPTER,56382197,49,24,30,1.2,,,A yellow mug is held by a grabber tool in front of a white projection screen with a concrete brick positioned beneath it. The grabber releases the mug. Static shot with no camera movement.,A yellow mug is held by a grabber tool in front of a white projection screen with a concrete brick positioned beneath it. The grabber releases the mug. Static shot with no camera movement.,A yellow mug is held by a grabber tool in front of a white projection screen with a concrete brick positioned beneath it. The grabber releases the mug. Static shot with no camera movement.,benchmark_op_unmodified,PhysDelta2010_subset,,physicsiq/inputs/0126.png,physicsiq/inputs/0126.png,physicsiq/conditions/condition_0053.pt
opref_0126_e0_s68491523,0126,mug-breaks,H2_ADAPTER,68491523,49,24,30,1.2,,,A yellow mug is held by a grabber tool in front of a white projection screen with a concrete brick positioned beneath it. The grabber releases the mug. Static shot with no camera movement.,A yellow mug is held by a grabber tool in front of a white projection screen with a concrete brick positioned beneath it. The grabber releases the mug. Static shot with no camera movement.,A yellow mug is held by a grabber tool in front of a white projection screen with a concrete brick positioned beneath it. The grabber releases the mug. Static shot with no camera movement.,benchmark_op_unmodified,PhysDelta2010_subset,,physicsiq/inputs/0126.png,physicsiq/inputs/0126.png,physicsiq/conditions/condition_0053.pt
opref_0145_mu005_s43278311,0145,roll-behind-box,H2_ADAPTER,43278311,49,24,30,1.2,,,A small white lampshade is on a light wood surface. A grey tennis ball rolls out of the black tube sitting on the table and rolls on the table towards the right. Static shot with no camera movement.,A small white lampshade is on a light wood surface. A grey tennis ball rolls out of the black tube sitting on the table and rolls on the table towards the right. Static shot with no camera movement.,A small white lampshade is on a light wood surface. A grey tennis ball rolls out of the black tube sitting on the table and rolls on the table towards the right. Static shot with no camera movement.,benchmark_op_unmodified,PhysDelta2010_subset,,physicsiq/inputs/0145.png,physicsiq/inputs/0145.png,physicsiq/conditions/condition_0054.pt
opref_0145_mu005_s56382197,0145,roll-behind-box,H2_ADAPTER,56382197,49,24,30,1.2,,,A small white lampshade is on a light wood surface. A grey tennis ball rolls out of the black tube sitting on the table and rolls on the table towards the right. Static shot with no camera movement.,A small white lampshade is on a light wood surface. A grey tennis ball rolls out of the black tube sitting on the table and rolls on the table towards the right. Static shot with no camera movement.,A small white lampshade is on a light wood surface. A grey tennis ball rolls out of the black tube sitting on the table and rolls on the table towards the right. Static shot with no camera movement.,benchmark_op_unmodified,PhysDelta2010_subset,,physicsiq/inputs/0145.png,physicsiq/inputs/0145.png,physicsiq/conditions/condition_0054.pt
opref_0145_mu005_s68491523,0145,roll-behind-box,H2_ADAPTER,68491523,49,24,30,1.2,,,A small white lampshade is on a light wood surface. A grey tennis ball rolls out of the black tube sitting on the table and rolls on the table towards the right. Static shot with no camera movement.,A small white lampshade is on a light wood surface. A grey tennis ball rolls out of the black tube sitting on the table and rolls on the table towards the right. Static shot with no camera movement.,A small white lampshade is on a light wood surface. A grey tennis ball rolls out of the black tube sitting on the table and rolls on the table towards the right. Static shot with no camera movement.,benchmark_op_unmodified,PhysDelta2010_subset,,physicsiq/inputs/0145.png,physicsiq/inputs/0145.png,physicsiq/conditions/condition_0054.pt
opref_0146_mu005_s43278311,0146,roll-behind-box,H2_ADAPTER,43278311,49,24,30,1.2,,,A small white lampshade is on a light wood surface. A grey tennis ball rolls out of the black tube sitting on the table and rolls on the table towards the right. Static shot with no camera movement.,A small white lampshade is on a light wood surface. A grey tennis ball rolls out of the black tube sitting on the table and rolls on the table towards the right. Static shot with no camera movement.,A small white lampshade is on a light wood surface. A grey tennis ball rolls out of the black tube sitting on the table and rolls on the table towards the right. Static shot with no camera movement.,benchmark_op_unmodified,PhysDelta2010_subset,,physicsiq/inputs/0146.png,physicsiq/inputs/0146.png,physicsiq/conditions/condition_0055.pt
opref_0146_mu005_s56382197,0146,roll-behind-box,H2_ADAPTER,56382197,49,24,30,1.2,,,A small white lampshade is on a light wood surface. A grey tennis ball rolls out of the black tube sitting on the table and rolls on the table towards the right. Static shot with no camera movement.,A small white lampshade is on a light wood surface. A grey tennis ball rolls out of the black tube sitting on the table and rolls on the table towards the right. Static shot with no camera movement.,A small white lampshade is on a light wood surface. A grey tennis ball rolls out of the black tube sitting on the table and rolls on the table towards the right. Static shot with no camera movement.,benchmark_op_unmodified,PhysDelta2010_subset,,physicsiq/inputs/0146.png,physicsiq/inputs/0146.png,physicsiq/conditions/condition_0055.pt
opref_0146_mu005_s68491523,0146,roll-behind-box,H2_ADAPTER,68491523,49,24,30,1.2,,,A small white lampshade is on a light wood surface. A grey tennis ball rolls out of the black tube sitting on the table and rolls on the table towards the right. Static shot with no camera movement.,A small white lampshade is on a light wood surface. A grey tennis ball rolls out of the black tube sitting on the table and rolls on the table towards the right. Static shot with no camera movement.,A small white lampshade is on a light wood surface. A grey tennis ball rolls out of the black tube sitting on the table and rolls on the table towards the right. Static shot with no camera movement.,benchmark_op_unmodified,PhysDelta2010_subset,,physicsiq/inputs/0146.png,physicsiq/inputs/0146.png,physicsiq/conditions/condition_0055.pt
opref_0147_mu005_s43278311,0147,roll-behind-box,H2_ADAPTER,43278311,49,24,30,1.2,,,A small white lampshade is on a light wood surface. A grey tennis ball rolls out of the black tube sitting on the table and rolls on the table towards the right. Static shot with no camera movement.,A small white lampshade is on a light wood surface. A grey tennis ball rolls out of the black tube sitting on the table and rolls on the table towards the right. Static shot with no camera movement.,A small white lampshade is on a light wood surface. A grey tennis ball rolls out of the black tube sitting on the table and rolls on the table towards the right. Static shot with no camera movement.,benchmark_op_unmodified,PhysDelta2010_subset,,physicsiq/inputs/0147.png,physicsiq/inputs/0147.png,physicsiq/conditions/condition_0056.pt
opref_0147_mu005_s56382197,0147,roll-behind-box,H2_ADAPTER,56382197,49,24,30,1.2,,,A small white lampshade is on a light wood surface. A grey tennis ball rolls out of the black tube sitting on the table and rolls on the table towards the right. Static shot with no camera movement.,A small white lampshade is on a light wood surface. A grey tennis ball rolls out of the black tube sitting on the table and rolls on the table towards the right. Static shot with no camera movement.,A small white lampshade is on a light wood surface. A grey tennis ball rolls out of the black tube sitting on the table and rolls on the table towards the right. Static shot with no camera movement.,benchmark_op_unmodified,PhysDelta2010_subset,,physicsiq/inputs/0147.png,physicsiq/inputs/0147.png,physicsiq/conditions/condition_0056.pt
opref_0147_mu005_s68491523,0147,roll-behind-box,H2_ADAPTER,68491523,49,24,30,1.2,,,A small white lampshade is on a light wood surface. A grey tennis ball rolls out of the black tube sitting on the table and rolls on the table towards the right. Static shot with no camera movement.,A small white lampshade is on a light wood surface. A grey tennis ball rolls out of the black tube sitting on the table and rolls on the table towards the right. Static shot with no camera movement.,A small white lampshade is on a light wood surface. A grey tennis ball rolls out of the black tube sitting on the table and rolls on the table towards the right. Static shot with no camera movement.,benchmark_op_unmodified,PhysDelta2010_subset,,physicsiq/inputs/0147.png,physicsiq/inputs/0147.png,physicsiq/conditions/condition_0056.pt
opref_0148_mu005_s43278311,0148,roll-front-box,H2_ADAPTER,43278311,49,24,30,1.2,,,A small white lampshade is on a light wood surface. A grey tennis ball rolls out of the black tube sitting on the table and rolls on the table towards the right. Static shot with no camera movement.,A small white lampshade is on a light wood surface. A grey tennis ball rolls out of the black tube sitting on the table and rolls on the table towards the right. Static shot with no camera movement.,A small white lampshade is on a light wood surface. A grey tennis ball rolls out of the black tube sitting on the table and rolls on the table towards the right. Static shot with no camera movement.,benchmark_op_unmodified,PhysDelta2010_subset,,physicsiq/inputs/0148.png,physicsiq/inputs/0148.png,physicsiq/conditions/condition_0057.pt
opref_0148_mu005_s56382197,0148,roll-front-box,H2_ADAPTER,56382197,49,24,30,1.2,,,A small white lampshade is on a light wood surface. A grey tennis ball rolls out of the black tube sitting on the table and rolls on the table towards the right. Static shot with no camera movement.,A small white lampshade is on a light wood surface. A grey tennis ball rolls out of the black tube sitting on the table and rolls on the table towards the right. Static shot with no camera movement.,A small white lampshade is on a light wood surface. A grey tennis ball rolls out of the black tube sitting on the table and rolls on the table towards the right. Static shot with no camera movement.,benchmark_op_unmodified,PhysDelta2010_subset,,physicsiq/inputs/0148.png,physicsiq/inputs/0148.png,physicsiq/conditions/condition_0057.pt
opref_0148_mu005_s68491523,0148,roll-front-box,H2_ADAPTER,68491523,49,24,30,1.2,,,A small white lampshade is on a light wood surface. A grey tennis ball rolls out of the black tube sitting on the table and rolls on the table towards the right. Static shot with no camera movement.,A small white lampshade is on a light wood surface. A grey tennis ball rolls out of the black tube sitting on the table and rolls on the table towards the right. Static shot with no camera movement.,A small white lampshade is on a light wood surface. A grey tennis ball rolls out of the black tube sitting on the table and rolls on the table towards the right. Static shot with no camera movement.,benchmark_op_unmodified,PhysDelta2010_subset,,physicsiq/inputs/0148.png,physicsiq/inputs/0148.png,physicsiq/conditions/condition_0057.pt
opref_0149_mu005_s43278311,0149,roll-front-box,H2_ADAPTER,43278311,49,24,30,1.2,,,A small white lampshade is on a light wood surface. A grey tennis ball rolls out of the black tube sitting on the table and rolls on the table towards the right. Static shot with no camera movement.,A small white lampshade is on a light wood surface. A grey tennis ball rolls out of the black tube sitting on the table and rolls on the table towards the right. Static shot with no camera movement.,A small white lampshade is on a light wood surface. A grey tennis ball rolls out of the black tube sitting on the table and rolls on the table towards the right. Static shot with no camera movement.,benchmark_op_unmodified,PhysDelta2010_subset,,physicsiq/inputs/0149.png,physicsiq/inputs/0149.png,physicsiq/conditions/condition_0058.pt
opref_0149_mu005_s56382197,0149,roll-front-box,H2_ADAPTER,56382197,49,24,30,1.2,,,A small white lampshade is on a light wood surface. A grey tennis ball rolls out of the black tube sitting on the table and rolls on the table towards the right. Static shot with no camera movement.,A small white lampshade is on a light wood surface. A grey tennis ball rolls out of the black tube sitting on the table and rolls on the table towards the right. Static shot with no camera movement.,A small white lampshade is on a light wood surface. A grey tennis ball rolls out of the black tube sitting on the table and rolls on the table towards the right. Static shot with no camera movement.,benchmark_op_unmodified,PhysDelta2010_subset,,physicsiq/inputs/0149.png,physicsiq/inputs/0149.png,physicsiq/conditions/condition_0058.pt
opref_0149_mu005_s68491523,0149,roll-front-box,H2_ADAPTER,68491523,49,24,30,1.2,,,A small white lampshade is on a light wood surface. A grey tennis ball rolls out of the black tube sitting on the table and rolls on the table towards the right. Static shot with no camera movement.,A small white lampshade is on a light wood surface. A grey tennis ball rolls out of the black tube sitting on the table and rolls on the table towards the right. Static shot with no camera movement.,A small white lampshade is on a light wood surface. A grey tennis ball rolls out of the black tube sitting on the table and rolls on the table towards the right. Static shot with no camera movement.,benchmark_op_unmodified,PhysDelta2010_subset,,physicsiq/inputs/0149.png,physicsiq/inputs/0149.png,physicsiq/conditions/condition_0058.pt
opref_0150_mu005_s43278311,0150,roll-front-box,H2_ADAPTER,43278311,49,24,30,1.2,,,A small white lampshade is on a light wood surface. A grey tennis ball rolls out of the black tube sitting on the table and rolls on the table towards the right. Static shot with no camera movement.,A small white lampshade is on a light wood surface. A grey tennis ball rolls out of the black tube sitting on the table and rolls on the table towards the right. Static shot with no camera movement.,A small white lampshade is on a light wood surface. A grey tennis ball rolls out of the black tube sitting on the table and rolls on the table towards the right. Static shot with no camera movement.,benchmark_op_unmodified,PhysDelta2010_subset,,physicsiq/inputs/0150.png,physicsiq/inputs/0150.png,physicsiq/conditions/condition_0059.pt
opref_0150_mu005_s56382197,0150,roll-front-box,H2_ADAPTER,56382197,49,24,30,1.2,,,A small white lampshade is on a light wood surface. A grey tennis ball rolls out of the black tube sitting on the table and rolls on the table towards the right. Static shot with no camera movement.,A small white lampshade is on a light wood surface. A grey tennis ball rolls out of the black tube sitting on the table and rolls on the table towards the right. Static shot with no camera movement.,A small white lampshade is on a light wood surface. A grey tennis ball rolls out of the black tube sitting on the table and rolls on the table towards the right. Static shot with no camera movement.,benchmark_op_unmodified,PhysDelta2010_subset,,physicsiq/inputs/0150.png,physicsiq/inputs/0150.png,physicsiq/conditions/condition_0059.pt
opref_0150_mu005_s68491523,0150,roll-front-box,H2_ADAPTER,68491523,49,24,30,1.2,,,A small white lampshade is on a light wood surface. A grey tennis ball rolls out of the black tube sitting on the table and rolls on the table towards the right. Static shot with no camera movement.,A small white lampshade is on a light wood surface. A grey tennis ball rolls out of the black tube sitting on the table and rolls on the table towards the right. Static shot with no camera movement.,A small white lampshade is on a light wood surface. A grey tennis ball rolls out of the black tube sitting on the table and rolls on the table towards the right. Static shot with no camera movement.,benchmark_op_unmodified,PhysDelta2010_subset,,physicsiq/inputs/0150.png,physicsiq/inputs/0150.png,physicsiq/conditions/condition_0059.pt
oursop_0151_s43278311,0151,roll-in-box,H2_ADAPTER,43278311,49,24,30,1.2,,,An olive green fabric box is on a light wood surface. A brown tennis ball rolls out of the black tube sitting on the table and rolls towards the box. Static shot with no camera movement.,An olive green fabric box is on a light wood surface. A brown tennis ball rolls out of the black tube sitting on the table and rolls towards the box. Static shot with no camera movement.,An olive green fabric box is on a light wood surface. A brown tennis ball rolls out of the black tube sitting on the table and rolls towards the box. Static shot with no camera movement.,benchmark_op_unmodified,PhysDelta2010_subset,"{""e_edge_kind"": ""support"", ""e_node_encoded"": 0.0, ""e_object_edge_raw"": null, ""e_physical"": 0.0, ""e_support_edge_encoded"": 0.0, ""force_active_latent_slots"": [0], ""force_angle_degrees"": [355], ""force_encoded"": 2.0, ""force_object_indices"": [0], ""force_raw"": 680.0, ""g_encoded"": null, ""g_physical_m_s2"": null, ""mu"": 0.1}",physicsiq/inputs/0151.png,physicsiq/inputs/0151.png,physicsiq/conditions/condition_0060.pt
oursop_0151_s56382197,0151,roll-in-box,H2_ADAPTER,56382197,49,24,30,1.2,,,An olive green fabric box is on a light wood surface. A brown tennis ball rolls out of the black tube sitting on the table and rolls towards the box. Static shot with no camera movement.,An olive green fabric box is on a light wood surface. A brown tennis ball rolls out of the black tube sitting on the table and rolls towards the box. Static shot with no camera movement.,An olive green fabric box is on a light wood surface. A brown tennis ball rolls out of the black tube sitting on the table and rolls towards the box. Static shot with no camera movement.,benchmark_op_unmodified,PhysDelta2010_subset,"{""e_edge_kind"": ""support"", ""e_node_encoded"": 0.0, ""e_object_edge_raw"": null, ""e_physical"": 0.0, ""e_support_edge_encoded"": 0.0, ""force_active_latent_slots"": [0], ""force_angle_degrees"": [355], ""force_encoded"": 2.0, ""force_object_indices"": [0], ""force_raw"": 680.0, ""g_encoded"": null, ""g_physical_m_s2"": null, ""mu"": 0.1}",physicsiq/inputs/0151.png,physicsiq/inputs/0151.png,physicsiq/conditions/condition_0060.pt
oursop_0151_s68491523,0151,roll-in-box,H2_ADAPTER,68491523,49,24,30,1.2,,,An olive green fabric box is on a light wood surface. A brown tennis ball rolls out of the black tube sitting on the table and rolls towards the box. Static shot with no camera movement.,An olive green fabric box is on a light wood surface. A brown tennis ball rolls out of the black tube sitting on the table and rolls towards the box. Static shot with no camera movement.,An olive green fabric box is on a light wood surface. A brown tennis ball rolls out of the black tube sitting on the table and rolls towards the box. Static shot with no camera movement.,benchmark_op_unmodified,PhysDelta2010_subset,"{""e_edge_kind"": ""support"", ""e_node_encoded"": 0.0, ""e_object_edge_raw"": null, ""e_physical"": 0.0, ""e_support_edge_encoded"": 0.0, ""force_active_latent_slots"": [0], ""force_angle_degrees"": [355], ""force_encoded"": 2.0, ""force_object_indices"": [0], ""force_raw"": 680.0, ""g_encoded"": null, ""g_physical_m_s2"": null, ""mu"": 0.1}",physicsiq/inputs/0151.png,physicsiq/inputs/0151.png,physicsiq/conditions/condition_0060.pt
oursop_0152_s43278311,0152,roll-in-box,H2_ADAPTER,43278311,49,24,30,1.2,,,An olive green fabric box is on a light wood surface. A brown tennis ball rolls out of the black tube sitting on the table and rolls towards the box. Static shot with no camera movement.,An olive green fabric box is on a light wood surface. A brown tennis ball rolls out of the black tube sitting on the table and rolls towards the box. Static shot with no camera movement.,An olive green fabric box is on a light wood surface. A brown tennis ball rolls out of the black tube sitting on the table and rolls towards the box. Static shot with no camera movement.,benchmark_op_unmodified,PhysDelta2010_subset,"{""e_edge_kind"": ""support"", ""e_node_encoded"": 0.0, ""e_object_edge_raw"": null, ""e_physical"": 0.0, ""e_support_edge_encoded"": 0.0, ""force_active_latent_slots"": [0], ""force_angle_degrees"": [0], ""force_encoded"": 2.0, ""force_object_indices"": [0], ""force_raw"": 680.0, ""g_encoded"": null, ""g_physical_m_s2"": null, ""mu"": 0.1}",physicsiq/inputs/0152.png,physicsiq/inputs/0152.png,physicsiq/conditions/condition_0061.pt
oursop_0152_s56382197,0152,roll-in-box,H2_ADAPTER,56382197,49,24,30,1.2,,,An olive green fabric box is on a light wood surface. A brown tennis ball rolls out of the black tube sitting on the table and rolls towards the box. Static shot with no camera movement.,An olive green fabric box is on a light wood surface. A brown tennis ball rolls out of the black tube sitting on the table and rolls towards the box. Static shot with no camera movement.,An olive green fabric box is on a light wood surface. A brown tennis ball rolls out of the black tube sitting on the table and rolls towards the box. Static shot with no camera movement.,benchmark_op_unmodified,PhysDelta2010_subset,"{""e_edge_kind"": ""support"", ""e_node_encoded"": 0.0, ""e_object_edge_raw"": null, ""e_physical"": 0.0, ""e_support_edge_encoded"": 0.0, ""force_active_latent_slots"": [0], ""force_angle_degrees"": [0], ""force_encoded"": 2.0, ""force_object_indices"": [0], ""force_raw"": 680.0, ""g_encoded"": null, ""g_physical_m_s2"": null, ""mu"": 0.1}",physicsiq/inputs/0152.png,physicsiq/inputs/0152.png,physicsiq/conditions/condition_0061.pt
oursop_0152_s68491523,0152,roll-in-box,H2_ADAPTER,68491523,49,24,30,1.2,,,An olive green fabric box is on a light wood surface. A brown tennis ball rolls out of the black tube sitting on the table and rolls towards the box. Static shot with no camera movement.,An olive green fabric box is on a light wood surface. A brown tennis ball rolls out of the black tube sitting on the table and rolls towards the box. Static shot with no camera movement.,An olive green fabric box is on a light wood surface. A brown tennis ball rolls out of the black tube sitting on the table and rolls towards the box. Static shot with no camera movement.,benchmark_op_unmodified,PhysDelta2010_subset,"{""e_edge_kind"": ""support"", ""e_node_encoded"": 0.0, ""e_object_edge_raw"": null, ""e_physical"": 0.0, ""e_support_edge_encoded"": 0.0, ""force_active_latent_slots"": [0], ""force_angle_degrees"": [0], ""force_encoded"": 2.0, ""force_object_indices"": [0], ""force_raw"": 680.0, ""g_encoded"": null, ""g_physical_m_s2"": null, ""mu"": 0.1}",physicsiq/inputs/0152.png,physicsiq/inputs/0152.png,physicsiq/conditions/condition_0061.pt
oursop_0153_s43278311,0153,roll-in-box,H2_ADAPTER,43278311,49,24,30,1.2,,,An olive green fabric box is on a light wood surface. A brown tennis ball rolls out of the black tube sitting on the table and rolls towards the box. Static shot with no camera movement.,An olive green fabric box is on a light wood surface. A brown tennis ball rolls out of the black tube sitting on the table and rolls towards the box. Static shot with no camera movement.,An olive green fabric box is on a light wood surface. A brown tennis ball rolls out of the black tube sitting on the table and rolls towards the box. Static shot with no camera movement.,benchmark_op_unmodified,PhysDelta2010_subset,"{""e_edge_kind"": ""support"", ""e_node_encoded"": 0.0, ""e_object_edge_raw"": null, ""e_physical"": 0.0, ""e_support_edge_encoded"": 0.0, ""force_active_latent_slots"": [0], ""force_angle_degrees"": [2], ""force_encoded"": 2.0, ""force_object_indices"": [0], ""force_raw"": 680.0, ""g_encoded"": null, ""g_physical_m_s2"": null, ""mu"": 0.1}",physicsiq/inputs/0153.png,physicsiq/inputs/0153.png,physicsiq/conditions/condition_0062.pt
oursop_0153_s56382197,0153,roll-in-box,H2_ADAPTER,56382197,49,24,30,1.2,,,An olive green fabric box is on a light wood surface. A brown tennis ball rolls out of the black tube sitting on the table and rolls towards the box. Static shot with no camera movement.,An olive green fabric box is on a light wood surface. A brown tennis ball rolls out of the black tube sitting on the table and rolls towards the box. Static shot with no camera movement.,An olive green fabric box is on a light wood surface. A brown tennis ball rolls out of the black tube sitting on the table and rolls towards the box. Static shot with no camera movement.,benchmark_op_unmodified,PhysDelta2010_subset,"{""e_edge_kind"": ""support"", ""e_node_encoded"": 0.0, ""e_object_edge_raw"": null, ""e_physical"": 0.0, ""e_support_edge_encoded"": 0.0, ""force_active_latent_slots"": [0], ""force_angle_degrees"": [2], ""force_encoded"": 2.0, ""force_object_indices"": [0], ""force_raw"": 680.0, ""g_encoded"": null, ""g_physical_m_s2"": null, ""mu"": 0.1}",physicsiq/inputs/0153.png,physicsiq/inputs/0153.png,physicsiq/conditions/condition_0062.pt
oursop_0153_s68491523,0153,roll-in-box,H2_ADAPTER,68491523,49,24,30,1.2,,,An olive green fabric box is on a light wood surface. A brown tennis ball rolls out of the black tube sitting on the table and rolls towards the box. Static shot with no camera movement.,An olive green fabric box is on a light wood surface. A brown tennis ball rolls out of the black tube sitting on the table and rolls towards the box. Static shot with no camera movement.,An olive green fabric box is on a light wood surface. A brown tennis ball rolls out of the black tube sitting on the table and rolls towards the box. Static shot with no camera movement.,benchmark_op_unmodified,PhysDelta2010_subset,"{""e_edge_kind"": ""support"", ""e_node_encoded"": 0.0, ""e_object_edge_raw"": null, ""e_physical"": 0.0, ""e_support_edge_encoded"": 0.0, ""force_active_latent_slots"": [0], ""force_angle_degrees"": [2], ""force_encoded"": 2.0, ""force_object_indices"": [0], ""force_raw"": 680.0, ""g_encoded"": null, ""g_physical_m_s2"": null, ""mu"": 0.1}",physicsiq/inputs/0153.png,physicsiq/inputs/0153.png,physicsiq/conditions/condition_0062.pt
oprem_0162_g05_s43278311,0162,single-cradle,H2_ADAPTER,43278311,49,24,30,1.2,,,A Newton's cradle device on the table and one of the metal balls is held up by a blue handled grabber tool. The claw releases the ball. Static shot with no camera movement.,A Newton's cradle device on the table and one of the metal balls is held up by a blue handled grabber tool. The claw releases the ball. Static shot with no camera movement.,A Newton's cradle device on the table and one of the metal balls is held up by a blue handled grabber tool. The claw releases the ball. Static shot with no camera movement.,benchmark_op_unmodified,PhysDelta2010_subset,,physicsiq/inputs/0162.png,physicsiq/inputs/0162.png,physicsiq/conditions/condition_0063.pt
oprem_0162_g05_s56382197,0162,single-cradle,H2_ADAPTER,56382197,49,24,30,1.2,,,A Newton's cradle device on the table and one of the metal balls is held up by a blue handled grabber tool. The claw releases the ball. Static shot with no camera movement.,A Newton's cradle device on the table and one of the metal balls is held up by a blue handled grabber tool. The claw releases the ball. Static shot with no camera movement.,A Newton's cradle device on the table and one of the metal balls is held up by a blue handled grabber tool. The claw releases the ball. Static shot with no camera movement.,benchmark_op_unmodified,PhysDelta2010_subset,,physicsiq/inputs/0162.png,physicsiq/inputs/0162.png,physicsiq/conditions/condition_0063.pt
oprem_0162_g05_s68491523,0162,single-cradle,H2_ADAPTER,68491523,49,24,30,1.2,,,A Newton's cradle device on the table and one of the metal balls is held up by a blue handled grabber tool. The claw releases the ball. Static shot with no camera movement.,A Newton's cradle device on the table and one of the metal balls is held up by a blue handled grabber tool. The claw releases the ball. Static shot with no camera movement.,A Newton's cradle device on the table and one of the metal balls is held up by a blue handled grabber tool. The claw releases the ball. Static shot with no camera movement.,benchmark_op_unmodified,PhysDelta2010_subset,,physicsiq/inputs/0162.png,physicsiq/inputs/0162.png,physicsiq/conditions/condition_0063.pt
opref_0172_m025_s43278311,0172,stable-blocks,H2_ADAPTER,43278311,49,24,30,1.2,5,,A pink block is being lowered towards a simple structure made of colorful blocks resembling a gate. Static shot with no camera movement.,A pink block is being lowered towards a simple structure made of colorful blocks resembling a gate. Static shot with no camera movement.,A pink block is being lowered towards a simple structure made of colorful blocks resembling a gate. Static shot with no camera movement.,benchmark_op_unmodified,PhysDelta2010_subset,,physicsiq/inputs/0172.png,physicsiq/inputs/0172.png,physicsiq/conditions/condition_0064.pt
opref_0172_m025_s56382197,0172,stable-blocks,H2_ADAPTER,56382197,49,24,30,1.2,5,,A pink block is being lowered towards a simple structure made of colorful blocks resembling a gate. Static shot with no camera movement.,A pink block is being lowered towards a simple structure made of colorful blocks resembling a gate. Static shot with no camera movement.,A pink block is being lowered towards a simple structure made of colorful blocks resembling a gate. Static shot with no camera movement.,benchmark_op_unmodified,PhysDelta2010_subset,,physicsiq/inputs/0172.png,physicsiq/inputs/0172.png,physicsiq/conditions/condition_0064.pt
opref_0172_m025_s68491523,0172,stable-blocks,H2_ADAPTER,68491523,49,24,30,1.2,5,,A pink block is being lowered towards a simple structure made of colorful blocks resembling a gate. Static shot with no camera movement.,A pink block is being lowered towards a simple structure made of colorful blocks resembling a gate. Static shot with no camera movement.,A pink block is being lowered towards a simple structure made of colorful blocks resembling a gate. Static shot with no camera movement.,benchmark_op_unmodified,PhysDelta2010_subset,,physicsiq/inputs/0172.png,physicsiq/inputs/0172.png,physicsiq/conditions/condition_0064.pt
opref_0173_m025_s43278311,0173,stable-blocks,H2_ADAPTER,43278311,49,24,30,1.2,5,,A pink block is being lowered towards a simple structure made of colorful blocks resembling a gate. Static shot with no camera movement.,A pink block is being lowered towards a simple structure made of colorful blocks resembling a gate. Static shot with no camera movement.,A pink block is being lowered towards a simple structure made of colorful blocks resembling a gate. Static shot with no camera movement.,benchmark_op_unmodified,PhysDelta2010_subset,,physicsiq/inputs/0173.png,physicsiq/inputs/0173.png,physicsiq/conditions/condition_0065.pt
opref_0173_m025_s56382197,0173,stable-blocks,H2_ADAPTER,56382197,49,24,30,1.2,5,,A pink block is being lowered towards a simple structure made of colorful blocks resembling a gate. Static shot with no camera movement.,A pink block is being lowered towards a simple structure made of colorful blocks resembling a gate. Static shot with no camera movement.,A pink block is being lowered towards a simple structure made of colorful blocks resembling a gate. Static shot with no camera movement.,benchmark_op_unmodified,PhysDelta2010_subset,,physicsiq/inputs/0173.png,physicsiq/inputs/0173.png,physicsiq/conditions/condition_0065.pt
opref_0173_m025_s68491523,0173,stable-blocks,H2_ADAPTER,68491523,49,24,30,1.2,5,,A pink block is being lowered towards a simple structure made of colorful blocks resembling a gate. Static shot with no camera movement.,A pink block is being lowered towards a simple structure made of colorful blocks resembling a gate. Static shot with no camera movement.,A pink block is being lowered towards a simple structure made of colorful blocks resembling a gate. Static shot with no camera movement.,benchmark_op_unmodified,PhysDelta2010_subset,,physicsiq/inputs/0173.png,physicsiq/inputs/0173.png,physicsiq/conditions/condition_0065.pt
opref_0174_m025_s43278311,0174,stable-blocks,H2_ADAPTER,43278311,49,24,30,1.2,,,A pink block is being lowered towards a simple structure made of colorful blocks resembling a gate. Static shot with no camera movement.,A pink block is being lowered towards a simple structure made of colorful blocks resembling a gate. Static shot with no camera movement.,A pink block is being lowered towards a simple structure made of colorful blocks resembling a gate. Static shot with no camera movement.,benchmark_op_unmodified,PhysDelta2010_subset,,physicsiq/inputs/0174.png,physicsiq/inputs/0174.png,physicsiq/conditions/condition_0066.pt
opref_0174_m025_s56382197,0174,stable-blocks,H2_ADAPTER,56382197,49,24,30,1.2,,,A pink block is being lowered towards a simple structure made of colorful blocks resembling a gate. Static shot with no camera movement.,A pink block is being lowered towards a simple structure made of colorful blocks resembling a gate. Static shot with no camera movement.,A pink block is being lowered towards a simple structure made of colorful blocks resembling a gate. Static shot with no camera movement.,benchmark_op_unmodified,PhysDelta2010_subset,,physicsiq/inputs/0174.png,physicsiq/inputs/0174.png,physicsiq/conditions/condition_0066.pt
opref_0174_m025_s68491523,0174,stable-blocks,H2_ADAPTER,68491523,49,24,30,1.2,,,A pink block is being lowered towards a simple structure made of colorful blocks resembling a gate. Static shot with no camera movement.,A pink block is being lowered towards a simple structure made of colorful blocks resembling a gate. Static shot with no camera movement.,A pink block is being lowered towards a simple structure made of colorful blocks resembling a gate. Static shot with no camera movement.,benchmark_op_unmodified,PhysDelta2010_subset,,physicsiq/inputs/0174.png,physicsiq/inputs/0174.png,physicsiq/conditions/condition_0066.pt
oursop_0178_s43278311,0178,two-balls-pass,H2_ADAPTER,43278311,49,24,30,1.2,,,A light-colored wooden tabletop with two pipes at the edges. A blue and yellow tennis ball roll out of the pipes and towards each other. Static shot with no camera movement.,A light-colored wooden tabletop with two pipes at the edges. A blue and yellow tennis ball roll out of the pipes and towards each other. Static shot with no camera movement.,A light-colored wooden tabletop with two pipes at the edges. A blue and yellow tennis ball roll out of the pipes and towards each other. Static shot with no camera movement.,benchmark_op_unmodified,PhysDelta2010_subset,"{""e_edge_kind"": null, ""e_node_encoded"": null, ""e_object_edge_raw"": null, ""e_physical"": null, ""e_support_edge_encoded"": null, ""force_active_latent_slots"": [0], ""force_angle_degrees"": [6, 183], ""force_encoded"": 2.0, ""force_object_indices"": [0, 1], ""force_raw"": 680.0, ""g_encoded"": null, ""g_physical_m_s2"": null, ""mu"": 0.1}",physicsiq/inputs/0178.png,physicsiq/inputs/0178.png,physicsiq/conditions/condition_0067.pt
oursop_0178_s56382197,0178,two-balls-pass,H2_ADAPTER,56382197,49,24,30,1.2,,,A light-colored wooden tabletop with two pipes at the edges. A blue and yellow tennis ball roll out of the pipes and towards each other. Static shot with no camera movement.,A light-colored wooden tabletop with two pipes at the edges. A blue and yellow tennis ball roll out of the pipes and towards each other. Static shot with no camera movement.,A light-colored wooden tabletop with two pipes at the edges. A blue and yellow tennis ball roll out of the pipes and towards each other. Static shot with no camera movement.,benchmark_op_unmodified,PhysDelta2010_subset,"{""e_edge_kind"": null, ""e_node_encoded"": null, ""e_object_edge_raw"": null, ""e_physical"": null, ""e_support_edge_encoded"": null, ""force_active_latent_slots"": [0], ""force_angle_degrees"": [6, 183], ""force_encoded"": 2.0, ""force_object_indices"": [0, 1], ""force_raw"": 680.0, ""g_encoded"": null, ""g_physical_m_s2"": null, ""mu"": 0.1}",physicsiq/inputs/0178.png,physicsiq/inputs/0178.png,physicsiq/conditions/condition_0067.pt
oursop_0178_s68491523,0178,two-balls-pass,H2_ADAPTER,68491523,49,24,30,1.2,,,A light-colored wooden tabletop with two pipes at the edges. A blue and yellow tennis ball roll out of the pipes and towards each other. Static shot with no camera movement.,A light-colored wooden tabletop with two pipes at the edges. A blue and yellow tennis ball roll out of the pipes and towards each other. Static shot with no camera movement.,A light-colored wooden tabletop with two pipes at the edges. A blue and yellow tennis ball roll out of the pipes and towards each other. Static shot with no camera movement.,benchmark_op_unmodified,PhysDelta2010_subset,"{""e_edge_kind"": null, ""e_node_encoded"": null, ""e_object_edge_raw"": null, ""e_physical"": null, ""e_support_edge_encoded"": null, ""force_active_latent_slots"": [0], ""force_angle_degrees"": [6, 183], ""force_encoded"": 2.0, ""force_object_indices"": [0, 1], ""force_raw"": 680.0, ""g_encoded"": null, ""g_physical_m_s2"": null, ""mu"": 0.1}",physicsiq/inputs/0178.png,physicsiq/inputs/0178.png,physicsiq/conditions/condition_0067.pt
oursop_0179_s43278311,0179,two-balls-pass,H2_ADAPTER,43278311,49,24,30,1.2,,,A light-colored wooden tabletop with two pipes at the edges. A blue and yellow tennis ball roll out of the pipes and towards each other. Static shot with no camera movement.,A light-colored wooden tabletop with two pipes at the edges. A blue and yellow tennis ball roll out of the pipes and towards each other. Static shot with no camera movement.,A light-colored wooden tabletop with two pipes at the edges. A blue and yellow tennis ball roll out of the pipes and towards each other. Static shot with no camera movement.,benchmark_op_unmodified,PhysDelta2010_subset,"{""e_edge_kind"": null, ""e_node_encoded"": null, ""e_object_edge_raw"": null, ""e_physical"": null, ""e_support_edge_encoded"": null, ""force_active_latent_slots"": [0], ""force_angle_degrees"": [15, 183], ""force_encoded"": 2.0, ""force_object_indices"": [0, 1], ""force_raw"": 680.0, ""g_encoded"": null, ""g_physical_m_s2"": null, ""mu"": 0.1}",physicsiq/inputs/0179.png,physicsiq/inputs/0179.png,physicsiq/conditions/condition_0068.pt
oursop_0179_s56382197,0179,two-balls-pass,H2_ADAPTER,56382197,49,24,30,1.2,,,A light-colored wooden tabletop with two pipes at the edges. A blue and yellow tennis ball roll out of the pipes and towards each other. Static shot with no camera movement.,A light-colored wooden tabletop with two pipes at the edges. A blue and yellow tennis ball roll out of the pipes and towards each other. Static shot with no camera movement.,A light-colored wooden tabletop with two pipes at the edges. A blue and yellow tennis ball roll out of the pipes and towards each other. Static shot with no camera movement.,benchmark_op_unmodified,PhysDelta2010_subset,"{""e_edge_kind"": null, ""e_node_encoded"": null, ""e_object_edge_raw"": null, ""e_physical"": null, ""e_support_edge_encoded"": null, ""force_active_latent_slots"": [0], ""force_angle_degrees"": [15, 183], ""force_encoded"": 2.0, ""force_object_indices"": [0, 1], ""force_raw"": 680.0, ""g_encoded"": null, ""g_physical_m_s2"": null, ""mu"": 0.1}",physicsiq/inputs/0179.png,physicsiq/inputs/0179.png,physicsiq/conditions/condition_0068.pt
oursop_0179_s68491523,0179,two-balls-pass,H2_ADAPTER,68491523,49,24,30,1.2,,,A light-colored wooden tabletop with two pipes at the edges. A blue and yellow tennis ball roll out of the pipes and towards each other. Static shot with no camera movement.,A light-colored wooden tabletop with two pipes at the edges. A blue and yellow tennis ball roll out of the pipes and towards each other. Static shot with no camera movement.,A light-colored wooden tabletop with two pipes at the edges. A blue and yellow tennis ball roll out of the pipes and towards each other. Static shot with no camera movement.,benchmark_op_unmodified,PhysDelta2010_subset,"{""e_edge_kind"": null, ""e_node_encoded"": null, ""e_object_edge_raw"": null, ""e_physical"": null, ""e_support_edge_encoded"": null, ""force_active_latent_slots"": [0], ""force_angle_degrees"": [15, 183], ""force_encoded"": 2.0, ""force_object_indices"": [0, 1], ""force_raw"": 680.0, ""g_encoded"": null, ""g_physical_m_s2"": null, ""mu"": 0.1}",physicsiq/inputs/0179.png,physicsiq/inputs/0179.png,physicsiq/conditions/condition_0068.pt
oursop_0180_s43278311,0180,two-balls-pass,H2_ADAPTER,43278311,49,24,30,1.2,,,A light-colored wooden tabletop with two pipes at the edges. A blue and yellow tennis ball roll out of the pipes and towards each other. Static shot with no camera movement.,A light-colored wooden tabletop with two pipes at the edges. A blue and yellow tennis ball roll out of the pipes and towards each other. Static shot with no camera movement.,A light-colored wooden tabletop with two pipes at the edges. A blue and yellow tennis ball roll out of the pipes and towards each other. Static shot with no camera movement.,benchmark_op_unmodified,PhysDelta2010_subset,"{""e_edge_kind"": null, ""e_node_encoded"": null, ""e_object_edge_raw"": null, ""e_physical"": null, ""e_support_edge_encoded"": null, ""force_active_latent_slots"": [0], ""force_angle_degrees"": [20, 188], ""force_encoded"": 2.0, ""force_object_indices"": [0, 1], ""force_raw"": 680.0, ""g_encoded"": null, ""g_physical_m_s2"": null, ""mu"": 0.1}",physicsiq/inputs/0180.png,physicsiq/inputs/0180.png,physicsiq/conditions/condition_0069.pt
oursop_0180_s56382197,0180,two-balls-pass,H2_ADAPTER,56382197,49,24,30,1.2,,,A light-colored wooden tabletop with two pipes at the edges. A blue and yellow tennis ball roll out of the pipes and towards each other. Static shot with no camera movement.,A light-colored wooden tabletop with two pipes at the edges. A blue and yellow tennis ball roll out of the pipes and towards each other. Static shot with no camera movement.,A light-colored wooden tabletop with two pipes at the edges. A blue and yellow tennis ball roll out of the pipes and towards each other. Static shot with no camera movement.,benchmark_op_unmodified,PhysDelta2010_subset,"{""e_edge_kind"": null, ""e_node_encoded"": null, ""e_object_edge_raw"": null, ""e_physical"": null, ""e_support_edge_encoded"": null, ""force_active_latent_slots"": [0], ""force_angle_degrees"": [20, 188], ""force_encoded"": 2.0, ""force_object_indices"": [0, 1], ""force_raw"": 680.0, ""g_encoded"": null, ""g_physical_m_s2"": null, ""mu"": 0.1}",physicsiq/inputs/0180.png,physicsiq/inputs/0180.png,physicsiq/conditions/condition_0069.pt
oursop_0180_s68491523,0180,two-balls-pass,H2_ADAPTER,68491523,49,24,30,1.2,,,A light-colored wooden tabletop with two pipes at the edges. A blue and yellow tennis ball roll out of the pipes and towards each other. Static shot with no camera movement.,A light-colored wooden tabletop with two pipes at the edges. A blue and yellow tennis ball roll out of the pipes and towards each other. Static shot with no camera movement.,A light-colored wooden tabletop with two pipes at the edges. A blue and yellow tennis ball roll out of the pipes and towards each other. Static shot with no camera movement.,benchmark_op_unmodified,PhysDelta2010_subset,"{""e_edge_kind"": null, ""e_node_encoded"": null, ""e_object_edge_raw"": null, ""e_physical"": null, ""e_support_edge_encoded"": null, ""force_active_latent_slots"": [0], ""force_angle_degrees"": [20, 188], ""force_encoded"": 2.0, ""force_object_indices"": [0, 1], ""force_raw"": 680.0, ""g_encoded"": null, ""g_physical_m_s2"": null, ""mu"": 0.1}",physicsiq/inputs/0180.png,physicsiq/inputs/0180.png,physicsiq/conditions/condition_0069.pt
oprem_0181_g05_s43278311,0181,unstable-block-stack,H2_ADAPTER,43278311,49,24,30,1.2,,,A grabber tool carefully placing a blue wooden block on top of a yellow block which is balanced on a red block forming an L shape. Static shot with no camera movement.,A grabber tool carefully placing a blue wooden block on top of a yellow block which is balanced on a red block forming an L shape. Static shot with no camera movement.,A grabber tool carefully placing a blue wooden block on top of a yellow block which is balanced on a red block forming an L shape. Static shot with no camera movement.,benchmark_op_unmodified,PhysDelta2010_subset,,physicsiq/inputs/0181.png,physicsiq/inputs/0181.png,physicsiq/conditions/condition_0070.pt
oprem_0181_g05_s56382197,0181,unstable-block-stack,H2_ADAPTER,56382197,49,24,30,1.2,,,A grabber tool carefully placing a blue wooden block on top of a yellow block which is balanced on a red block forming an L shape. Static shot with no camera movement.,A grabber tool carefully placing a blue wooden block on top of a yellow block which is balanced on a red block forming an L shape. Static shot with no camera movement.,A grabber tool carefully placing a blue wooden block on top of a yellow block which is balanced on a red block forming an L shape. Static shot with no camera movement.,benchmark_op_unmodified,PhysDelta2010_subset,,physicsiq/inputs/0181.png,physicsiq/inputs/0181.png,physicsiq/conditions/condition_0070.pt
oprem_0181_g05_s68491523,0181,unstable-block-stack,H2_ADAPTER,68491523,49,24,30,1.2,,,A grabber tool carefully placing a blue wooden block on top of a yellow block which is balanced on a red block forming an L shape. Static shot with no camera movement.,A grabber tool carefully placing a blue wooden block on top of a yellow block which is balanced on a red block forming an L shape. Static shot with no camera movement.,A grabber tool carefully placing a blue wooden block on top of a yellow block which is balanced on a red block forming an L shape. Static shot with no camera movement.,benchmark_op_unmodified,PhysDelta2010_subset,,physicsiq/inputs/0181.png,physicsiq/inputs/0181.png,physicsiq/conditions/condition_0070.pt
oprem_0182_g05_s43278311,0182,unstable-block-stack,H2_ADAPTER,43278311,49,24,30,1.2,,,A grabber tool carefully placing a blue wooden block on top of a yellow block which is balanced on a red block forming an L shape. Static shot with no camera movement.,A grabber tool carefully placing a blue wooden block on top of a yellow block which is balanced on a red block forming an L shape. Static shot with no camera movement.,A grabber tool carefully placing a blue wooden block on top of a yellow block which is balanced on a red block forming an L shape. Static shot with no camera movement.,benchmark_op_unmodified,PhysDelta2010_subset,,physicsiq/inputs/0182.png,physicsiq/inputs/0182.png,physicsiq/conditions/condition_0071.pt
oprem_0182_g05_s56382197,0182,unstable-block-stack,H2_ADAPTER,56382197,49,24,30,1.2,,,A grabber tool carefully placing a blue wooden block on top of a yellow block which is balanced on a red block forming an L shape. Static shot with no camera movement.,A grabber tool carefully placing a blue wooden block on top of a yellow block which is balanced on a red block forming an L shape. Static shot with no camera movement.,A grabber tool carefully placing a blue wooden block on top of a yellow block which is balanced on a red block forming an L shape. Static shot with no camera movement.,benchmark_op_unmodified,PhysDelta2010_subset,,physicsiq/inputs/0182.png,physicsiq/inputs/0182.png,physicsiq/conditions/condition_0071.pt
oprem_0182_g05_s68491523,0182,unstable-block-stack,H2_ADAPTER,68491523,49,24,30,1.2,,,A grabber tool carefully placing a blue wooden block on top of a yellow block which is balanced on a red block forming an L shape. Static shot with no camera movement.,A grabber tool carefully placing a blue wooden block on top of a yellow block which is balanced on a red block forming an L shape. Static shot with no camera movement.,A grabber tool carefully placing a blue wooden block on top of a yellow block which is balanced on a red block forming an L shape. Static shot with no camera movement.,benchmark_op_unmodified,PhysDelta2010_subset,,physicsiq/inputs/0182.png,physicsiq/inputs/0182.png,physicsiq/conditions/condition_0071.pt
oprem_0183_g05_s43278311,0183,unstable-block-stack,H2_ADAPTER,43278311,49,24,30,1.2,,,A grabber tool carefully placing a blue wooden block on top of a yellow block which is balanced on a red block forming an L shape. Static shot with no camera movement.,A grabber tool carefully placing a blue wooden block on top of a yellow block which is balanced on a red block forming an L shape. Static shot with no camera movement.,A grabber tool carefully placing a blue wooden block on top of a yellow block which is balanced on a red block forming an L shape. Static shot with no camera movement.,benchmark_op_unmodified,PhysDelta2010_subset,,physicsiq/inputs/0183.png,physicsiq/inputs/0183.png,physicsiq/conditions/condition_0072.pt
oprem_0183_g05_s56382197,0183,unstable-block-stack,H2_ADAPTER,56382197,49,24,30,1.2,,,A grabber tool carefully placing a blue wooden block on top of a yellow block which is balanced on a red block forming an L shape. Static shot with no camera movement.,A grabber tool carefully placing a blue wooden block on top of a yellow block which is balanced on a red block forming an L shape. Static shot with no camera movement.,A grabber tool carefully placing a blue wooden block on top of a yellow block which is balanced on a red block forming an L shape. Static shot with no camera movement.,benchmark_op_unmodified,PhysDelta2010_subset,,physicsiq/inputs/0183.png,physicsiq/inputs/0183.png,physicsiq/conditions/condition_0072.pt
oprem_0183_g05_s68491523,0183,unstable-block-stack,H2_ADAPTER,68491523,49,24,30,1.2,,,A grabber tool carefully placing a blue wooden block on top of a yellow block which is balanced on a red block forming an L shape. Static shot with no camera movement.,A grabber tool carefully placing a blue wooden block on top of a yellow block which is balanced on a red block forming an L shape. Static shot with no camera movement.,A grabber tool carefully placing a blue wooden block on top of a yellow block which is balanced on a red block forming an L shape. Static shot with no camera movement.,benchmark_op_unmodified,PhysDelta2010_subset,,physicsiq/inputs/0183.png,physicsiq/inputs/0183.png,physicsiq/conditions/condition_0072.pt
oprem_0188_g025_s43278311,0188,weight-on-ceramic,H2_ADAPTER,43278311,49,24,30,1.2,5,,A 30lb kettlebell is slowly lowered on top of a yellow ceramic coffee mug placed on a wooden table. Static shot with no camera movement.,A 30lb kettlebell is slowly lowered on top of a yellow ceramic coffee mug placed on a wooden table. Static shot with no camera movement.,A 30lb kettlebell is slowly lowered on top of a yellow ceramic coffee mug placed on a wooden table. Static shot with no camera movement.,benchmark_op_unmodified,PhysDelta2010_subset,,physicsiq/inputs/0188.png,physicsiq/inputs/0188.png,physicsiq/conditions/condition_0073.pt
oprem_0188_g025_s56382197,0188,weight-on-ceramic,H2_ADAPTER,56382197,49,24,30,1.2,5,,A 30lb kettlebell is slowly lowered on top of a yellow ceramic coffee mug placed on a wooden table. Static shot with no camera movement.,A 30lb kettlebell is slowly lowered on top of a yellow ceramic coffee mug placed on a wooden table. Static shot with no camera movement.,A 30lb kettlebell is slowly lowered on top of a yellow ceramic coffee mug placed on a wooden table. Static shot with no camera movement.,benchmark_op_unmodified,PhysDelta2010_subset,,physicsiq/inputs/0188.png,physicsiq/inputs/0188.png,physicsiq/conditions/condition_0073.pt
oprem_0188_g025_s68491523,0188,weight-on-ceramic,H2_ADAPTER,68491523,49,24,30,1.2,5,,A 30lb kettlebell is slowly lowered on top of a yellow ceramic coffee mug placed on a wooden table. Static shot with no camera movement.,A 30lb kettlebell is slowly lowered on top of a yellow ceramic coffee mug placed on a wooden table. Static shot with no camera movement.,A 30lb kettlebell is slowly lowered on top of a yellow ceramic coffee mug placed on a wooden table. Static shot with no camera movement.,benchmark_op_unmodified,PhysDelta2010_subset,,physicsiq/inputs/0188.png,physicsiq/inputs/0188.png,physicsiq/conditions/condition_0073.pt
opmg_0190_both_g025_s43278311,0190,weight-on-paper,H2_ADAPTER,43278311,49,24,30,1.2,,,A 30lb kettlebell is slowly lowered onto a white styrofoam cup placed on a wooden table on its side. Static shot with no camera movement.,A 30lb kettlebell is slowly lowered onto a white styrofoam cup placed on a wooden table on its side. Static shot with no camera movement.,A 30lb kettlebell is slowly lowered onto a white styrofoam cup placed on a wooden table on its side. Static shot with no camera movement.,benchmark_op_unmodified,PhysDelta2010_subset,,physicsiq/inputs/0190.png,physicsiq/inputs/0190.png,physicsiq/conditions/condition_0074.pt
opmg_0190_both_g025_s56382197,0190,weight-on-paper,H2_ADAPTER,56382197,49,24,30,1.2,,,A 30lb kettlebell is slowly lowered onto a white styrofoam cup placed on a wooden table on its side. Static shot with no camera movement.,A 30lb kettlebell is slowly lowered onto a white styrofoam cup placed on a wooden table on its side. Static shot with no camera movement.,A 30lb kettlebell is slowly lowered onto a white styrofoam cup placed on a wooden table on its side. Static shot with no camera movement.,benchmark_op_unmodified,PhysDelta2010_subset,,physicsiq/inputs/0190.png,physicsiq/inputs/0190.png,physicsiq/conditions/condition_0074.pt
opmg_0190_both_g025_s68491523,0190,weight-on-paper,H2_ADAPTER,68491523,49,24,30,1.2,,,A 30lb kettlebell is slowly lowered onto a white styrofoam cup placed on a wooden table on its side. Static shot with no camera movement.,A 30lb kettlebell is slowly lowered onto a white styrofoam cup placed on a wooden table on its side. Static shot with no camera movement.,A 30lb kettlebell is slowly lowered onto a white styrofoam cup placed on a wooden table on its side. Static shot with no camera movement.,benchmark_op_unmodified,PhysDelta2010_subset,,physicsiq/inputs/0190.png,physicsiq/inputs/0190.png,physicsiq/conditions/condition_0074.pt
opmg_0191_both_g025_s43278311,0191,weight-on-paper,H2_ADAPTER,43278311,49,24,30,1.2,,,A 30lb kettlebell is slowly lowered onto a white styrofoam cup placed on a wooden table on its side. Static shot with no camera movement.,A 30lb kettlebell is slowly lowered onto a white styrofoam cup placed on a wooden table on its side. Static shot with no camera movement.,A 30lb kettlebell is slowly lowered onto a white styrofoam cup placed on a wooden table on its side. Static shot with no camera movement.,benchmark_op_unmodified,PhysDelta2010_subset,,physicsiq/inputs/0191.png,physicsiq/inputs/0191.png,physicsiq/conditions/condition_0075.pt
opmg_0191_both_g025_s56382197,0191,weight-on-paper,H2_ADAPTER,56382197,49,24,30,1.2,,,A 30lb kettlebell is slowly lowered onto a white styrofoam cup placed on a wooden table on its side. Static shot with no camera movement.,A 30lb kettlebell is slowly lowered onto a white styrofoam cup placed on a wooden table on its side. Static shot with no camera movement.,A 30lb kettlebell is slowly lowered onto a white styrofoam cup placed on a wooden table on its side. Static shot with no camera movement.,benchmark_op_unmodified,PhysDelta2010_subset,,physicsiq/inputs/0191.png,physicsiq/inputs/0191.png,physicsiq/conditions/condition_0075.pt
opmg_0191_both_g025_s68491523,0191,weight-on-paper,H2_ADAPTER,68491523,49,24,30,1.2,,,A 30lb kettlebell is slowly lowered onto a white styrofoam cup placed on a wooden table on its side. Static shot with no camera movement.,A 30lb kettlebell is slowly lowered onto a white styrofoam cup placed on a wooden table on its side. Static shot with no camera movement.,A 30lb kettlebell is slowly lowered onto a white styrofoam cup placed on a wooden table on its side. Static shot with no camera movement.,benchmark_op_unmodified,PhysDelta2010_subset,,physicsiq/inputs/0191.png,physicsiq/inputs/0191.png,physicsiq/conditions/condition_0075.pt
opmg_0192_both_g025_s43278311,0192,weight-on-paper,H2_ADAPTER,43278311,49,24,30,1.2,,,A 30lb kettlebell is slowly lowered onto a white styrofoam cup placed on a wooden table on its side. Static shot with no camera movement.,A 30lb kettlebell is slowly lowered onto a white styrofoam cup placed on a wooden table on its side. Static shot with no camera movement.,A 30lb kettlebell is slowly lowered onto a white styrofoam cup placed on a wooden table on its side. Static shot with no camera movement.,benchmark_op_unmodified,PhysDelta2010_subset,,physicsiq/inputs/0192.png,physicsiq/inputs/0192.png,physicsiq/conditions/condition_0076.pt
opmg_0192_both_g025_s56382197,0192,weight-on-paper,H2_ADAPTER,56382197,49,24,30,1.2,,,A 30lb kettlebell is slowly lowered onto a white styrofoam cup placed on a wooden table on its side. Static shot with no camera movement.,A 30lb kettlebell is slowly lowered onto a white styrofoam cup placed on a wooden table on its side. Static shot with no camera movement.,A 30lb kettlebell is slowly lowered onto a white styrofoam cup placed on a wooden table on its side. Static shot with no camera movement.,benchmark_op_unmodified,PhysDelta2010_subset,,physicsiq/inputs/0192.png,physicsiq/inputs/0192.png,physicsiq/conditions/condition_0076.pt
opmg_0192_both_g025_s68491523,0192,weight-on-paper,H2_ADAPTER,68491523,49,24,30,1.2,,,A 30lb kettlebell is slowly lowered onto a white styrofoam cup placed on a wooden table on its side. Static shot with no camera movement.,A 30lb kettlebell is slowly lowered onto a white styrofoam cup placed on a wooden table on its side. Static shot with no camera movement.,A 30lb kettlebell is slowly lowered onto a white styrofoam cup placed on a wooden table on its side. Static shot with no camera movement.,benchmark_op_unmodified,PhysDelta2010_subset,,physicsiq/inputs/0192.png,physicsiq/inputs/0192.png,physicsiq/conditions/condition_0076.pt
opref_0193_g075_s43278311,0193,weight-on-pillow,H2_ADAPTER,43278311,49,24,30,1.2,,,A 30lb kettlebell and a green piece of paper are lowered onto two pillows. Static shot with no camera movement.,A 30lb kettlebell and a green piece of paper are lowered onto two pillows. Static shot with no camera movement.,A 30lb kettlebell and a green piece of paper are lowered onto two pillows. Static shot with no camera movement.,benchmark_op_unmodified,PhysDelta2010_subset,,physicsiq/inputs/0193.png,physicsiq/inputs/0193.png,physicsiq/conditions/condition_0077.pt
opref_0193_g075_s56382197,0193,weight-on-pillow,H2_ADAPTER,56382197,49,24,30,1.2,,,A 30lb kettlebell and a green piece of paper are lowered onto two pillows. Static shot with no camera movement.,A 30lb kettlebell and a green piece of paper are lowered onto two pillows. Static shot with no camera movement.,A 30lb kettlebell and a green piece of paper are lowered onto two pillows. Static shot with no camera movement.,benchmark_op_unmodified,PhysDelta2010_subset,,physicsiq/inputs/0193.png,physicsiq/inputs/0193.png,physicsiq/conditions/condition_0077.pt
opref_0193_g075_s68491523,0193,weight-on-pillow,H2_ADAPTER,68491523,49,24,30,1.2,,,A 30lb kettlebell and a green piece of paper are lowered onto two pillows. Static shot with no camera movement.,A 30lb kettlebell and a green piece of paper are lowered onto two pillows. Static shot with no camera movement.,A 30lb kettlebell and a green piece of paper are lowered onto two pillows. Static shot with no camera movement.,benchmark_op_unmodified,PhysDelta2010_subset,,physicsiq/inputs/0193.png,physicsiq/inputs/0193.png,physicsiq/conditions/condition_0077.pt
oprem_0197_force_half_s43278311,0197,weight-protects-duck,H2_ADAPTER,43278311,49,24,30,1.2,,,A light beige coffee table with a black kettlebell and a yellow rubber duck on it. A grey tennis ball rolls out of the black tube sitting on the table and towards the duck and kettlebell. Static shot with no camera movement.,A light beige coffee table with a black kettlebell and a yellow rubber duck on it. A grey tennis ball rolls out of the black tube sitting on the table and towards the duck and kettlebell. Static shot with no camera movement.,A light beige coffee table with a black kettlebell and a yellow rubber duck on it. A grey tennis ball rolls out of the black tube sitting on the table and towards the duck and kettlebell. Static shot with no camera movement.,benchmark_op_unmodified,PhysDelta2010_subset,,physicsiq/inputs/0197.png,physicsiq/inputs/0197.png,physicsiq/conditions/condition_0078.pt
oprem_0197_force_half_s56382197,0197,weight-protects-duck,H2_ADAPTER,56382197,49,24,30,1.2,,,A light beige coffee table with a black kettlebell and a yellow rubber duck on it. A grey tennis ball rolls out of the black tube sitting on the table and towards the duck and kettlebell. Static shot with no camera movement.,A light beige coffee table with a black kettlebell and a yellow rubber duck on it. A grey tennis ball rolls out of the black tube sitting on the table and towards the duck and kettlebell. Static shot with no camera movement.,A light beige coffee table with a black kettlebell and a yellow rubber duck on it. A grey tennis ball rolls out of the black tube sitting on the table and towards the duck and kettlebell. Static shot with no camera movement.,benchmark_op_unmodified,PhysDelta2010_subset,,physicsiq/inputs/0197.png,physicsiq/inputs/0197.png,physicsiq/conditions/condition_0078.pt
oprem_0197_force_half_s68491523,0197,weight-protects-duck,H2_ADAPTER,68491523,49,24,30,1.2,,,A light beige coffee table with a black kettlebell and a yellow rubber duck on it. A grey tennis ball rolls out of the black tube sitting on the table and towards the duck and kettlebell. Static shot with no camera movement.,A light beige coffee table with a black kettlebell and a yellow rubber duck on it. A grey tennis ball rolls out of the black tube sitting on the table and towards the duck and kettlebell. Static shot with no camera movement.,A light beige coffee table with a black kettlebell and a yellow rubber duck on it. A grey tennis ball rolls out of the black tube sitting on the table and towards the duck and kettlebell. Static shot with no camera movement.,benchmark_op_unmodified,PhysDelta2010_subset,,physicsiq/inputs/0197.png,physicsiq/inputs/0197.png,physicsiq/conditions/condition_0078.pt
oprem_0198_force_half_s43278311,0198,weight-protects-duck,H2_ADAPTER,43278311,49,24,30,1.2,,,A light beige coffee table with a black kettlebell and a yellow rubber duck on it. A grey tennis ball rolls out of the black tube sitting on the table and towards the duck and kettlebell. Static shot with no camera movement.,A light beige coffee table with a black kettlebell and a yellow rubber duck on it. A grey tennis ball rolls out of the black tube sitting on the table and towards the duck and kettlebell. Static shot with no camera movement.,A light beige coffee table with a black kettlebell and a yellow rubber duck on it. A grey tennis ball rolls out of the black tube sitting on the table and towards the duck and kettlebell. Static shot with no camera movement.,benchmark_op_unmodified,PhysDelta2010_subset,,physicsiq/inputs/0198.png,physicsiq/inputs/0198.png,physicsiq/conditions/condition_0079.pt
oprem_0198_force_half_s56382197,0198,weight-protects-duck,H2_ADAPTER,56382197,49,24,30,1.2,,,A light beige coffee table with a black kettlebell and a yellow rubber duck on it. A grey tennis ball rolls out of the black tube sitting on the table and towards the duck and kettlebell. Static shot with no camera movement.,A light beige coffee table with a black kettlebell and a yellow rubber duck on it. A grey tennis ball rolls out of the black tube sitting on the table and towards the duck and kettlebell. Static shot with no camera movement.,A light beige coffee table with a black kettlebell and a yellow rubber duck on it. A grey tennis ball rolls out of the black tube sitting on the table and towards the duck and kettlebell. Static shot with no camera movement.,benchmark_op_unmodified,PhysDelta2010_subset,,physicsiq/inputs/0198.png,physicsiq/inputs/0198.png,physicsiq/conditions/condition_0079.pt
oprem_0198_force_half_s68491523,0198,weight-protects-duck,H2_ADAPTER,68491523,49,24,30,1.2,,,A light beige coffee table with a black kettlebell and a yellow rubber duck on it. A grey tennis ball rolls out of the black tube sitting on the table and towards the duck and kettlebell. Static shot with no camera movement.,A light beige coffee table with a black kettlebell and a yellow rubber duck on it. A grey tennis ball rolls out of the black tube sitting on the table and towards the duck and kettlebell. Static shot with no camera movement.,A light beige coffee table with a black kettlebell and a yellow rubber duck on it. A grey tennis ball rolls out of the black tube sitting on the table and towards the duck and kettlebell. Static shot with no camera movement.,benchmark_op_unmodified,PhysDelta2010_subset,,physicsiq/inputs/0198.png,physicsiq/inputs/0198.png,physicsiq/conditions/condition_0079.pt
op34_wan34_0004_s43278311,0004,ball-behind-rotating-paper,WAN_BASE,43278311,49,24,30,1.2,5,,A grabber arm is holding a tennis ball above a piece of cardstock propped up on a rotating platform sitting on a table that rotates clockwise. The grabber lowers the ball and places is on the table as the cardstock rotates. Static shot with no camera movement.,A grabber arm is holding a tennis ball above a piece of cardstock propped up on a rotating platform sitting on a table that rotates clockwise. The grabber lowers the ball and places is on the table as the cardstock rotates. Static shot with no camera movement.,A grabber arm is holding a tennis ball above a piece of cardstock propped up on a rotating platform sitting on a table that rotates clockwise. The grabber lowers the ball and places is on the table as the cardstock rotates. Static shot with no camera movement.,benchmark_op_unmodified,PhysDelta2010_subset,,physicsiq/inputs/0004.png,physicsiq/inputs/0004.png,
op34_wan34_0004_s56382197,0004,ball-behind-rotating-paper,WAN_BASE,56382197,49,24,30,1.2,5,,A grabber arm is holding a tennis ball above a piece of cardstock propped up on a rotating platform sitting on a table that rotates clockwise. The grabber lowers the ball and places is on the table as the cardstock rotates. Static shot with no camera movement.,A grabber arm is holding a tennis ball above a piece of cardstock propped up on a rotating platform sitting on a table that rotates clockwise. The grabber lowers the ball and places is on the table as the cardstock rotates. Static shot with no camera movement.,A grabber arm is holding a tennis ball above a piece of cardstock propped up on a rotating platform sitting on a table that rotates clockwise. The grabber lowers the ball and places is on the table as the cardstock rotates. Static shot with no camera movement.,benchmark_op_unmodified,PhysDelta2010_subset,,physicsiq/inputs/0004.png,physicsiq/inputs/0004.png,
op34_wan34_0004_s68491523,0004,ball-behind-rotating-paper,WAN_BASE,68491523,49,24,30,1.2,5,,A grabber arm is holding a tennis ball above a piece of cardstock propped up on a rotating platform sitting on a table that rotates clockwise. The grabber lowers the ball and places is on the table as the cardstock rotates. Static shot with no camera movement.,A grabber arm is holding a tennis ball above a piece of cardstock propped up on a rotating platform sitting on a table that rotates clockwise. The grabber lowers the ball and places is on the table as the cardstock rotates. Static shot with no camera movement.,A grabber arm is holding a tennis ball above a piece of cardstock propped up on a rotating platform sitting on a table that rotates clockwise. The grabber lowers the ball and places is on the table as the cardstock rotates. Static shot with no camera movement.,benchmark_op_unmodified,PhysDelta2010_subset,,physicsiq/inputs/0004.png,physicsiq/inputs/0004.png,
op34_wan34_0005_s43278311,0005,ball-behind-rotating-paper,WAN_BASE,43278311,49,24,30,1.2,5,,A grabber arm is holding a tennis ball above a piece of cardstock propped up on a rotating platform sitting on a table that rotates clockwise. The grabber lowers the ball and places is on the table as the cardstock rotates. Static shot with no camera movement.,A grabber arm is holding a tennis ball above a piece of cardstock propped up on a rotating platform sitting on a table that rotates clockwise. The grabber lowers the ball and places is on the table as the cardstock rotates. Static shot with no camera movement.,A grabber arm is holding a tennis ball above a piece of cardstock propped up on a rotating platform sitting on a table that rotates clockwise. The grabber lowers the ball and places is on the table as the cardstock rotates. Static shot with no camera movement.,benchmark_op_unmodified,PhysDelta2010_subset,,physicsiq/inputs/0005.png,physicsiq/inputs/0005.png,
op34_wan34_0005_s56382197,0005,ball-behind-rotating-paper,WAN_BASE,56382197,49,24,30,1.2,5,,A grabber arm is holding a tennis ball above a piece of cardstock propped up on a rotating platform sitting on a table that rotates clockwise. The grabber lowers the ball and places is on the table as the cardstock rotates. Static shot with no camera movement.,A grabber arm is holding a tennis ball above a piece of cardstock propped up on a rotating platform sitting on a table that rotates clockwise. The grabber lowers the ball and places is on the table as the cardstock rotates. Static shot with no camera movement.,A grabber arm is holding a tennis ball above a piece of cardstock propped up on a rotating platform sitting on a table that rotates clockwise. The grabber lowers the ball and places is on the table as the cardstock rotates. Static shot with no camera movement.,benchmark_op_unmodified,PhysDelta2010_subset,,physicsiq/inputs/0005.png,physicsiq/inputs/0005.png,
op34_wan34_0005_s68491523,0005,ball-behind-rotating-paper,WAN_BASE,68491523,49,24,30,1.2,5,,A grabber arm is holding a tennis ball above a piece of cardstock propped up on a rotating platform sitting on a table that rotates clockwise. The grabber lowers the ball and places is on the table as the cardstock rotates. Static shot with no camera movement.,A grabber arm is holding a tennis ball above a piece of cardstock propped up on a rotating platform sitting on a table that rotates clockwise. The grabber lowers the ball and places is on the table as the cardstock rotates. Static shot with no camera movement.,A grabber arm is holding a tennis ball above a piece of cardstock propped up on a rotating platform sitting on a table that rotates clockwise. The grabber lowers the ball and places is on the table as the cardstock rotates. Static shot with no camera movement.,benchmark_op_unmodified,PhysDelta2010_subset,,physicsiq/inputs/0005.png,physicsiq/inputs/0005.png,
op34_wan34_0006_s43278311,0006,ball-behind-rotating-paper,WAN_BASE,43278311,49,24,30,1.2,5,,A grabber arm is holding a tennis ball above a piece of cardstock propped up on a rotating platform sitting on a table that rotates clockwise. The grabber lowers the ball and places is on the table as the cardstock rotates. Static shot with no camera movement.,A grabber arm is holding a tennis ball above a piece of cardstock propped up on a rotating platform sitting on a table that rotates clockwise. The grabber lowers the ball and places is on the table as the cardstock rotates. Static shot with no camera movement.,A grabber arm is holding a tennis ball above a piece of cardstock propped up on a rotating platform sitting on a table that rotates clockwise. The grabber lowers the ball and places is on the table as the cardstock rotates. Static shot with no camera movement.,benchmark_op_unmodified,PhysDelta2010_subset,,physicsiq/inputs/0006.png,physicsiq/inputs/0006.png,
op34_wan34_0006_s56382197,0006,ball-behind-rotating-paper,WAN_BASE,56382197,49,24,30,1.2,5,,A grabber arm is holding a tennis ball above a piece of cardstock propped up on a rotating platform sitting on a table that rotates clockwise. The grabber lowers the ball and places is on the table as the cardstock rotates. Static shot with no camera movement.,A grabber arm is holding a tennis ball above a piece of cardstock propped up on a rotating platform sitting on a table that rotates clockwise. The grabber lowers the ball and places is on the table as the cardstock rotates. Static shot with no camera movement.,A grabber arm is holding a tennis ball above a piece of cardstock propped up on a rotating platform sitting on a table that rotates clockwise. The grabber lowers the ball and places is on the table as the cardstock rotates. Static shot with no camera movement.,benchmark_op_unmodified,PhysDelta2010_subset,,physicsiq/inputs/0006.png,physicsiq/inputs/0006.png,
op34_wan34_0006_s68491523,0006,ball-behind-rotating-paper,WAN_BASE,68491523,49,24,30,1.2,5,,A grabber arm is holding a tennis ball above a piece of cardstock propped up on a rotating platform sitting on a table that rotates clockwise. The grabber lowers the ball and places is on the table as the cardstock rotates. Static shot with no camera movement.,A grabber arm is holding a tennis ball above a piece of cardstock propped up on a rotating platform sitting on a table that rotates clockwise. The grabber lowers the ball and places is on the table as the cardstock rotates. Static shot with no camera movement.,A grabber arm is holding a tennis ball above a piece of cardstock propped up on a rotating platform sitting on a table that rotates clockwise. The grabber lowers the ball and places is on the table as the cardstock rotates. Static shot with no camera movement.,benchmark_op_unmodified,PhysDelta2010_subset,,physicsiq/inputs/0006.png,physicsiq/inputs/0006.png,
op34_wan34_0041_s43278311,0041,cut-orange,WAN_BASE,43278311,49,24,50,1.2,5,,A tangerine that has been cut in half is placed on a glass cutting board. A knife is slicing through the tangerine. Static shot with no camera movement.,A tangerine that has been cut in half is placed on a glass cutting board. A knife is slicing through the tangerine. Static shot with no camera movement.,A tangerine that has been cut in half is placed on a glass cutting board. A knife is slicing through the tangerine. Static shot with no camera movement.,benchmark_op_unmodified,PhysDelta2010_subset,,physicsiq/inputs/0041.png,physicsiq/inputs/0041.png,
op34_wan34_0041_s56382197,0041,cut-orange,WAN_BASE,56382197,49,24,50,1.2,5,,A tangerine that has been cut in half is placed on a glass cutting board. A knife is slicing through the tangerine. Static shot with no camera movement.,A tangerine that has been cut in half is placed on a glass cutting board. A knife is slicing through the tangerine. Static shot with no camera movement.,A tangerine that has been cut in half is placed on a glass cutting board. A knife is slicing through the tangerine. Static shot with no camera movement.,benchmark_op_unmodified,PhysDelta2010_subset,,physicsiq/inputs/0041.png,physicsiq/inputs/0041.png,
op34_wan34_0041_s68491523,0041,cut-orange,WAN_BASE,68491523,49,24,50,1.2,5,,A tangerine that has been cut in half is placed on a glass cutting board. A knife is slicing through the tangerine. Static shot with no camera movement.,A tangerine that has been cut in half is placed on a glass cutting board. A knife is slicing through the tangerine. Static shot with no camera movement.,A tangerine that has been cut in half is placed on a glass cutting board. A knife is slicing through the tangerine. Static shot with no camera movement.,benchmark_op_unmodified,PhysDelta2010_subset,,physicsiq/inputs/0041.png,physicsiq/inputs/0041.png,
op34_wan34_0042_s43278311,0042,cut-orange,WAN_BASE,43278311,49,24,30,1.2,5,,A tangerine that has been cut in half is placed on a glass cutting board. A knife is slicing through the tangerine. Static shot with no camera movement.,A tangerine that has been cut in half is placed on a glass cutting board. A knife is slicing through the tangerine. Static shot with no camera movement.,A tangerine that has been cut in half is placed on a glass cutting board. A knife is slicing through the tangerine. Static shot with no camera movement.,benchmark_op_unmodified,PhysDelta2010_subset,,physicsiq/inputs/0042.png,physicsiq/inputs/0042.png,
op34_wan34_0042_s56382197,0042,cut-orange,WAN_BASE,56382197,49,24,30,1.2,5,,A tangerine that has been cut in half is placed on a glass cutting board. A knife is slicing through the tangerine. Static shot with no camera movement.,A tangerine that has been cut in half is placed on a glass cutting board. A knife is slicing through the tangerine. Static shot with no camera movement.,A tangerine that has been cut in half is placed on a glass cutting board. A knife is slicing through the tangerine. Static shot with no camera movement.,benchmark_op_unmodified,PhysDelta2010_subset,,physicsiq/inputs/0042.png,physicsiq/inputs/0042.png,
op34_wan34_0042_s68491523,0042,cut-orange,WAN_BASE,68491523,49,24,30,1.2,5,,A tangerine that has been cut in half is placed on a glass cutting board. A knife is slicing through the tangerine. Static shot with no camera movement.,A tangerine that has been cut in half is placed on a glass cutting board. A knife is slicing through the tangerine. Static shot with no camera movement.,A tangerine that has been cut in half is placed on a glass cutting board. A knife is slicing through the tangerine. Static shot with no camera movement.,benchmark_op_unmodified,PhysDelta2010_subset,,physicsiq/inputs/0042.png,physicsiq/inputs/0042.png,
op34_wan34_0043_s43278311,0043,cut-paper,WAN_BASE,43278311,49,24,30,1.2,5,,"Two black and blue gripping tools are pulling a piece of green paper from its two corners, causing it to tear. Static shot with no camera movement.","Two black and blue gripping tools are pulling a piece of green paper from its two corners, causing it to tear. Static shot with no camera movement.","Two black and blue gripping tools are pulling a piece of green paper from its two corners, causing it to tear. Static shot with no camera movement.",benchmark_op_unmodified,PhysDelta2010_subset,,physicsiq/inputs/0043.png,physicsiq/inputs/0043.png,
op34_wan34_0043_s56382197,0043,cut-paper,WAN_BASE,56382197,49,24,30,1.2,5,,"Two black and blue gripping tools are pulling a piece of green paper from its two corners, causing it to tear. Static shot with no camera movement.","Two black and blue gripping tools are pulling a piece of green paper from its two corners, causing it to tear. Static shot with no camera movement.","Two black and blue gripping tools are pulling a piece of green paper from its two corners, causing it to tear. Static shot with no camera movement.",benchmark_op_unmodified,PhysDelta2010_subset,,physicsiq/inputs/0043.png,physicsiq/inputs/0043.png,
op34_wan34_0043_s68491523,0043,cut-paper,WAN_BASE,68491523,49,24,30,1.2,5,,"Two black and blue gripping tools are pulling a piece of green paper from its two corners, causing it to tear. Static shot with no camera movement.","Two black and blue gripping tools are pulling a piece of green paper from its two corners, causing it to tear. Static shot with no camera movement.","Two black and blue gripping tools are pulling a piece of green paper from its two corners, causing it to tear. Static shot with no camera movement.",benchmark_op_unmodified,PhysDelta2010_subset,,physicsiq/inputs/0043.png,physicsiq/inputs/0043.png,
op34_wan34_0044_s43278311,0044,cut-paper,WAN_BASE,43278311,49,24,30,1.2,5,,"Two black and blue gripping tools are pulling a piece of green paper from its two corners, causing it to tear. Static shot with no camera movement.","Two black and blue gripping tools are pulling a piece of green paper from its two corners, causing it to tear. Static shot with no camera movement.","Two black and blue gripping tools are pulling a piece of green paper from its two corners, causing it to tear. Static shot with no camera movement.",benchmark_op_unmodified,PhysDelta2010_subset,,physicsiq/inputs/0044.png,physicsiq/inputs/0044.png,
op34_wan34_0044_s56382197,0044,cut-paper,WAN_BASE,56382197,49,24,30,1.2,5,,"Two black and blue gripping tools are pulling a piece of green paper from its two corners, causing it to tear. Static shot with no camera movement.","Two black and blue gripping tools are pulling a piece of green paper from its two corners, causing it to tear. Static shot with no camera movement.","Two black and blue gripping tools are pulling a piece of green paper from its two corners, causing it to tear. Static shot with no camera movement.",benchmark_op_unmodified,PhysDelta2010_subset,,physicsiq/inputs/0044.png,physicsiq/inputs/0044.png,
op34_wan34_0044_s68491523,0044,cut-paper,WAN_BASE,68491523,49,24,30,1.2,5,,"Two black and blue gripping tools are pulling a piece of green paper from its two corners, causing it to tear. Static shot with no camera movement.","Two black and blue gripping tools are pulling a piece of green paper from its two corners, causing it to tear. Static shot with no camera movement.","Two black and blue gripping tools are pulling a piece of green paper from its two corners, causing it to tear. Static shot with no camera movement.",benchmark_op_unmodified,PhysDelta2010_subset,,physicsiq/inputs/0044.png,physicsiq/inputs/0044.png,
op34_wan34_0045_s43278311,0045,cut-paper,WAN_BASE,43278311,49,24,30,1.2,5,,"Two black and blue gripping tools are pulling a piece of green paper from its two corners, causing it to tear. Static shot with no camera movement.","Two black and blue gripping tools are pulling a piece of green paper from its two corners, causing it to tear. Static shot with no camera movement.","Two black and blue gripping tools are pulling a piece of green paper from its two corners, causing it to tear. Static shot with no camera movement.",benchmark_op_unmodified,PhysDelta2010_subset,,physicsiq/inputs/0045.png,physicsiq/inputs/0045.png,
op34_wan34_0045_s56382197,0045,cut-paper,WAN_BASE,56382197,49,24,30,1.2,5,,"Two black and blue gripping tools are pulling a piece of green paper from its two corners, causing it to tear. Static shot with no camera movement.","Two black and blue gripping tools are pulling a piece of green paper from its two corners, causing it to tear. Static shot with no camera movement.","Two black and blue gripping tools are pulling a piece of green paper from its two corners, causing it to tear. Static shot with no camera movement.",benchmark_op_unmodified,PhysDelta2010_subset,,physicsiq/inputs/0045.png,physicsiq/inputs/0045.png,
op34_wan34_0045_s68491523,0045,cut-paper,WAN_BASE,68491523,49,24,30,1.2,5,,"Two black and blue gripping tools are pulling a piece of green paper from its two corners, causing it to tear. Static shot with no camera movement.","Two black and blue gripping tools are pulling a piece of green paper from its two corners, causing it to tear. Static shot with no camera movement.","Two black and blue gripping tools are pulling a piece of green paper from its two corners, causing it to tear. Static shot with no camera movement.",benchmark_op_unmodified,PhysDelta2010_subset,,physicsiq/inputs/0045.png,physicsiq/inputs/0045.png,
op34_wan34_0049_s43278311,0049,dominos-with-space,WAN_BASE,43278311,49,24,30,1.2,5,,Two rows of alternating black and white dominoes are set up on a wooden table with a gap between the two rows. A wooden stick attached to a rotating platform rotates clockwise and knocks the first domino in the first row. Static shot with no camera movement.,Two rows of alternating black and white dominoes are set up on a wooden table with a gap between the two rows. A wooden stick attached to a rotating platform rotates clockwise and knocks the first domino in the first row. Static shot with no camera movement.,Two rows of alternating black and white dominoes are set up on a wooden table with a gap between the two rows. A wooden stick attached to a rotating platform rotates clockwise and knocks the first domino in the first row. Static shot with no camera movement.,benchmark_op_unmodified,PhysDelta2010_subset,,physicsiq/inputs/0049.png,physicsiq/inputs/0049.png,
op34_wan34_0049_s56382197,0049,dominos-with-space,WAN_BASE,56382197,49,24,30,1.2,5,,Two rows of alternating black and white dominoes are set up on a wooden table with a gap between the two rows. A wooden stick attached to a rotating platform rotates clockwise and knocks the first domino in the first row. Static shot with no camera movement.,Two rows of alternating black and white dominoes are set up on a wooden table with a gap between the two rows. A wooden stick attached to a rotating platform rotates clockwise and knocks the first domino in the first row. Static shot with no camera movement.,Two rows of alternating black and white dominoes are set up on a wooden table with a gap between the two rows. A wooden stick attached to a rotating platform rotates clockwise and knocks the first domino in the first row. Static shot with no camera movement.,benchmark_op_unmodified,PhysDelta2010_subset,,physicsiq/inputs/0049.png,physicsiq/inputs/0049.png,
op34_wan34_0049_s68491523,0049,dominos-with-space,WAN_BASE,68491523,49,24,30,1.2,5,,Two rows of alternating black and white dominoes are set up on a wooden table with a gap between the two rows. A wooden stick attached to a rotating platform rotates clockwise and knocks the first domino in the first row. Static shot with no camera movement.,Two rows of alternating black and white dominoes are set up on a wooden table with a gap between the two rows. A wooden stick attached to a rotating platform rotates clockwise and knocks the first domino in the first row. Static shot with no camera movement.,Two rows of alternating black and white dominoes are set up on a wooden table with a gap between the two rows. A wooden stick attached to a rotating platform rotates clockwise and knocks the first domino in the first row. Static shot with no camera movement.,benchmark_op_unmodified,PhysDelta2010_subset,,physicsiq/inputs/0049.png,physicsiq/inputs/0049.png,
op34_wan34_0050_s43278311,0050,dominos-with-space,WAN_BASE,43278311,49,24,30,1.2,5,,Two rows of alternating black and white dominoes are set up on a wooden table with a gap between the two rows. A wooden stick attached to a rotating platform rotates clockwise and knocks the first domino in the first row. Static shot with no camera movement.,Two rows of alternating black and white dominoes are set up on a wooden table with a gap between the two rows. A wooden stick attached to a rotating platform rotates clockwise and knocks the first domino in the first row. Static shot with no camera movement.,Two rows of alternating black and white dominoes are set up on a wooden table with a gap between the two rows. A wooden stick attached to a rotating platform rotates clockwise and knocks the first domino in the first row. Static shot with no camera movement.,benchmark_op_unmodified,PhysDelta2010_subset,,physicsiq/inputs/0050.png,physicsiq/inputs/0050.png,
op34_wan34_0050_s56382197,0050,dominos-with-space,WAN_BASE,56382197,49,24,30,1.2,5,,Two rows of alternating black and white dominoes are set up on a wooden table with a gap between the two rows. A wooden stick attached to a rotating platform rotates clockwise and knocks the first domino in the first row. Static shot with no camera movement.,Two rows of alternating black and white dominoes are set up on a wooden table with a gap between the two rows. A wooden stick attached to a rotating platform rotates clockwise and knocks the first domino in the first row. Static shot with no camera movement.,Two rows of alternating black and white dominoes are set up on a wooden table with a gap between the two rows. A wooden stick attached to a rotating platform rotates clockwise and knocks the first domino in the first row. Static shot with no camera movement.,benchmark_op_unmodified,PhysDelta2010_subset,,physicsiq/inputs/0050.png,physicsiq/inputs/0050.png,
op34_wan34_0050_s68491523,0050,dominos-with-space,WAN_BASE,68491523,49,24,30,1.2,5,,Two rows of alternating black and white dominoes are set up on a wooden table with a gap between the two rows. A wooden stick attached to a rotating platform rotates clockwise and knocks the first domino in the first row. Static shot with no camera movement.,Two rows of alternating black and white dominoes are set up on a wooden table with a gap between the two rows. A wooden stick attached to a rotating platform rotates clockwise and knocks the first domino in the first row. Static shot with no camera movement.,Two rows of alternating black and white dominoes are set up on a wooden table with a gap between the two rows. A wooden stick attached to a rotating platform rotates clockwise and knocks the first domino in the first row. Static shot with no camera movement.,benchmark_op_unmodified,PhysDelta2010_subset,,physicsiq/inputs/0050.png,physicsiq/inputs/0050.png,
op34_wan34_0053_s43278311,0053,double-cradle,WAN_BASE,43278311,49,24,30,1.2,,,A Newton's cradle device on the table and two of the metal balls are held up by a blue handled grabber tool. The claw releases the two balls. Static shot with no camera movement.,A Newton's cradle device on the table and two of the metal balls are held up by a blue handled grabber tool. The claw releases the two balls. Static shot with no camera movement.,A Newton's cradle device on the table and two of the metal balls are held up by a blue handled grabber tool. The claw releases the two balls. Static shot with no camera movement.,benchmark_op_unmodified,PhysDelta2010_subset,,physicsiq/inputs/0053.png,physicsiq/inputs/0053.png,
op34_wan34_0053_s56382197,0053,double-cradle,WAN_BASE,56382197,49,24,30,1.2,,,A Newton's cradle device on the table and two of the metal balls are held up by a blue handled grabber tool. The claw releases the two balls. Static shot with no camera movement.,A Newton's cradle device on the table and two of the metal balls are held up by a blue handled grabber tool. The claw releases the two balls. Static shot with no camera movement.,A Newton's cradle device on the table and two of the metal balls are held up by a blue handled grabber tool. The claw releases the two balls. Static shot with no camera movement.,benchmark_op_unmodified,PhysDelta2010_subset,,physicsiq/inputs/0053.png,physicsiq/inputs/0053.png,
op34_wan34_0053_s68491523,0053,double-cradle,WAN_BASE,68491523,49,24,30,1.2,,,A Newton's cradle device on the table and two of the metal balls are held up by a blue handled grabber tool. The claw releases the two balls. Static shot with no camera movement.,A Newton's cradle device on the table and two of the metal balls are held up by a blue handled grabber tool. The claw releases the two balls. Static shot with no camera movement.,A Newton's cradle device on the table and two of the metal balls are held up by a blue handled grabber tool. The claw releases the two balls. Static shot with no camera movement.,benchmark_op_unmodified,PhysDelta2010_subset,,physicsiq/inputs/0053.png,physicsiq/inputs/0053.png,
op34_wan34_0056_s43278311,0056,duck-and-dominos,WAN_BASE,43278311,49,24,30,1.2,5,,A yellow rubber duck is positioned in the middle of a line of black and white dominoes on a wooden table. A stick attached to a black rotating platform rotates clockwise and knocks the first domino block. Static shot with no camera movement.,A yellow rubber duck is positioned in the middle of a line of black and white dominoes on a wooden table. A stick attached to a black rotating platform rotates clockwise and knocks the first domino block. Static shot with no camera movement.,A yellow rubber duck is positioned in the middle of a line of black and white dominoes on a wooden table. A stick attached to a black rotating platform rotates clockwise and knocks the first domino block. Static shot with no camera movement.,benchmark_op_unmodified,PhysDelta2010_subset,,physicsiq/inputs/0056.png,physicsiq/inputs/0056.png,
op34_wan34_0056_s56382197,0056,duck-and-dominos,WAN_BASE,56382197,49,24,30,1.2,5,,A yellow rubber duck is positioned in the middle of a line of black and white dominoes on a wooden table. A stick attached to a black rotating platform rotates clockwise and knocks the first domino block. Static shot with no camera movement.,A yellow rubber duck is positioned in the middle of a line of black and white dominoes on a wooden table. A stick attached to a black rotating platform rotates clockwise and knocks the first domino block. Static shot with no camera movement.,A yellow rubber duck is positioned in the middle of a line of black and white dominoes on a wooden table. A stick attached to a black rotating platform rotates clockwise and knocks the first domino block. Static shot with no camera movement.,benchmark_op_unmodified,PhysDelta2010_subset,,physicsiq/inputs/0056.png,physicsiq/inputs/0056.png,
op34_wan34_0056_s68491523,0056,duck-and-dominos,WAN_BASE,68491523,49,24,30,1.2,5,,A yellow rubber duck is positioned in the middle of a line of black and white dominoes on a wooden table. A stick attached to a black rotating platform rotates clockwise and knocks the first domino block. Static shot with no camera movement.,A yellow rubber duck is positioned in the middle of a line of black and white dominoes on a wooden table. A stick attached to a black rotating platform rotates clockwise and knocks the first domino block. Static shot with no camera movement.,A yellow rubber duck is positioned in the middle of a line of black and white dominoes on a wooden table. A stick attached to a black rotating platform rotates clockwise and knocks the first domino block. Static shot with no camera movement.,benchmark_op_unmodified,PhysDelta2010_subset,,physicsiq/inputs/0056.png,physicsiq/inputs/0056.png,
op34_wan34_0097_s43278311,0097,magnet-transparent-peakaboo,WAN_BASE,43278311,49,24,50,1.2,5,,A clear acrylic box suspended from a cord hangs above a tennis ball with a smiley face drawn on it positioned on a wooden table. The box is lowered to cover the ball. Static shot with no camera movement.,A clear acrylic box suspended from a cord hangs above a tennis ball with a smiley face drawn on it positioned on a wooden table. The box is lowered to cover the ball. Static shot with no camera movement.,A clear acrylic box suspended from a cord hangs above a tennis ball with a smiley face drawn on it positioned on a wooden table. The box is lowered to cover the ball. Static shot with no camera movement.,benchmark_op_unmodified,PhysDelta2010_subset,,physicsiq/inputs/0097.png,physicsiq/inputs/0097.png,
op34_wan34_0097_s56382197,0097,magnet-transparent-peakaboo,WAN_BASE,56382197,49,24,50,1.2,5,,A clear acrylic box suspended from a cord hangs above a tennis ball with a smiley face drawn on it positioned on a wooden table. The box is lowered to cover the ball. Static shot with no camera movement.,A clear acrylic box suspended from a cord hangs above a tennis ball with a smiley face drawn on it positioned on a wooden table. The box is lowered to cover the ball. Static shot with no camera movement.,A clear acrylic box suspended from a cord hangs above a tennis ball with a smiley face drawn on it positioned on a wooden table. The box is lowered to cover the ball. Static shot with no camera movement.,benchmark_op_unmodified,PhysDelta2010_subset,,physicsiq/inputs/0097.png,physicsiq/inputs/0097.png,
op34_wan34_0097_s68491523,0097,magnet-transparent-peakaboo,WAN_BASE,68491523,49,24,50,1.2,5,,A clear acrylic box suspended from a cord hangs above a tennis ball with a smiley face drawn on it positioned on a wooden table. The box is lowered to cover the ball. Static shot with no camera movement.,A clear acrylic box suspended from a cord hangs above a tennis ball with a smiley face drawn on it positioned on a wooden table. The box is lowered to cover the ball. Static shot with no camera movement.,A clear acrylic box suspended from a cord hangs above a tennis ball with a smiley face drawn on it positioned on a wooden table. The box is lowered to cover the ball. Static shot with no camera movement.,benchmark_op_unmodified,PhysDelta2010_subset,,physicsiq/inputs/0097.png,physicsiq/inputs/0097.png,
op34_wan34_0098_s43278311,0098,magnet-transparent-peakaboo,WAN_BASE,43278311,49,24,50,1.2,5,,A clear acrylic box suspended from a cord hangs above a tennis ball with a smiley face drawn on it positioned on a wooden table. The box is lowered to cover the ball. Static shot with no camera movement.,A clear acrylic box suspended from a cord hangs above a tennis ball with a smiley face drawn on it positioned on a wooden table. The box is lowered to cover the ball. Static shot with no camera movement.,A clear acrylic box suspended from a cord hangs above a tennis ball with a smiley face drawn on it positioned on a wooden table. The box is lowered to cover the ball. Static shot with no camera movement.,benchmark_op_unmodified,PhysDelta2010_subset,,physicsiq/inputs/0098.png,physicsiq/inputs/0098.png,
op34_wan34_0098_s56382197,0098,magnet-transparent-peakaboo,WAN_BASE,56382197,49,24,50,1.2,5,,A clear acrylic box suspended from a cord hangs above a tennis ball with a smiley face drawn on it positioned on a wooden table. The box is lowered to cover the ball. Static shot with no camera movement.,A clear acrylic box suspended from a cord hangs above a tennis ball with a smiley face drawn on it positioned on a wooden table. The box is lowered to cover the ball. Static shot with no camera movement.,A clear acrylic box suspended from a cord hangs above a tennis ball with a smiley face drawn on it positioned on a wooden table. The box is lowered to cover the ball. Static shot with no camera movement.,benchmark_op_unmodified,PhysDelta2010_subset,,physicsiq/inputs/0098.png,physicsiq/inputs/0098.png,
op34_wan34_0098_s68491523,0098,magnet-transparent-peakaboo,WAN_BASE,68491523,49,24,50,1.2,5,,A clear acrylic box suspended from a cord hangs above a tennis ball with a smiley face drawn on it positioned on a wooden table. The box is lowered to cover the ball. Static shot with no camera movement.,A clear acrylic box suspended from a cord hangs above a tennis ball with a smiley face drawn on it positioned on a wooden table. The box is lowered to cover the ball. Static shot with no camera movement.,A clear acrylic box suspended from a cord hangs above a tennis ball with a smiley face drawn on it positioned on a wooden table. The box is lowered to cover the ball. Static shot with no camera movement.,benchmark_op_unmodified,PhysDelta2010_subset,,physicsiq/inputs/0098.png,physicsiq/inputs/0098.png,
op34_wan34_0099_s43278311,0099,magnet-transparent-peakaboo,WAN_BASE,43278311,49,24,30,1.2,5,,A clear acrylic box suspended from a cord hangs above a tennis ball with a smiley face drawn on it positioned on a wooden table. The box is lowered to cover the ball. Static shot with no camera movement.,A clear acrylic box suspended from a cord hangs above a tennis ball with a smiley face drawn on it positioned on a wooden table. The box is lowered to cover the ball. Static shot with no camera movement.,A clear acrylic box suspended from a cord hangs above a tennis ball with a smiley face drawn on it positioned on a wooden table. The box is lowered to cover the ball. Static shot with no camera movement.,benchmark_op_unmodified,PhysDelta2010_subset,,physicsiq/inputs/0099.png,physicsiq/inputs/0099.png,
op34_wan34_0099_s56382197,0099,magnet-transparent-peakaboo,WAN_BASE,56382197,49,24,30,1.2,5,,A clear acrylic box suspended from a cord hangs above a tennis ball with a smiley face drawn on it positioned on a wooden table. The box is lowered to cover the ball. Static shot with no camera movement.,A clear acrylic box suspended from a cord hangs above a tennis ball with a smiley face drawn on it positioned on a wooden table. The box is lowered to cover the ball. Static shot with no camera movement.,A clear acrylic box suspended from a cord hangs above a tennis ball with a smiley face drawn on it positioned on a wooden table. The box is lowered to cover the ball. Static shot with no camera movement.,benchmark_op_unmodified,PhysDelta2010_subset,,physicsiq/inputs/0099.png,physicsiq/inputs/0099.png,
op34_wan34_0099_s68491523,0099,magnet-transparent-peakaboo,WAN_BASE,68491523,49,24,30,1.2,5,,A clear acrylic box suspended from a cord hangs above a tennis ball with a smiley face drawn on it positioned on a wooden table. The box is lowered to cover the ball. Static shot with no camera movement.,A clear acrylic box suspended from a cord hangs above a tennis ball with a smiley face drawn on it positioned on a wooden table. The box is lowered to cover the ball. Static shot with no camera movement.,A clear acrylic box suspended from a cord hangs above a tennis ball with a smiley face drawn on it positioned on a wooden table. The box is lowered to cover the ball. Static shot with no camera movement.,benchmark_op_unmodified,PhysDelta2010_subset,,physicsiq/inputs/0099.png,physicsiq/inputs/0099.png,
op34_wan34_0157_s43278311,0157,silk-cover,WAN_BASE,43278311,49,24,30,1.2,5,,A teapot is placed on a wooden table. a piece of silk fabric is lowered on the teapot to cover it. Static shot with no camera movement.,A teapot is placed on a wooden table. a piece of silk fabric is lowered on the teapot to cover it. Static shot with no camera movement.,A teapot is placed on a wooden table. a piece of silk fabric is lowered on the teapot to cover it. Static shot with no camera movement.,benchmark_op_unmodified,PhysDelta2010_subset,,physicsiq/inputs/0157.png,physicsiq/inputs/0157.png,
op34_wan34_0157_s56382197,0157,silk-cover,WAN_BASE,56382197,49,24,30,1.2,5,,A teapot is placed on a wooden table. a piece of silk fabric is lowered on the teapot to cover it. Static shot with no camera movement.,A teapot is placed on a wooden table. a piece of silk fabric is lowered on the teapot to cover it. Static shot with no camera movement.,A teapot is placed on a wooden table. a piece of silk fabric is lowered on the teapot to cover it. Static shot with no camera movement.,benchmark_op_unmodified,PhysDelta2010_subset,,physicsiq/inputs/0157.png,physicsiq/inputs/0157.png,
op34_wan34_0157_s68491523,0157,silk-cover,WAN_BASE,68491523,49,24,30,1.2,5,,A teapot is placed on a wooden table. a piece of silk fabric is lowered on the teapot to cover it. Static shot with no camera movement.,A teapot is placed on a wooden table. a piece of silk fabric is lowered on the teapot to cover it. Static shot with no camera movement.,A teapot is placed on a wooden table. a piece of silk fabric is lowered on the teapot to cover it. Static shot with no camera movement.,benchmark_op_unmodified,PhysDelta2010_subset,,physicsiq/inputs/0157.png,physicsiq/inputs/0157.png,
op34_wan34_0158_s43278311,0158,silk-cover,WAN_BASE,43278311,49,24,30,1.2,5,,A teapot is placed on a wooden table. a piece of silk fabric is lowered on the teapot to cover it. Static shot with no camera movement.,A teapot is placed on a wooden table. a piece of silk fabric is lowered on the teapot to cover it. Static shot with no camera movement.,A teapot is placed on a wooden table. a piece of silk fabric is lowered on the teapot to cover it. Static shot with no camera movement.,benchmark_op_unmodified,PhysDelta2010_subset,,physicsiq/inputs/0158.png,physicsiq/inputs/0158.png,
op34_wan34_0158_s56382197,0158,silk-cover,WAN_BASE,56382197,49,24,30,1.2,5,,A teapot is placed on a wooden table. a piece of silk fabric is lowered on the teapot to cover it. Static shot with no camera movement.,A teapot is placed on a wooden table. a piece of silk fabric is lowered on the teapot to cover it. Static shot with no camera movement.,A teapot is placed on a wooden table. a piece of silk fabric is lowered on the teapot to cover it. Static shot with no camera movement.,benchmark_op_unmodified,PhysDelta2010_subset,,physicsiq/inputs/0158.png,physicsiq/inputs/0158.png,
op34_wan34_0158_s68491523,0158,silk-cover,WAN_BASE,68491523,49,24,30,1.2,5,,A teapot is placed on a wooden table. a piece of silk fabric is lowered on the teapot to cover it. Static shot with no camera movement.,A teapot is placed on a wooden table. a piece of silk fabric is lowered on the teapot to cover it. Static shot with no camera movement.,A teapot is placed on a wooden table. a piece of silk fabric is lowered on the teapot to cover it. Static shot with no camera movement.,benchmark_op_unmodified,PhysDelta2010_subset,,physicsiq/inputs/0158.png,physicsiq/inputs/0158.png,
op34_wan34_0159_s43278311,0159,silk-cover,WAN_BASE,43278311,49,24,30,1.2,5,,A teapot is placed on a wooden table. a piece of silk fabric is lowered on the teapot to cover it. Static shot with no camera movement.,A teapot is placed on a wooden table. a piece of silk fabric is lowered on the teapot to cover it. Static shot with no camera movement.,A teapot is placed on a wooden table. a piece of silk fabric is lowered on the teapot to cover it. Static shot with no camera movement.,benchmark_op_unmodified,PhysDelta2010_subset,,physicsiq/inputs/0159.png,physicsiq/inputs/0159.png,
op34_wan34_0159_s56382197,0159,silk-cover,WAN_BASE,56382197,49,24,30,1.2,5,,A teapot is placed on a wooden table. a piece of silk fabric is lowered on the teapot to cover it. Static shot with no camera movement.,A teapot is placed on a wooden table. a piece of silk fabric is lowered on the teapot to cover it. Static shot with no camera movement.,A teapot is placed on a wooden table. a piece of silk fabric is lowered on the teapot to cover it. Static shot with no camera movement.,benchmark_op_unmodified,PhysDelta2010_subset,,physicsiq/inputs/0159.png,physicsiq/inputs/0159.png,
op34_wan34_0159_s68491523,0159,silk-cover,WAN_BASE,68491523,49,24,30,1.2,5,,A teapot is placed on a wooden table. a piece of silk fabric is lowered on the teapot to cover it. Static shot with no camera movement.,A teapot is placed on a wooden table. a piece of silk fabric is lowered on the teapot to cover it. Static shot with no camera movement.,A teapot is placed on a wooden table. a piece of silk fabric is lowered on the teapot to cover it. Static shot with no camera movement.,benchmark_op_unmodified,PhysDelta2010_subset,,physicsiq/inputs/0159.png,physicsiq/inputs/0159.png,
op34_wan34_0160_s43278311,0160,single-cradle,WAN_BASE,43278311,49,24,30,1.2,,,A Newton's cradle device on the table and one of the metal balls is held up by a blue handled grabber tool. The claw releases the ball. Static shot with no camera movement.,A Newton's cradle device on the table and one of the metal balls is held up by a blue handled grabber tool. The claw releases the ball. Static shot with no camera movement.,A Newton's cradle device on the table and one of the metal balls is held up by a blue handled grabber tool. The claw releases the ball. Static shot with no camera movement.,benchmark_op_unmodified,PhysDelta2010_subset,,physicsiq/inputs/0160.png,physicsiq/inputs/0160.png,
op34_wan34_0160_s56382197,0160,single-cradle,WAN_BASE,56382197,49,24,30,1.2,,,A Newton's cradle device on the table and one of the metal balls is held up by a blue handled grabber tool. The claw releases the ball. Static shot with no camera movement.,A Newton's cradle device on the table and one of the metal balls is held up by a blue handled grabber tool. The claw releases the ball. Static shot with no camera movement.,A Newton's cradle device on the table and one of the metal balls is held up by a blue handled grabber tool. The claw releases the ball. Static shot with no camera movement.,benchmark_op_unmodified,PhysDelta2010_subset,,physicsiq/inputs/0160.png,physicsiq/inputs/0160.png,
op34_wan34_0160_s68491523,0160,single-cradle,WAN_BASE,68491523,49,24,30,1.2,,,A Newton's cradle device on the table and one of the metal balls is held up by a blue handled grabber tool. The claw releases the ball. Static shot with no camera movement.,A Newton's cradle device on the table and one of the metal balls is held up by a blue handled grabber tool. The claw releases the ball. Static shot with no camera movement.,A Newton's cradle device on the table and one of the metal balls is held up by a blue handled grabber tool. The claw releases the ball. Static shot with no camera movement.,benchmark_op_unmodified,PhysDelta2010_subset,,physicsiq/inputs/0160.png,physicsiq/inputs/0160.png,
op34_wan34_0161_s43278311,0161,single-cradle,WAN_BASE,43278311,49,24,30,1.2,,,A Newton's cradle device on the table and one of the metal balls is held up by a blue handled grabber tool. The claw releases the ball. Static shot with no camera movement.,A Newton's cradle device on the table and one of the metal balls is held up by a blue handled grabber tool. The claw releases the ball. Static shot with no camera movement.,A Newton's cradle device on the table and one of the metal balls is held up by a blue handled grabber tool. The claw releases the ball. Static shot with no camera movement.,benchmark_op_unmodified,PhysDelta2010_subset,,physicsiq/inputs/0161.png,physicsiq/inputs/0161.png,
op34_wan34_0161_s56382197,0161,single-cradle,WAN_BASE,56382197,49,24,30,1.2,,,A Newton's cradle device on the table and one of the metal balls is held up by a blue handled grabber tool. The claw releases the ball. Static shot with no camera movement.,A Newton's cradle device on the table and one of the metal balls is held up by a blue handled grabber tool. The claw releases the ball. Static shot with no camera movement.,A Newton's cradle device on the table and one of the metal balls is held up by a blue handled grabber tool. The claw releases the ball. Static shot with no camera movement.,benchmark_op_unmodified,PhysDelta2010_subset,,physicsiq/inputs/0161.png,physicsiq/inputs/0161.png,
op34_wan34_0161_s68491523,0161,single-cradle,WAN_BASE,68491523,49,24,30,1.2,,,A Newton's cradle device on the table and one of the metal balls is held up by a blue handled grabber tool. The claw releases the ball. Static shot with no camera movement.,A Newton's cradle device on the table and one of the metal balls is held up by a blue handled grabber tool. The claw releases the ball. Static shot with no camera movement.,A Newton's cradle device on the table and one of the metal balls is held up by a blue handled grabber tool. The claw releases the ball. Static shot with no camera movement.,benchmark_op_unmodified,PhysDelta2010_subset,,physicsiq/inputs/0161.png,physicsiq/inputs/0161.png,
op34_wan34_0166_s43278311,0166,smiley-ball-rotates,WAN_BASE,43278311,49,24,30,1.2,5,,A tennis ball with a smiley face drawn on it is placed on a rotating black platform that rotates clockwise. Static shot with no camera movement.,A tennis ball with a smiley face drawn on it is placed on a rotating black platform that rotates clockwise. Static shot with no camera movement.,A tennis ball with a smiley face drawn on it is placed on a rotating black platform that rotates clockwise. Static shot with no camera movement.,benchmark_op_unmodified,PhysDelta2010_subset,,physicsiq/inputs/0166.png,physicsiq/inputs/0166.png,
op34_wan34_0166_s56382197,0166,smiley-ball-rotates,WAN_BASE,56382197,49,24,30,1.2,5,,A tennis ball with a smiley face drawn on it is placed on a rotating black platform that rotates clockwise. Static shot with no camera movement.,A tennis ball with a smiley face drawn on it is placed on a rotating black platform that rotates clockwise. Static shot with no camera movement.,A tennis ball with a smiley face drawn on it is placed on a rotating black platform that rotates clockwise. Static shot with no camera movement.,benchmark_op_unmodified,PhysDelta2010_subset,,physicsiq/inputs/0166.png,physicsiq/inputs/0166.png,
op34_wan34_0166_s68491523,0166,smiley-ball-rotates,WAN_BASE,68491523,49,24,30,1.2,5,,A tennis ball with a smiley face drawn on it is placed on a rotating black platform that rotates clockwise. Static shot with no camera movement.,A tennis ball with a smiley face drawn on it is placed on a rotating black platform that rotates clockwise. Static shot with no camera movement.,A tennis ball with a smiley face drawn on it is placed on a rotating black platform that rotates clockwise. Static shot with no camera movement.,benchmark_op_unmodified,PhysDelta2010_subset,,physicsiq/inputs/0166.png,physicsiq/inputs/0166.png,
op34_wan34_0167_s43278311,0167,smiley-ball-rotates,WAN_BASE,43278311,49,24,30,1.2,5,,A tennis ball with a smiley face drawn on it is placed on a rotating black platform that rotates clockwise. Static shot with no camera movement.,A tennis ball with a smiley face drawn on it is placed on a rotating black platform that rotates clockwise. Static shot with no camera movement.,A tennis ball with a smiley face drawn on it is placed on a rotating black platform that rotates clockwise. Static shot with no camera movement.,benchmark_op_unmodified,PhysDelta2010_subset,,physicsiq/inputs/0167.png,physicsiq/inputs/0167.png,
op34_wan34_0167_s56382197,0167,smiley-ball-rotates,WAN_BASE,56382197,49,24,30,1.2,5,,A tennis ball with a smiley face drawn on it is placed on a rotating black platform that rotates clockwise. Static shot with no camera movement.,A tennis ball with a smiley face drawn on it is placed on a rotating black platform that rotates clockwise. Static shot with no camera movement.,A tennis ball with a smiley face drawn on it is placed on a rotating black platform that rotates clockwise. Static shot with no camera movement.,benchmark_op_unmodified,PhysDelta2010_subset,,physicsiq/inputs/0167.png,physicsiq/inputs/0167.png,
op34_wan34_0167_s68491523,0167,smiley-ball-rotates,WAN_BASE,68491523,49,24,30,1.2,5,,A tennis ball with a smiley face drawn on it is placed on a rotating black platform that rotates clockwise. Static shot with no camera movement.,A tennis ball with a smiley face drawn on it is placed on a rotating black platform that rotates clockwise. Static shot with no camera movement.,A tennis ball with a smiley face drawn on it is placed on a rotating black platform that rotates clockwise. Static shot with no camera movement.,benchmark_op_unmodified,PhysDelta2010_subset,,physicsiq/inputs/0167.png,physicsiq/inputs/0167.png,
op34_wan34_0168_s43278311,0168,smiley-ball-rotates,WAN_BASE,43278311,49,24,30,1.2,5,,A tennis ball with a smiley face drawn on it is placed on a rotating black platform that rotates clockwise. Static shot with no camera movement.,A tennis ball with a smiley face drawn on it is placed on a rotating black platform that rotates clockwise. Static shot with no camera movement.,A tennis ball with a smiley face drawn on it is placed on a rotating black platform that rotates clockwise. Static shot with no camera movement.,benchmark_op_unmodified,PhysDelta2010_subset,,physicsiq/inputs/0168.png,physicsiq/inputs/0168.png,
op34_wan34_0168_s56382197,0168,smiley-ball-rotates,WAN_BASE,56382197,49,24,30,1.2,5,,A tennis ball with a smiley face drawn on it is placed on a rotating black platform that rotates clockwise. Static shot with no camera movement.,A tennis ball with a smiley face drawn on it is placed on a rotating black platform that rotates clockwise. Static shot with no camera movement.,A tennis ball with a smiley face drawn on it is placed on a rotating black platform that rotates clockwise. Static shot with no camera movement.,benchmark_op_unmodified,PhysDelta2010_subset,,physicsiq/inputs/0168.png,physicsiq/inputs/0168.png,
op34_wan34_0168_s68491523,0168,smiley-ball-rotates,WAN_BASE,68491523,49,24,30,1.2,5,,A tennis ball with a smiley face drawn on it is placed on a rotating black platform that rotates clockwise. Static shot with no camera movement.,A tennis ball with a smiley face drawn on it is placed on a rotating black platform that rotates clockwise. Static shot with no camera movement.,A tennis ball with a smiley face drawn on it is placed on a rotating black platform that rotates clockwise. Static shot with no camera movement.,benchmark_op_unmodified,PhysDelta2010_subset,,physicsiq/inputs/0168.png,physicsiq/inputs/0168.png,
op34_wan34_0169_s43278311,0169,solid-ball-peakaboo,WAN_BASE,43278311,49,24,50,1.2,5,,A woven basket is hanging from a rope with a strong magnet attached to the bottom. An orange tennis ball is placed on a table beneath it. The basket is lowered and covers the ball and then the basket starts to lift again. Static shot with no camera movement.,A woven basket is hanging from a rope with a strong magnet attached to the bottom. An orange tennis ball is placed on a table beneath it. The basket is lowered and covers the ball and then the basket starts to lift again. Static shot with no camera movement.,A woven basket is hanging from a rope with a strong magnet attached to the bottom. An orange tennis ball is placed on a table beneath it. The basket is lowered and covers the ball and then the basket starts to lift again. Static shot with no camera movement.,benchmark_op_unmodified,PhysDelta2010_subset,,physicsiq/inputs/0169.png,physicsiq/inputs/0169.png,
op34_wan34_0169_s56382197,0169,solid-ball-peakaboo,WAN_BASE,56382197,49,24,50,1.2,5,,A woven basket is hanging from a rope with a strong magnet attached to the bottom. An orange tennis ball is placed on a table beneath it. The basket is lowered and covers the ball and then the basket starts to lift again. Static shot with no camera movement.,A woven basket is hanging from a rope with a strong magnet attached to the bottom. An orange tennis ball is placed on a table beneath it. The basket is lowered and covers the ball and then the basket starts to lift again. Static shot with no camera movement.,A woven basket is hanging from a rope with a strong magnet attached to the bottom. An orange tennis ball is placed on a table beneath it. The basket is lowered and covers the ball and then the basket starts to lift again. Static shot with no camera movement.,benchmark_op_unmodified,PhysDelta2010_subset,,physicsiq/inputs/0169.png,physicsiq/inputs/0169.png,
op34_wan34_0169_s68491523,0169,solid-ball-peakaboo,WAN_BASE,68491523,49,24,50,1.2,5,,A woven basket is hanging from a rope with a strong magnet attached to the bottom. An orange tennis ball is placed on a table beneath it. The basket is lowered and covers the ball and then the basket starts to lift again. Static shot with no camera movement.,A woven basket is hanging from a rope with a strong magnet attached to the bottom. An orange tennis ball is placed on a table beneath it. The basket is lowered and covers the ball and then the basket starts to lift again. Static shot with no camera movement.,A woven basket is hanging from a rope with a strong magnet attached to the bottom. An orange tennis ball is placed on a table beneath it. The basket is lowered and covers the ball and then the basket starts to lift again. Static shot with no camera movement.,benchmark_op_unmodified,PhysDelta2010_subset,,physicsiq/inputs/0169.png,physicsiq/inputs/0169.png,
op34_wan34_0170_s43278311,0170,solid-ball-peakaboo,WAN_BASE,43278311,49,24,50,1.2,5,,A woven basket is hanging from a rope with a strong magnet attached to the bottom. An orange tennis ball is placed on a table beneath it. The basket is lowered and covers the ball and then the basket starts to lift again. Static shot with no camera movement.,A woven basket is hanging from a rope with a strong magnet attached to the bottom. An orange tennis ball is placed on a table beneath it. The basket is lowered and covers the ball and then the basket starts to lift again. Static shot with no camera movement.,A woven basket is hanging from a rope with a strong magnet attached to the bottom. An orange tennis ball is placed on a table beneath it. The basket is lowered and covers the ball and then the basket starts to lift again. Static shot with no camera movement.,benchmark_op_unmodified,PhysDelta2010_subset,,physicsiq/inputs/0170.png,physicsiq/inputs/0170.png,
op34_wan34_0170_s56382197,0170,solid-ball-peakaboo,WAN_BASE,56382197,49,24,50,1.2,5,,A woven basket is hanging from a rope with a strong magnet attached to the bottom. An orange tennis ball is placed on a table beneath it. The basket is lowered and covers the ball and then the basket starts to lift again. Static shot with no camera movement.,A woven basket is hanging from a rope with a strong magnet attached to the bottom. An orange tennis ball is placed on a table beneath it. The basket is lowered and covers the ball and then the basket starts to lift again. Static shot with no camera movement.,A woven basket is hanging from a rope with a strong magnet attached to the bottom. An orange tennis ball is placed on a table beneath it. The basket is lowered and covers the ball and then the basket starts to lift again. Static shot with no camera movement.,benchmark_op_unmodified,PhysDelta2010_subset,,physicsiq/inputs/0170.png,physicsiq/inputs/0170.png,
op34_wan34_0170_s68491523,0170,solid-ball-peakaboo,WAN_BASE,68491523,49,24,50,1.2,5,,A woven basket is hanging from a rope with a strong magnet attached to the bottom. An orange tennis ball is placed on a table beneath it. The basket is lowered and covers the ball and then the basket starts to lift again. Static shot with no camera movement.,A woven basket is hanging from a rope with a strong magnet attached to the bottom. An orange tennis ball is placed on a table beneath it. The basket is lowered and covers the ball and then the basket starts to lift again. Static shot with no camera movement.,A woven basket is hanging from a rope with a strong magnet attached to the bottom. An orange tennis ball is placed on a table beneath it. The basket is lowered and covers the ball and then the basket starts to lift again. Static shot with no camera movement.,benchmark_op_unmodified,PhysDelta2010_subset,,physicsiq/inputs/0170.png,physicsiq/inputs/0170.png,
op34_wan34_0171_s43278311,0171,solid-ball-peakaboo,WAN_BASE,43278311,49,24,50,1.2,5,,A woven basket is hanging from a rope with a strong magnet attached to the bottom. An orange tennis ball is placed on a table beneath it. The basket is lowered and covers the ball and then the basket starts to lift again. Static shot with no camera movement.,A woven basket is hanging from a rope with a strong magnet attached to the bottom. An orange tennis ball is placed on a table beneath it. The basket is lowered and covers the ball and then the basket starts to lift again. Static shot with no camera movement.,A woven basket is hanging from a rope with a strong magnet attached to the bottom. An orange tennis ball is placed on a table beneath it. The basket is lowered and covers the ball and then the basket starts to lift again. Static shot with no camera movement.,benchmark_op_unmodified,PhysDelta2010_subset,,physicsiq/inputs/0171.png,physicsiq/inputs/0171.png,
op34_wan34_0171_s56382197,0171,solid-ball-peakaboo,WAN_BASE,56382197,49,24,50,1.2,5,,A woven basket is hanging from a rope with a strong magnet attached to the bottom. An orange tennis ball is placed on a table beneath it. The basket is lowered and covers the ball and then the basket starts to lift again. Static shot with no camera movement.,A woven basket is hanging from a rope with a strong magnet attached to the bottom. An orange tennis ball is placed on a table beneath it. The basket is lowered and covers the ball and then the basket starts to lift again. Static shot with no camera movement.,A woven basket is hanging from a rope with a strong magnet attached to the bottom. An orange tennis ball is placed on a table beneath it. The basket is lowered and covers the ball and then the basket starts to lift again. Static shot with no camera movement.,benchmark_op_unmodified,PhysDelta2010_subset,,physicsiq/inputs/0171.png,physicsiq/inputs/0171.png,
op34_wan34_0171_s68491523,0171,solid-ball-peakaboo,WAN_BASE,68491523,49,24,50,1.2,5,,A woven basket is hanging from a rope with a strong magnet attached to the bottom. An orange tennis ball is placed on a table beneath it. The basket is lowered and covers the ball and then the basket starts to lift again. Static shot with no camera movement.,A woven basket is hanging from a rope with a strong magnet attached to the bottom. An orange tennis ball is placed on a table beneath it. The basket is lowered and covers the ball and then the basket starts to lift again. Static shot with no camera movement.,A woven basket is hanging from a rope with a strong magnet attached to the bottom. An orange tennis ball is placed on a table beneath it. The basket is lowered and covers the ball and then the basket starts to lift again. Static shot with no camera movement.,benchmark_op_unmodified,PhysDelta2010_subset,,physicsiq/inputs/0171.png,physicsiq/inputs/0171.png,
op34_wan34_0175_s43278311,0175,teapot-rotates,WAN_BASE,43278311,49,24,30,1.2,5,,A teapot is placed on a rotating display that rotates clockwise. Static shot with no camera movement.,A teapot is placed on a rotating display that rotates clockwise. Static shot with no camera movement.,A teapot is placed on a rotating display that rotates clockwise. Static shot with no camera movement.,benchmark_op_unmodified,PhysDelta2010_subset,,physicsiq/inputs/0175.png,physicsiq/inputs/0175.png,
op34_wan34_0175_s56382197,0175,teapot-rotates,WAN_BASE,56382197,49,24,30,1.2,5,,A teapot is placed on a rotating display that rotates clockwise. Static shot with no camera movement.,A teapot is placed on a rotating display that rotates clockwise. Static shot with no camera movement.,A teapot is placed on a rotating display that rotates clockwise. Static shot with no camera movement.,benchmark_op_unmodified,PhysDelta2010_subset,,physicsiq/inputs/0175.png,physicsiq/inputs/0175.png,
op34_wan34_0175_s68491523,0175,teapot-rotates,WAN_BASE,68491523,49,24,30,1.2,5,,A teapot is placed on a rotating display that rotates clockwise. Static shot with no camera movement.,A teapot is placed on a rotating display that rotates clockwise. Static shot with no camera movement.,A teapot is placed on a rotating display that rotates clockwise. Static shot with no camera movement.,benchmark_op_unmodified,PhysDelta2010_subset,,physicsiq/inputs/0175.png,physicsiq/inputs/0175.png,
op34_wan34_0176_s43278311,0176,teapot-rotates,WAN_BASE,43278311,49,24,30,1.2,5,,A teapot is placed on a rotating display that rotates clockwise. Static shot with no camera movement.,A teapot is placed on a rotating display that rotates clockwise. Static shot with no camera movement.,A teapot is placed on a rotating display that rotates clockwise. Static shot with no camera movement.,benchmark_op_unmodified,PhysDelta2010_subset,,physicsiq/inputs/0176.png,physicsiq/inputs/0176.png,
op34_wan34_0176_s56382197,0176,teapot-rotates,WAN_BASE,56382197,49,24,30,1.2,5,,A teapot is placed on a rotating display that rotates clockwise. Static shot with no camera movement.,A teapot is placed on a rotating display that rotates clockwise. Static shot with no camera movement.,A teapot is placed on a rotating display that rotates clockwise. Static shot with no camera movement.,benchmark_op_unmodified,PhysDelta2010_subset,,physicsiq/inputs/0176.png,physicsiq/inputs/0176.png,
op34_wan34_0176_s68491523,0176,teapot-rotates,WAN_BASE,68491523,49,24,30,1.2,5,,A teapot is placed on a rotating display that rotates clockwise. Static shot with no camera movement.,A teapot is placed on a rotating display that rotates clockwise. Static shot with no camera movement.,A teapot is placed on a rotating display that rotates clockwise. Static shot with no camera movement.,benchmark_op_unmodified,PhysDelta2010_subset,,physicsiq/inputs/0176.png,physicsiq/inputs/0176.png,
op34_wan34_0177_s43278311,0177,teapot-rotates,WAN_BASE,43278311,49,24,50,1.2,5,,A teapot is placed on a rotating display that rotates clockwise. Static shot with no camera movement.,A teapot is placed on a rotating display that rotates clockwise. Static shot with no camera movement.,A teapot is placed on a rotating display that rotates clockwise. Static shot with no camera movement.,benchmark_op_unmodified,PhysDelta2010_subset,,physicsiq/inputs/0177.png,physicsiq/inputs/0177.png,
op34_wan34_0177_s56382197,0177,teapot-rotates,WAN_BASE,56382197,49,24,50,1.2,5,,A teapot is placed on a rotating display that rotates clockwise. Static shot with no camera movement.,A teapot is placed on a rotating display that rotates clockwise. Static shot with no camera movement.,A teapot is placed on a rotating display that rotates clockwise. Static shot with no camera movement.,benchmark_op_unmodified,PhysDelta2010_subset,,physicsiq/inputs/0177.png,physicsiq/inputs/0177.png,
op34_wan34_0177_s68491523,0177,teapot-rotates,WAN_BASE,68491523,49,24,50,1.2,5,,A teapot is placed on a rotating display that rotates clockwise. Static shot with no camera movement.,A teapot is placed on a rotating display that rotates clockwise. Static shot with no camera movement.,A teapot is placed on a rotating display that rotates clockwise. Static shot with no camera movement.,benchmark_op_unmodified,PhysDelta2010_subset,,physicsiq/inputs/0177.png,physicsiq/inputs/0177.png,
op34_wan34_0187_s43278311,0187,weight-on-ceramic,WAN_BASE,43278311,49,24,30,1.2,,,A 30lb kettlebell is slowly lowered on top of a yellow ceramic coffee mug placed on a wooden table. Static shot with no camera movement.,A 30lb kettlebell is slowly lowered on top of a yellow ceramic coffee mug placed on a wooden table. Static shot with no camera movement.,A 30lb kettlebell is slowly lowered on top of a yellow ceramic coffee mug placed on a wooden table. Static shot with no camera movement.,benchmark_op_unmodified,PhysDelta2010_subset,,physicsiq/inputs/0187.png,physicsiq/inputs/0187.png,
op34_wan34_0187_s56382197,0187,weight-on-ceramic,WAN_BASE,56382197,49,24,30,1.2,,,A 30lb kettlebell is slowly lowered on top of a yellow ceramic coffee mug placed on a wooden table. Static shot with no camera movement.,A 30lb kettlebell is slowly lowered on top of a yellow ceramic coffee mug placed on a wooden table. Static shot with no camera movement.,A 30lb kettlebell is slowly lowered on top of a yellow ceramic coffee mug placed on a wooden table. Static shot with no camera movement.,benchmark_op_unmodified,PhysDelta2010_subset,,physicsiq/inputs/0187.png,physicsiq/inputs/0187.png,
op34_wan34_0187_s68491523,0187,weight-on-ceramic,WAN_BASE,68491523,49,24,30,1.2,,,A 30lb kettlebell is slowly lowered on top of a yellow ceramic coffee mug placed on a wooden table. Static shot with no camera movement.,A 30lb kettlebell is slowly lowered on top of a yellow ceramic coffee mug placed on a wooden table. Static shot with no camera movement.,A 30lb kettlebell is slowly lowered on top of a yellow ceramic coffee mug placed on a wooden table. Static shot with no camera movement.,benchmark_op_unmodified,PhysDelta2010_subset,,physicsiq/inputs/0187.png,physicsiq/inputs/0187.png,
op34_wan34_0189_s43278311,0189,weight-on-ceramic,WAN_BASE,43278311,49,24,30,1.2,5,,A 30lb kettlebell is slowly lowered on top of a yellow ceramic coffee mug placed on a wooden table. Static shot with no camera movement.,A 30lb kettlebell is slowly lowered on top of a yellow ceramic coffee mug placed on a wooden table. Static shot with no camera movement.,A 30lb kettlebell is slowly lowered on top of a yellow ceramic coffee mug placed on a wooden table. Static shot with no camera movement.,benchmark_op_unmodified,PhysDelta2010_subset,,physicsiq/inputs/0189.png,physicsiq/inputs/0189.png,
op34_wan34_0189_s56382197,0189,weight-on-ceramic,WAN_BASE,56382197,49,24,30,1.2,5,,A 30lb kettlebell is slowly lowered on top of a yellow ceramic coffee mug placed on a wooden table. Static shot with no camera movement.,A 30lb kettlebell is slowly lowered on top of a yellow ceramic coffee mug placed on a wooden table. Static shot with no camera movement.,A 30lb kettlebell is slowly lowered on top of a yellow ceramic coffee mug placed on a wooden table. Static shot with no camera movement.,benchmark_op_unmodified,PhysDelta2010_subset,,physicsiq/inputs/0189.png,physicsiq/inputs/0189.png,
op34_wan34_0189_s68491523,0189,weight-on-ceramic,WAN_BASE,68491523,49,24,30,1.2,5,,A 30lb kettlebell is slowly lowered on top of a yellow ceramic coffee mug placed on a wooden table. Static shot with no camera movement.,A 30lb kettlebell is slowly lowered on top of a yellow ceramic coffee mug placed on a wooden table. Static shot with no camera movement.,A 30lb kettlebell is slowly lowered on top of a yellow ceramic coffee mug placed on a wooden table. Static shot with no camera movement.,benchmark_op_unmodified,PhysDelta2010_subset,,physicsiq/inputs/0189.png,physicsiq/inputs/0189.png,
op34_wan34_0194_s43278311,0194,weight-on-pillow,WAN_BASE,43278311,49,24,30,1.2,,,A 30lb kettlebell and a green piece of paper are lowered onto two pillows. Static shot with no camera movement.,A 30lb kettlebell and a green piece of paper are lowered onto two pillows. Static shot with no camera movement.,A 30lb kettlebell and a green piece of paper are lowered onto two pillows. Static shot with no camera movement.,benchmark_op_unmodified,PhysDelta2010_subset,,physicsiq/inputs/0194.png,physicsiq/inputs/0194.png,
op34_wan34_0194_s56382197,0194,weight-on-pillow,WAN_BASE,56382197,49,24,30,1.2,,,A 30lb kettlebell and a green piece of paper are lowered onto two pillows. Static shot with no camera movement.,A 30lb kettlebell and a green piece of paper are lowered onto two pillows. Static shot with no camera movement.,A 30lb kettlebell and a green piece of paper are lowered onto two pillows. Static shot with no camera movement.,benchmark_op_unmodified,PhysDelta2010_subset,,physicsiq/inputs/0194.png,physicsiq/inputs/0194.png,
op34_wan34_0194_s68491523,0194,weight-on-pillow,WAN_BASE,68491523,49,24,30,1.2,,,A 30lb kettlebell and a green piece of paper are lowered onto two pillows. Static shot with no camera movement.,A 30lb kettlebell and a green piece of paper are lowered onto two pillows. Static shot with no camera movement.,A 30lb kettlebell and a green piece of paper are lowered onto two pillows. Static shot with no camera movement.,benchmark_op_unmodified,PhysDelta2010_subset,,physicsiq/inputs/0194.png,physicsiq/inputs/0194.png,
op34_wan34_0195_s43278311,0195,weight-on-pillow,WAN_BASE,43278311,49,24,30,1.2,5,,A 30lb kettlebell and a green piece of paper are lowered onto two pillows. Static shot with no camera movement.,A 30lb kettlebell and a green piece of paper are lowered onto two pillows. Static shot with no camera movement.,A 30lb kettlebell and a green piece of paper are lowered onto two pillows. Static shot with no camera movement.,benchmark_op_unmodified,PhysDelta2010_subset,,physicsiq/inputs/0195.png,physicsiq/inputs/0195.png,
op34_wan34_0195_s56382197,0195,weight-on-pillow,WAN_BASE,56382197,49,24,30,1.2,5,,A 30lb kettlebell and a green piece of paper are lowered onto two pillows. Static shot with no camera movement.,A 30lb kettlebell and a green piece of paper are lowered onto two pillows. Static shot with no camera movement.,A 30lb kettlebell and a green piece of paper are lowered onto two pillows. Static shot with no camera movement.,benchmark_op_unmodified,PhysDelta2010_subset,,physicsiq/inputs/0195.png,physicsiq/inputs/0195.png,
op34_wan34_0195_s68491523,0195,weight-on-pillow,WAN_BASE,68491523,49,24,30,1.2,5,,A 30lb kettlebell and a green piece of paper are lowered onto two pillows. Static shot with no camera movement.,A 30lb kettlebell and a green piece of paper are lowered onto two pillows. Static shot with no camera movement.,A 30lb kettlebell and a green piece of paper are lowered onto two pillows. Static shot with no camera movement.,benchmark_op_unmodified,PhysDelta2010_subset,,physicsiq/inputs/0195.png,physicsiq/inputs/0195.png,
op34_wan34_0196_s43278311,0196,weight-protects-duck,WAN_BASE,43278311,49,24,30,1.2,,,A light beige coffee table with a black kettlebell and a yellow rubber duck on it. A grey tennis ball rolls out of the black tube sitting on the table and towards the duck and kettlebell. Static shot with no camera movement.,A light beige coffee table with a black kettlebell and a yellow rubber duck on it. A grey tennis ball rolls out of the black tube sitting on the table and towards the duck and kettlebell. Static shot with no camera movement.,A light beige coffee table with a black kettlebell and a yellow rubber duck on it. A grey tennis ball rolls out of the black tube sitting on the table and towards the duck and kettlebell. Static shot with no camera movement.,benchmark_op_unmodified,PhysDelta2010_subset,,physicsiq/inputs/0196.png,physicsiq/inputs/0196.png,
op34_wan34_0196_s56382197,0196,weight-protects-duck,WAN_BASE,56382197,49,24,30,1.2,,,A light beige coffee table with a black kettlebell and a yellow rubber duck on it. A grey tennis ball rolls out of the black tube sitting on the table and towards the duck and kettlebell. Static shot with no camera movement.,A light beige coffee table with a black kettlebell and a yellow rubber duck on it. A grey tennis ball rolls out of the black tube sitting on the table and towards the duck and kettlebell. Static shot with no camera movement.,A light beige coffee table with a black kettlebell and a yellow rubber duck on it. A grey tennis ball rolls out of the black tube sitting on the table and towards the duck and kettlebell. Static shot with no camera movement.,benchmark_op_unmodified,PhysDelta2010_subset,,physicsiq/inputs/0196.png,physicsiq/inputs/0196.png,
op34_wan34_0196_s68491523,0196,weight-protects-duck,WAN_BASE,68491523,49,24,30,1.2,,,A light beige coffee table with a black kettlebell and a yellow rubber duck on it. A grey tennis ball rolls out of the black tube sitting on the table and towards the duck and kettlebell. Static shot with no camera movement.,A light beige coffee table with a black kettlebell and a yellow rubber duck on it. A grey tennis ball rolls out of the black tube sitting on the table and towards the duck and kettlebell. Static shot with no camera movement.,A light beige coffee table with a black kettlebell and a yellow rubber duck on it. A grey tennis ball rolls out of the black tube sitting on the table and towards the duck and kettlebell. Static shot with no camera movement.,benchmark_op_unmodified,PhysDelta2010_subset,,physicsiq/inputs/0196.png,physicsiq/inputs/0196.png,
