scenario,description,category,generated_video_name
0001_perspective-left_take-1_trimmed-ball-and-block-fall.mp4,Static locked-off single-shot with fixed frame throughout filmed with constant framerate in real-time. The scene shows a realistic scientific demonstration. The scene only contains the described setup and actions. Two pillows are on a table and two grabber tools are positioned above them. The grabber tools release the brown tennis ball and the orange block.,Solid Mechanics,0001_perspective-left_trimmed-ball-and-block-fall.mp4
0002_perspective-center_take-1_trimmed-ball-and-block-fall.mp4,Static locked-off single-shot with fixed frame throughout filmed with constant framerate in real-time. The scene shows a realistic scientific demonstration. The scene only contains the described setup and actions. Two pillows are on a table and two grabber tools are positioned above them. The grabber tools release the brown tennis ball and the orange block.,Solid Mechanics,0002_perspective-center_trimmed-ball-and-block-fall.mp4
0003_perspective-right_take-1_trimmed-ball-and-block-fall.mp4,Static locked-off single-shot with fixed frame throughout filmed with constant framerate in real-time. The scene shows a realistic scientific demonstration. The scene only contains the described setup and actions. Two pillows are on a table and two grabber tools are positioned above them. The grabber tools release the brown tennis ball and the orange block.,Solid Mechanics,0003_perspective-right_trimmed-ball-and-block-fall.mp4
0004_perspective-left_take-1_trimmed-ball-behind-rotating-paper.mp4,Static locked-off single-shot with fixed frame throughout filmed with constant framerate in real-time. The scene shows a realistic scientific demonstration. The scene only contains the described setup and actions. The blue-black grabber tool held the tennis ball above the cardstock and lowered it behind the cardstock. The cardstock sits on the black platform on top of a wooden table. The blue-black grabber tool places the orange tennis ball behind the clockwise-rotating cardstock on the table.,Solid Mechanics,0004_perspective-left_trimmed-ball-behind-rotating-paper.mp4
0005_perspective-center_take-1_trimmed-ball-behind-rotating-paper.mp4,Static locked-off single-shot with fixed frame throughout filmed with constant framerate in real-time. The scene shows a realistic scientific demonstration. The scene only contains the described setup and actions. The blue-black grabber tool held the tennis ball above the cardstock and lowered it behind the cardstock. The cardstock sits on the black platform on top of a wooden table. The blue-black grabber tool places the orange tennis ball behind the clockwise-rotating cardstock on the table.,Solid Mechanics,0005_perspective-center_trimmed-ball-behind-rotating-paper.mp4
0006_perspective-right_take-1_trimmed-ball-behind-rotating-paper.mp4,Static locked-off single-shot with fixed frame throughout filmed with constant framerate in real-time. The scene shows a realistic scientific demonstration. The scene only contains the described setup and actions. The blue-black grabber tool held the tennis ball above the cardstock and lowered it behind the cardstock. The cardstock sits on the black platform on top of a wooden table. The blue-black grabber tool places the orange tennis ball behind the clockwise-rotating cardstock on the table.,Solid Mechanics,0006_perspective-right_trimmed-ball-behind-rotating-paper.mp4
0007_perspective-left_take-1_trimmed-ball-hits-duck.mp4,Static locked-off single-shot with fixed frame throughout filmed with constant framerate in real-time. The scene shows a realistic scientific demonstration. The scene only contains the described setup and actions. A light beige coffee table with a small yellow rubber duck on it. A mustard yellow couch is in the background. There is a black pipe that points from the left side to the right side of the table. The brown tennis ball rolls straight out of the black pipe and hits the rubber duck.,Solid Mechanics,0007_perspective-left_trimmed-ball-hits-duck.mp4
0008_perspective-center_take-1_trimmed-ball-hits-duck.mp4,Static locked-off single-shot with fixed frame throughout filmed with constant framerate in real-time. The scene shows a realistic scientific demonstration. The scene only contains the described setup and actions. A light beige coffee table with a small yellow rubber duck on it. A mustard yellow couch is in the background. There is a black pipe that points from the left side to the right side of the table. The brown tennis ball rolls straight out of the black pipe and hits the rubber duck.,Solid Mechanics,0008_perspective-center_trimmed-ball-hits-duck.mp4
0009_perspective-right_take-1_trimmed-ball-hits-duck.mp4,Static locked-off single-shot with fixed frame throughout filmed with constant framerate in real-time. The scene shows a realistic scientific demonstration. The scene only contains the described setup and actions. A light beige coffee table with a small yellow rubber duck on it. A mustard yellow couch is in the background. There is a black pipe that points from the left side to the right side of the table. The brown tennis ball rolls straight out of the black pipe and hits the rubber duck.,Solid Mechanics,0009_perspective-right_trimmed-ball-hits-duck.mp4
0010_perspective-left_take-1_trimmed-ball-hits-nothing.mp4,"Static locked-off single-shot with fixed frame throughout filmed with constant framerate in real-time. The scene shows a realistic scientific demonstration. The scene only contains the described setup and actions. A light-colored wooden coffee table with a few small objects on it, including a brown tennis ball and a smaller red ball. The orange tennis ball rolls straight out of the black pipe over the entire table towards the right side.",Solid Mechanics,0010_perspective-left_trimmed-ball-hits-nothing.mp4
0011_perspective-center_take-1_trimmed-ball-hits-nothing.mp4,"Static locked-off single-shot with fixed frame throughout filmed with constant framerate in real-time. The scene shows a realistic scientific demonstration. The scene only contains the described setup and actions. A light-colored wooden coffee table with a few small objects on it, including a brown tennis ball and a smaller red ball. The orange tennis ball rolls straight out of the black pipe over the entire table towards the right side.",Solid Mechanics,0011_perspective-center_trimmed-ball-hits-nothing.mp4
0012_perspective-right_take-1_trimmed-ball-hits-nothing.mp4,"Static locked-off single-shot with fixed frame throughout filmed with constant framerate in real-time. The scene shows a realistic scientific demonstration. The scene only contains the described setup and actions. A light-colored wooden coffee table with a few small objects on it, including a brown tennis ball and a smaller red ball. The orange tennis ball rolls straight out of the black pipe over the entire table towards the right side.",Solid Mechanics,0012_perspective-right_trimmed-ball-hits-nothing.mp4
0013_perspective-left_take-1_trimmed-ball-in-basket.mp4,Static locked-off single-shot with fixed frame throughout filmed with constant framerate in real-time. The scene shows a realistic scientific demonstration. The scene only contains the described setup and actions. The black plastic crate sits on a wooden table. The orange inflatable basketball is released over the black plastic crate.,Solid Mechanics,0013_perspective-left_trimmed-ball-in-basket.mp4
0014_perspective-center_take-1_trimmed-ball-in-basket.mp4,Static locked-off single-shot with fixed frame throughout filmed with constant framerate in real-time. The scene shows a realistic scientific demonstration. The scene only contains the described setup and actions. The black plastic crate sits on a wooden table. The orange inflatable basketball is released over the black plastic crate.,Solid Mechanics,0014_perspective-center_trimmed-ball-in-basket.mp4
0015_perspective-right_take-1_trimmed-ball-in-basket.mp4,Static locked-off single-shot with fixed frame throughout filmed with constant framerate in real-time. The scene shows a realistic scientific demonstration. The scene only contains the described setup and actions. The black plastic crate sits on a wooden table. The orange inflatable basketball is released over the black plastic crate.,Solid Mechanics,0015_perspective-right_trimmed-ball-in-basket.mp4
0016_perspective-left_take-1_trimmed-ball-in-sand.mp4,"Static locked-off single-shot with fixed frame throughout filmed with constant framerate in real-time. The scene shows a realistic scientific demonstration. The scene only contains the described setup and actions. The green kinetic sand is located on a wooden table, and the blue-black grabber tool is suspended over it. The blue-black grabber tool releases the blue tennis ball above a pile of green kinetic sand.",Solid Mechanics,0016_perspective-left_trimmed-ball-in-sand.mp4
0017_perspective-center_take-1_trimmed-ball-in-sand.mp4,"Static locked-off single-shot with fixed frame throughout filmed with constant framerate in real-time. The scene shows a realistic scientific demonstration. The scene only contains the described setup and actions. The green kinetic sand is located on a wooden table, and the blue-black grabber tool is suspended over it. The blue-black grabber tool releases the blue tennis ball above a pile of green kinetic sand.",Solid Mechanics,0017_perspective-center_trimmed-ball-in-sand.mp4
0018_perspective-right_take-1_trimmed-ball-in-sand.mp4,"Static locked-off single-shot with fixed frame throughout filmed with constant framerate in real-time. The scene shows a realistic scientific demonstration. The scene only contains the described setup and actions. The green kinetic sand is located on a wooden table, and the blue-black grabber tool is suspended over it. The blue-black grabber tool releases the blue tennis ball above a pile of green kinetic sand.",Solid Mechanics,0018_perspective-right_trimmed-ball-in-sand.mp4
0019_perspective-left_take-1_trimmed-ball-ramp.mp4,"Static locked-off single-shot with fixed frame throughout filmed with constant framerate in real-time. The scene shows a realistic scientific demonstration. The scene only contains the described setup and actions. A simple ramp made of cardboard, propped up by a blue block on a light-colored wooden table. There's a black pipe to the left of the frame that directly points towards it. The yellow tennis ball rolls straight out of the black pipe onto the ramp.",Solid Mechanics,0019_perspective-left_trimmed-ball-ramp.mp4
0020_perspective-center_take-1_trimmed-ball-ramp.mp4,"Static locked-off single-shot with fixed frame throughout filmed with constant framerate in real-time. The scene shows a realistic scientific demonstration. The scene only contains the described setup and actions. A simple ramp made of cardboard, propped up by a blue block on a light-colored wooden table. There's a black pipe to the left of the frame that directly points towards it. The yellow tennis ball rolls straight out of the black pipe onto the ramp.",Solid Mechanics,0020_perspective-center_trimmed-ball-ramp.mp4
0021_perspective-right_take-1_trimmed-ball-ramp.mp4,"Static locked-off single-shot with fixed frame throughout filmed with constant framerate in real-time. The scene shows a realistic scientific demonstration. The scene only contains the described setup and actions. A simple ramp made of cardboard, propped up by a blue block on a light-colored wooden table. There's a black pipe to the left of the frame that directly points towards it. The yellow tennis ball rolls straight out of the black pipe onto the ramp.",Solid Mechanics,0021_perspective-right_trimmed-ball-ramp.mp4
0022_perspective-left_take-1_trimmed-ball-rolls-off.mp4,Static locked-off single-shot with fixed frame throughout filmed with constant framerate in real-time. The scene shows a realistic scientific demonstration. The scene only contains the described setup and actions. A light wood coffee table in the foreground with a black pipe on the left end of the table. The grey tennis ball rolls out of the pipe over the entire table towards the right.,Solid Mechanics,0022_perspective-left_trimmed-ball-rolls-off.mp4
0023_perspective-center_take-1_trimmed-ball-rolls-off.mp4,Static locked-off single-shot with fixed frame throughout filmed with constant framerate in real-time. The scene shows a realistic scientific demonstration. The scene only contains the described setup and actions. A light wood coffee table in the foreground with a black pipe on the left end of the table. The grey tennis ball rolls out of the pipe over the entire table towards the right.,Solid Mechanics,0023_perspective-center_trimmed-ball-rolls-off.mp4
0024_perspective-right_take-1_trimmed-ball-rolls-off.mp4,Static locked-off single-shot with fixed frame throughout filmed with constant framerate in real-time. The scene shows a realistic scientific demonstration. The scene only contains the described setup and actions. A light wood coffee table in the foreground with a black pipe on the left end of the table. The grey tennis ball rolls out of the pipe over the entire table towards the right.,Solid Mechanics,0024_perspective-right_trimmed-ball-rolls-off.mp4
0025_perspective-left_take-1_trimmed-ball-rolls-on-glass.mp4,Static locked-off single-shot with fixed frame throughout filmed with constant framerate in real-time. The scene shows a realistic scientific demonstration. The scene only contains the described setup and actions. A piece of clear glass resting on the edge of a light-colored wooden table against a plain white wall. The blue tennis ball rolls from the wooden table over the glass.,Solid Mechanics,0025_perspective-left_trimmed-ball-rolls-on-glass.mp4
0026_perspective-center_take-1_trimmed-ball-rolls-on-glass.mp4,Static locked-off single-shot with fixed frame throughout filmed with constant framerate in real-time. The scene shows a realistic scientific demonstration. The scene only contains the described setup and actions. A piece of clear glass resting on the edge of a light-colored wooden table against a plain white wall. The blue tennis ball rolls from the wooden table over the glass.,Solid Mechanics,0026_perspective-center_trimmed-ball-rolls-on-glass.mp4
0027_perspective-right_take-1_trimmed-ball-rolls-on-glass.mp4,Static locked-off single-shot with fixed frame throughout filmed with constant framerate in real-time. The scene shows a realistic scientific demonstration. The scene only contains the described setup and actions. A piece of clear glass resting on the edge of a light-colored wooden table against a plain white wall. The blue tennis ball rolls from the wooden table over the glass.,Solid Mechanics,0027_perspective-right_trimmed-ball-rolls-on-glass.mp4
0028_perspective-left_take-1_trimmed-ball-train.mp4,"Static locked-off single-shot with fixed frame throughout filmed with constant framerate in real-time. The scene shows a realistic scientific demonstration. The scene only contains the described setup and actions. A light-colored coffee table with two tennis balls, one orange and one brown, placed near the center, back to back. A black pipe sits on the table on the left side and points towards the two tennis balls. The grey tennis ball rolls straight out of a black pipe from the left and hits the brown tennis ball.",Solid Mechanics,0028_perspective-left_trimmed-ball-train.mp4
0029_perspective-center_take-1_trimmed-ball-train.mp4,"Static locked-off single-shot with fixed frame throughout filmed with constant framerate in real-time. The scene shows a realistic scientific demonstration. The scene only contains the described setup and actions. A light-colored coffee table with two tennis balls, one orange and one brown, placed near the center, back to back. A black pipe sits on the table on the left side and points towards the two tennis balls. The grey tennis ball rolls straight out of a black pipe from the left and hits the brown tennis ball.",Solid Mechanics,0029_perspective-center_trimmed-ball-train.mp4
0030_perspective-right_take-1_trimmed-ball-train.mp4,"Static locked-off single-shot with fixed frame throughout filmed with constant framerate in real-time. The scene shows a realistic scientific demonstration. The scene only contains the described setup and actions. A light-colored coffee table with two tennis balls, one orange and one brown, placed near the center, back to back. A black pipe sits on the table on the left side and points towards the two tennis balls. The grey tennis ball rolls straight out of a black pipe from the left and hits the brown tennis ball.",Solid Mechanics,0030_perspective-right_trimmed-ball-train.mp4
0031_perspective-left_take-1_trimmed-balls-collide.mp4,Static locked-off single-shot with fixed frame throughout filmed with constant framerate in real-time. The scene shows a realistic scientific demonstration. The scene only contains the described setup and actions. A light-colored wooden tabletop with two pipes at the edges. The blue and the yellow tennis ball roll out of the pipes and collide with the same speed.,Solid Mechanics,0031_perspective-left_trimmed-balls-collide.mp4
0032_perspective-center_take-1_trimmed-balls-collide.mp4,Static locked-off single-shot with fixed frame throughout filmed with constant framerate in real-time. The scene shows a realistic scientific demonstration. The scene only contains the described setup and actions. A light-colored wooden tabletop with two pipes at the edges. The blue and the yellow tennis ball roll out of the pipes and collide with the same speed.,Solid Mechanics,0032_perspective-center_trimmed-balls-collide.mp4
0033_perspective-right_take-1_trimmed-balls-collide.mp4,Static locked-off single-shot with fixed frame throughout filmed with constant framerate in real-time. The scene shows a realistic scientific demonstration. The scene only contains the described setup and actions. A light-colored wooden tabletop with two pipes at the edges. The blue and the yellow tennis ball roll out of the pipes and collide with the same speed.,Solid Mechanics,0033_perspective-right_trimmed-balls-collide.mp4
0034_perspective-left_take-1_trimmed-block-domino.mp4,Static locked-off single-shot with fixed frame throughout filmed with constant framerate in real-time. The scene shows a realistic scientific demonstration. The scene only contains the described setup and actions. A row of colorful wooden blocks has been lined up on a wooden table next to a black platform. The wooden stick attached to the black platform rotates clockwise and hits the first block.,Solid Mechanics,0034_perspective-left_trimmed-block-domino.mp4
0035_perspective-center_take-1_trimmed-block-domino.mp4,Static locked-off single-shot with fixed frame throughout filmed with constant framerate in real-time. The scene shows a realistic scientific demonstration. The scene only contains the described setup and actions. A row of colorful wooden blocks has been lined up on a wooden table next to a black platform. The wooden stick attached to the black platform rotates clockwise and hits the first block.,Solid Mechanics,0035_perspective-center_trimmed-block-domino.mp4
0036_perspective-right_take-1_trimmed-block-domino.mp4,Static locked-off single-shot with fixed frame throughout filmed with constant framerate in real-time. The scene shows a realistic scientific demonstration. The scene only contains the described setup and actions. A row of colorful wooden blocks has been lined up on a wooden table next to a black platform. The wooden stick attached to the black platform rotates clockwise and hits the first block.,Solid Mechanics,0036_perspective-right_trimmed-block-domino.mp4
0040_perspective-left_take-1_trimmed-cut-orange.mp4,Static locked-off single-shot with fixed frame throughout filmed with constant framerate in real-time. The scene shows a realistic scientific demonstration. The scene only contains the described setup and actions. One half of a tangerine has been placed on a glass cutting board. The knife slices through the tangerine.,Solid Mechanics,0040_perspective-left_trimmed-cut-orange.mp4
0041_perspective-center_take-1_trimmed-cut-orange.mp4,Static locked-off single-shot with fixed frame throughout filmed with constant framerate in real-time. The scene shows a realistic scientific demonstration. The scene only contains the described setup and actions. One half of a tangerine has been placed on a glass cutting board. The knife slices through the tangerine.,Solid Mechanics,0041_perspective-center_trimmed-cut-orange.mp4
0042_perspective-right_take-1_trimmed-cut-orange.mp4,Static locked-off single-shot with fixed frame throughout filmed with constant framerate in real-time. The scene shows a realistic scientific demonstration. The scene only contains the described setup and actions. One half of a tangerine has been placed on a glass cutting board. The knife slices through the tangerine.,Solid Mechanics,0042_perspective-right_trimmed-cut-orange.mp4
0043_perspective-left_take-1_trimmed-cut-paper.mp4,"Static locked-off single-shot with fixed frame throughout filmed with constant framerate in real-time. The scene shows a realistic scientific demonstration. The scene only contains the described setup and actions. Two blue-black grabber tools pull the piece of green paper from opposite corners, causing it to tear.",Solid Mechanics,0043_perspective-left_trimmed-cut-paper.mp4
0044_perspective-center_take-1_trimmed-cut-paper.mp4,"Static locked-off single-shot with fixed frame throughout filmed with constant framerate in real-time. The scene shows a realistic scientific demonstration. The scene only contains the described setup and actions. Two blue-black grabber tools pull the piece of green paper from opposite corners, causing it to tear.",Solid Mechanics,0044_perspective-center_trimmed-cut-paper.mp4
0045_perspective-right_take-1_trimmed-cut-paper.mp4,"Static locked-off single-shot with fixed frame throughout filmed with constant framerate in real-time. The scene shows a realistic scientific demonstration. The scene only contains the described setup and actions. Two blue-black grabber tools pull the piece of green paper from opposite corners, causing it to tear.",Solid Mechanics,0045_perspective-right_trimmed-cut-paper.mp4
0049_perspective-left_take-1_trimmed-dominos-with-space.mp4,Static locked-off single-shot with fixed frame throughout filmed with constant framerate in real-time. The scene shows a realistic scientific demonstration. The scene only contains the described setup and actions. Two rows of alternating black and white dominoes have been set up on a wooden table with a gap between the two rows. The wooden stick attached to the black platform rotates clockwise and knocks the first domino.,Solid Mechanics,0049_perspective-left_trimmed-dominos-with-space.mp4
0050_perspective-center_take-1_trimmed-dominos-with-space.mp4,Static locked-off single-shot with fixed frame throughout filmed with constant framerate in real-time. The scene shows a realistic scientific demonstration. The scene only contains the described setup and actions. Two rows of alternating black and white dominoes have been set up on a wooden table with a gap between the two rows. The wooden stick attached to the black platform rotates clockwise and knocks the first domino.,Solid Mechanics,0050_perspective-center_trimmed-dominos-with-space.mp4
0051_perspective-right_take-1_trimmed-dominos-with-space.mp4,Static locked-off single-shot with fixed frame throughout filmed with constant framerate in real-time. The scene shows a realistic scientific demonstration. The scene only contains the described setup and actions. Two rows of alternating black and white dominoes have been set up on a wooden table with a gap between the two rows. The wooden stick attached to the black platform rotates clockwise and knocks the first domino.,Solid Mechanics,0051_perspective-right_trimmed-dominos-with-space.mp4
0052_perspective-left_take-1_trimmed-double-cradle.mp4,Static locked-off single-shot with fixed frame throughout filmed with constant framerate in real-time. The scene shows a realistic scientific demonstration. The scene only contains the described setup and actions. The blue-black grabber tool was holding two metal balls at the position of the amplitude of the Newton's cradle. The Newton's cradle with five metal balls is sitting on a table. Two metal balls of the Newton's cradle device are released by the blue-black grabber tool.,Solid Mechanics,0052_perspective-left_trimmed-double-cradle.mp4
0053_perspective-center_take-1_trimmed-double-cradle.mp4,Static locked-off single-shot with fixed frame throughout filmed with constant framerate in real-time. The scene shows a realistic scientific demonstration. The scene only contains the described setup and actions. The blue-black grabber tool was holding two metal balls at the position of the amplitude of the Newton's cradle. The Newton's cradle with five metal balls is sitting on a table. Two metal balls of the Newton's cradle device are released by the blue-black grabber tool.,Solid Mechanics,0053_perspective-center_trimmed-double-cradle.mp4
0054_perspective-right_take-1_trimmed-double-cradle.mp4,Static locked-off single-shot with fixed frame throughout filmed with constant framerate in real-time. The scene shows a realistic scientific demonstration. The scene only contains the described setup and actions. The blue-black grabber tool was holding two metal balls at the position of the amplitude of the Newton's cradle. The Newton's cradle with five metal balls is sitting on a table. Two metal balls of the Newton's cradle device are released by the blue-black grabber tool.,Solid Mechanics,0054_perspective-right_trimmed-double-cradle.mp4
0055_perspective-left_take-1_trimmed-duck-and-dominos.mp4,Static locked-off single-shot with fixed frame throughout filmed with constant framerate in real-time. The scene shows a realistic scientific demonstration. The scene only contains the described setup and actions. A yellow rubber duck has been positioned in the middle of a line of black and white dominoes on a wooden table. The wooden stick attached to the black platform rotates clockwise and knocks the first domino block.,Solid Mechanics,0055_perspective-left_trimmed-duck-and-dominos.mp4
0056_perspective-center_take-1_trimmed-duck-and-dominos.mp4,Static locked-off single-shot with fixed frame throughout filmed with constant framerate in real-time. The scene shows a realistic scientific demonstration. The scene only contains the described setup and actions. A yellow rubber duck has been positioned in the middle of a line of black and white dominoes on a wooden table. The wooden stick attached to the black platform rotates clockwise and knocks the first domino block.,Solid Mechanics,0056_perspective-center_trimmed-duck-and-dominos.mp4
0057_perspective-right_take-1_trimmed-duck-and-dominos.mp4,Static locked-off single-shot with fixed frame throughout filmed with constant framerate in real-time. The scene shows a realistic scientific demonstration. The scene only contains the described setup and actions. A yellow rubber duck has been positioned in the middle of a line of black and white dominoes on a wooden table. The wooden stick attached to the black platform rotates clockwise and knocks the first domino block.,Solid Mechanics,0057_perspective-right_trimmed-duck-and-dominos.mp4
0058_perspective-left_take-1_trimmed-duck-falls-in-box.mp4,Static locked-off single-shot with fixed frame throughout filmed with constant framerate in real-time. The scene shows a realistic scientific demonstration. The scene only contains the described setup and actions. An orange-black grabber tool is suspended above the open dark green fabric box on a wooden table. The orange-black grabber tool releases the yellow rubber duck above the open dark green fabric box.,Solid Mechanics,0058_perspective-left_trimmed-duck-falls-in-box.mp4
0059_perspective-center_take-1_trimmed-duck-falls-in-box.mp4,Static locked-off single-shot with fixed frame throughout filmed with constant framerate in real-time. The scene shows a realistic scientific demonstration. The scene only contains the described setup and actions. An orange-black grabber tool is suspended above the open dark green fabric box on a wooden table. The orange-black grabber tool releases the yellow rubber duck above the open dark green fabric box.,Solid Mechanics,0059_perspective-center_trimmed-duck-falls-in-box.mp4
0060_perspective-right_take-1_trimmed-duck-falls-in-box.mp4,Static locked-off single-shot with fixed frame throughout filmed with constant framerate in real-time. The scene shows a realistic scientific demonstration. The scene only contains the described setup and actions. An orange-black grabber tool is suspended above the open dark green fabric box on a wooden table. The orange-black grabber tool releases the yellow rubber duck above the open dark green fabric box.,Solid Mechanics,0060_perspective-right_trimmed-duck-falls-in-box.mp4
0061_perspective-left_take-1_trimmed-duck-static.mp4,Static locked-off single-shot with fixed frame throughout filmed with constant framerate in real-time. The scene shows a realistic scientific demonstration. The scene only contains the described setup and actions. Behind the wooden table is a plain white background. The yellow rubber duck sits stationary on a light brown wooden table.,Solid Mechanics,0061_perspective-left_trimmed-duck-static.mp4
0062_perspective-center_take-1_trimmed-duck-static.mp4,Static locked-off single-shot with fixed frame throughout filmed with constant framerate in real-time. The scene shows a realistic scientific demonstration. The scene only contains the described setup and actions. Behind the wooden table is a plain white background. The yellow rubber duck sits stationary on a light brown wooden table.,Solid Mechanics,0062_perspective-center_trimmed-duck-static.mp4
0063_perspective-right_take-1_trimmed-duck-static.mp4,Static locked-off single-shot with fixed frame throughout filmed with constant framerate in real-time. The scene shows a realistic scientific demonstration. The scene only contains the described setup and actions. Behind the wooden table is a plain white background. The yellow rubber duck sits stationary on a light brown wooden table.,Solid Mechanics,0063_perspective-right_trimmed-duck-static.mp4
0097_perspective-left_take-1_trimmed-magnet-transparent-peakaboo.mp4,Static locked-off single-shot with fixed frame throughout filmed with constant framerate in real-time. The scene shows a realistic scientific demonstration. The scene only contains the described setup and actions. The clear acrylic box was suspended over the tennis ball with a smiley face. The tennis ball with the smiley is positioned on a wooden table. The clear acrylic box hanging from an orange cord lowers to cover the tennis ball with a smiley face.,Solid Mechanics,0097_perspective-left_trimmed-magnet-transparent-peakaboo.mp4
0098_perspective-center_take-1_trimmed-magnet-transparent-peakaboo.mp4,Static locked-off single-shot with fixed frame throughout filmed with constant framerate in real-time. The scene shows a realistic scientific demonstration. The scene only contains the described setup and actions. The clear acrylic box was suspended over the tennis ball with a smiley face. The tennis ball with the smiley is positioned on a wooden table. The clear acrylic box hanging from an orange cord lowers to cover the tennis ball with a smiley face.,Solid Mechanics,0098_perspective-center_trimmed-magnet-transparent-peakaboo.mp4
0099_perspective-right_take-1_trimmed-magnet-transparent-peakaboo.mp4,Static locked-off single-shot with fixed frame throughout filmed with constant framerate in real-time. The scene shows a realistic scientific demonstration. The scene only contains the described setup and actions. The clear acrylic box was suspended over the tennis ball with a smiley face. The tennis ball with the smiley is positioned on a wooden table. The clear acrylic box hanging from an orange cord lowers to cover the tennis ball with a smiley face.,Solid Mechanics,0099_perspective-right_trimmed-magnet-transparent-peakaboo.mp4
0103_perspective-left_take-1_trimmed-marble-run-x.mp4,Static locked-off single-shot with fixed frame throughout filmed with constant framerate in real-time. The scene shows a realistic scientific demonstration. The scene only contains the described setup and actions. The magnetic ramps are attached to a whiteboard for a game of marble run. The yellow glass marble is released at the top of the ramps and then slides down the magnetic ramps.,Solid Mechanics,0103_perspective-left_trimmed-marble-run-x.mp4
0104_perspective-center_take-1_trimmed-marble-run-x.mp4,Static locked-off single-shot with fixed frame throughout filmed with constant framerate in real-time. The scene shows a realistic scientific demonstration. The scene only contains the described setup and actions. The magnetic ramps are attached to a whiteboard for a game of marble run. The yellow glass marble is released at the top of the ramps and then slides down the magnetic ramps.,Solid Mechanics,0104_perspective-center_trimmed-marble-run-x.mp4
0105_perspective-right_take-1_trimmed-marble-run-x.mp4,Static locked-off single-shot with fixed frame throughout filmed with constant framerate in real-time. The scene shows a realistic scientific demonstration. The scene only contains the described setup and actions. The magnetic ramps are attached to a whiteboard for a game of marble run. The yellow glass marble is released at the top of the ramps and then slides down the magnetic ramps.,Solid Mechanics,0105_perspective-right_trimmed-marble-run-x.mp4
0106_perspective-left_take-1_trimmed-marble-run-y.mp4,Static locked-off single-shot with fixed frame throughout filmed with constant framerate in real-time. The scene shows a realistic scientific demonstration. The scene only contains the described setup and actions. The magnetic ramps are attached to a whiteboard for a game of marble run. The yellow glass marble is released at the top of the ramps and then slides down the magnetic ramps.,Solid Mechanics,0106_perspective-left_trimmed-marble-run-y.mp4
0107_perspective-center_take-1_trimmed-marble-run-y.mp4,Static locked-off single-shot with fixed frame throughout filmed with constant framerate in real-time. The scene shows a realistic scientific demonstration. The scene only contains the described setup and actions. The magnetic ramps are attached to a whiteboard for a game of marble run. The yellow glass marble is released at the top of the ramps and then slides down the magnetic ramps.,Solid Mechanics,0107_perspective-center_trimmed-marble-run-y.mp4
0108_perspective-right_take-1_trimmed-marble-run-y.mp4,Static locked-off single-shot with fixed frame throughout filmed with constant framerate in real-time. The scene shows a realistic scientific demonstration. The scene only contains the described setup and actions. The magnetic ramps are attached to a whiteboard for a game of marble run. The yellow glass marble is released at the top of the ramps and then slides down the magnetic ramps.,Solid Mechanics,0108_perspective-right_trimmed-marble-run-y.mp4
0124_perspective-left_take-1_trimmed-mug-breaks.mp4,Static locked-off single-shot with fixed frame throughout filmed with constant framerate in real-time. The scene shows a realistic scientific demonstration. The scene only contains the described setup and actions. The blue-black grabber tool was holding the yellow ceramic mug. The blue-black grabber tool is suspended over the ceramic block in front of a white projection screen. The blue-black grabber releases the yellow ceramic mug over the concrete brick.,Solid Mechanics,0124_perspective-left_trimmed-mug-breaks.mp4
0125_perspective-center_take-1_trimmed-mug-breaks.mp4,Static locked-off single-shot with fixed frame throughout filmed with constant framerate in real-time. The scene shows a realistic scientific demonstration. The scene only contains the described setup and actions. The blue-black grabber tool was holding the yellow ceramic mug. The blue-black grabber tool is suspended over the ceramic block in front of a white projection screen. The blue-black grabber releases the yellow ceramic mug over the concrete brick.,Solid Mechanics,0125_perspective-center_trimmed-mug-breaks.mp4
0126_perspective-right_take-1_trimmed-mug-breaks.mp4,Static locked-off single-shot with fixed frame throughout filmed with constant framerate in real-time. The scene shows a realistic scientific demonstration. The scene only contains the described setup and actions. The blue-black grabber tool was holding the yellow ceramic mug. The blue-black grabber tool is suspended over the ceramic block in front of a white projection screen. The blue-black grabber releases the yellow ceramic mug over the concrete brick.,Solid Mechanics,0126_perspective-right_trimmed-mug-breaks.mp4
0145_perspective-left_take-1_trimmed-roll-behind-box.mp4,Static locked-off single-shot with fixed frame throughout filmed with constant framerate in real-time. The scene shows a realistic scientific demonstration. The scene only contains the described setup and actions. A small white lampshade is on a light wooden table and a black tube points from the left side to the right side. The grey tennis ball rolls from the left straight out of the black tube over the entire table.,Solid Mechanics,0145_perspective-left_trimmed-roll-behind-box.mp4
0146_perspective-center_take-1_trimmed-roll-behind-box.mp4,Static locked-off single-shot with fixed frame throughout filmed with constant framerate in real-time. The scene shows a realistic scientific demonstration. The scene only contains the described setup and actions. A small white lampshade is on a light wooden table and a black tube points from the left side to the right side. The grey tennis ball rolls from the left straight out of the black tube over the entire table.,Solid Mechanics,0146_perspective-center_trimmed-roll-behind-box.mp4
0147_perspective-right_take-1_trimmed-roll-behind-box.mp4,Static locked-off single-shot with fixed frame throughout filmed with constant framerate in real-time. The scene shows a realistic scientific demonstration. The scene only contains the described setup and actions. A small white lampshade is on a light wooden table and a black tube points from the left side to the right side. The grey tennis ball rolls from the left straight out of the black tube over the entire table.,Solid Mechanics,0147_perspective-right_trimmed-roll-behind-box.mp4
0148_perspective-left_take-1_trimmed-roll-front-box.mp4,Static locked-off single-shot with fixed frame throughout filmed with constant framerate in real-time. The scene shows a realistic scientific demonstration. The scene only contains the described setup and actions. A small white lampshade is on a light wooden table and a black tube points from the left side to the right side. The brown tennis ball rolls from the left straight out of the black tube over the entire table.,Solid Mechanics,0148_perspective-left_trimmed-roll-front-box.mp4
0149_perspective-center_take-1_trimmed-roll-front-box.mp4,Static locked-off single-shot with fixed frame throughout filmed with constant framerate in real-time. The scene shows a realistic scientific demonstration. The scene only contains the described setup and actions. A small white lampshade is on a light wooden table and a black tube points from the left side to the right side. The brown tennis ball rolls from the left straight out of the black tube over the entire table.,Solid Mechanics,0149_perspective-center_trimmed-roll-front-box.mp4
0150_perspective-right_take-1_trimmed-roll-front-box.mp4,Static locked-off single-shot with fixed frame throughout filmed with constant framerate in real-time. The scene shows a realistic scientific demonstration. The scene only contains the described setup and actions. A small white lampshade is on a light wooden table and a black tube points from the left side to the right side. The brown tennis ball rolls from the left straight out of the black tube over the entire table.,Solid Mechanics,0150_perspective-right_trimmed-roll-front-box.mp4
0151_perspective-left_take-1_trimmed-roll-in-box.mp4,Static locked-off single-shot with fixed frame throughout filmed with constant framerate in real-time. The scene shows a realistic scientific demonstration. The scene only contains the described setup and actions. The olive green fabric box is on a light wooden table and a black tube points from the left side to the right side. The brown tennis ball rolls from the left straight out of the black tube and hits the olive green fabric box.,Solid Mechanics,0151_perspective-left_trimmed-roll-in-box.mp4
0152_perspective-center_take-1_trimmed-roll-in-box.mp4,Static locked-off single-shot with fixed frame throughout filmed with constant framerate in real-time. The scene shows a realistic scientific demonstration. The scene only contains the described setup and actions. The olive green fabric box is on a light wooden table and a black tube points from the left side to the right side. The brown tennis ball rolls from the left straight out of the black tube and hits the olive green fabric box.,Solid Mechanics,0152_perspective-center_trimmed-roll-in-box.mp4
0153_perspective-right_take-1_trimmed-roll-in-box.mp4,Static locked-off single-shot with fixed frame throughout filmed with constant framerate in real-time. The scene shows a realistic scientific demonstration. The scene only contains the described setup and actions. The olive green fabric box is on a light wooden table and a black tube points from the left side to the right side. The brown tennis ball rolls from the left straight out of the black tube and hits the olive green fabric box.,Solid Mechanics,0153_perspective-right_trimmed-roll-in-box.mp4
0157_perspective-left_take-1_trimmed-silk-cover.mp4,Static locked-off single-shot with fixed frame throughout filmed with constant framerate in real-time. The scene shows a realistic scientific demonstration. The scene only contains the described setup and actions. The teapot is on a wooden table. The piece of silk fabric is lowered over the teapot and covers it.,Solid Mechanics,0157_perspective-left_trimmed-silk-cover.mp4
0158_perspective-center_take-1_trimmed-silk-cover.mp4,Static locked-off single-shot with fixed frame throughout filmed with constant framerate in real-time. The scene shows a realistic scientific demonstration. The scene only contains the described setup and actions. The teapot is on a wooden table. The piece of silk fabric is lowered over the teapot and covers it.,Solid Mechanics,0158_perspective-center_trimmed-silk-cover.mp4
0159_perspective-right_take-1_trimmed-silk-cover.mp4,Static locked-off single-shot with fixed frame throughout filmed with constant framerate in real-time. The scene shows a realistic scientific demonstration. The scene only contains the described setup and actions. The teapot is on a wooden table. The piece of silk fabric is lowered over the teapot and covers it.,Solid Mechanics,0159_perspective-right_trimmed-silk-cover.mp4
0160_perspective-left_take-1_trimmed-single-cradle.mp4,Static locked-off single-shot with fixed frame throughout filmed with constant framerate in real-time. The scene shows a realistic scientific demonstration. The scene only contains the described setup and actions. The blue-black grabber tool was holding one metal ball at the position of the amplitude of the Newton's cradle. The Newton's cradle with five metal balls is sitting on a table. One metal ball of the Newton's cradle device is released by the blue-black grabber tool.,Solid Mechanics,0160_perspective-left_trimmed-single-cradle.mp4
0161_perspective-center_take-1_trimmed-single-cradle.mp4,Static locked-off single-shot with fixed frame throughout filmed with constant framerate in real-time. The scene shows a realistic scientific demonstration. The scene only contains the described setup and actions. The blue-black grabber tool was holding one metal ball at the position of the amplitude of the Newton's cradle. The Newton's cradle with five metal balls is sitting on a table. One metal ball of the Newton's cradle device is released by the blue-black grabber tool.,Solid Mechanics,0161_perspective-center_trimmed-single-cradle.mp4
0162_perspective-right_take-1_trimmed-single-cradle.mp4,Static locked-off single-shot with fixed frame throughout filmed with constant framerate in real-time. The scene shows a realistic scientific demonstration. The scene only contains the described setup and actions. The blue-black grabber tool was holding one metal ball at the position of the amplitude of the Newton's cradle. The Newton's cradle with five metal balls is sitting on a table. One metal ball of the Newton's cradle device is released by the blue-black grabber tool.,Solid Mechanics,0162_perspective-right_trimmed-single-cradle.mp4
0166_perspective-left_take-1_trimmed-smiley-ball-rotates.mp4,Static locked-off single-shot with fixed frame throughout filmed with constant framerate in real-time. The scene shows a realistic scientific demonstration. The scene only contains the described setup and actions. The tennis ball with a smiley face rotates slowly clockwise on the black platform.,Solid Mechanics,0166_perspective-left_trimmed-smiley-ball-rotates.mp4
0167_perspective-center_take-1_trimmed-smiley-ball-rotates.mp4,Static locked-off single-shot with fixed frame throughout filmed with constant framerate in real-time. The scene shows a realistic scientific demonstration. The scene only contains the described setup and actions. The tennis ball with a smiley face rotates slowly clockwise on the black platform.,Solid Mechanics,0167_perspective-center_trimmed-smiley-ball-rotates.mp4
0168_perspective-right_take-1_trimmed-smiley-ball-rotates.mp4,Static locked-off single-shot with fixed frame throughout filmed with constant framerate in real-time. The scene shows a realistic scientific demonstration. The scene only contains the described setup and actions. The tennis ball with a smiley face rotates slowly clockwise on the black platform.,Solid Mechanics,0168_perspective-right_trimmed-smiley-ball-rotates.mp4
0169_perspective-left_take-1_trimmed-solid-ball-peakaboo.mp4,Static locked-off single-shot with fixed frame throughout filmed with constant framerate in real-time. The scene shows a realistic scientific demonstration. The scene only contains the described setup and actions. The orange tennis ball is on the table. The woven basket is attached to a strong magnet that is connected to an orange cord. The woven basket hanging on an orange cord covers the ball and is then lifted to the top of the frame.,Solid Mechanics,0169_perspective-left_trimmed-solid-ball-peakaboo.mp4
0170_perspective-center_take-1_trimmed-solid-ball-peakaboo.mp4,Static locked-off single-shot with fixed frame throughout filmed with constant framerate in real-time. The scene shows a realistic scientific demonstration. The scene only contains the described setup and actions. The orange tennis ball is on the table. The woven basket is attached to a strong magnet that is connected to an orange cord. The woven basket hanging on an orange cord covers the ball and is then lifted to the top of the frame.,Solid Mechanics,0170_perspective-center_trimmed-solid-ball-peakaboo.mp4
0171_perspective-right_take-1_trimmed-solid-ball-peakaboo.mp4,Static locked-off single-shot with fixed frame throughout filmed with constant framerate in real-time. The scene shows a realistic scientific demonstration. The scene only contains the described setup and actions. The orange tennis ball is on the table. The woven basket is attached to a strong magnet that is connected to an orange cord. The woven basket hanging on an orange cord covers the ball and is then lifted to the top of the frame.,Solid Mechanics,0171_perspective-right_trimmed-solid-ball-peakaboo.mp4
0172_perspective-left_take-1_trimmed-stable-blocks.mp4,Static locked-off single-shot with fixed frame throughout filmed with constant framerate in real-time. The scene shows a realistic scientific demonstration. The scene only contains the described setup and actions. A pink block is carefully placed atop a simple structure of colorful blocks that resembles a gate by a blue-black grabber tool that then retracts upward.,Solid Mechanics,0172_perspective-left_trimmed-stable-blocks.mp4
0173_perspective-center_take-1_trimmed-stable-blocks.mp4,Static locked-off single-shot with fixed frame throughout filmed with constant framerate in real-time. The scene shows a realistic scientific demonstration. The scene only contains the described setup and actions. A pink block is carefully placed atop a simple structure of colorful blocks that resembles a gate by a blue-black grabber tool that then retracts upward.,Solid Mechanics,0173_perspective-center_trimmed-stable-blocks.mp4
0174_perspective-right_take-1_trimmed-stable-blocks.mp4,Static locked-off single-shot with fixed frame throughout filmed with constant framerate in real-time. The scene shows a realistic scientific demonstration. The scene only contains the described setup and actions. A pink block is carefully placed atop a simple structure of colorful blocks that resembles a gate by a blue-black grabber tool that then retracts upward.,Solid Mechanics,0174_perspective-right_trimmed-stable-blocks.mp4
0175_perspective-left_take-1_trimmed-teapot-rotates.mp4,Static locked-off single-shot with fixed frame throughout filmed with constant framerate in real-time. The scene shows a realistic scientific demonstration. The scene only contains the described setup and actions. The teapot sits on the black platform. The teapot rotates slowly clockwise on the black platform.,Solid Mechanics,0175_perspective-left_trimmed-teapot-rotates.mp4
0176_perspective-center_take-1_trimmed-teapot-rotates.mp4,Static locked-off single-shot with fixed frame throughout filmed with constant framerate in real-time. The scene shows a realistic scientific demonstration. The scene only contains the described setup and actions. The teapot sits on the black platform. The teapot rotates slowly clockwise on the black platform.,Solid Mechanics,0176_perspective-center_trimmed-teapot-rotates.mp4
0177_perspective-right_take-1_trimmed-teapot-rotates.mp4,Static locked-off single-shot with fixed frame throughout filmed with constant framerate in real-time. The scene shows a realistic scientific demonstration. The scene only contains the described setup and actions. The teapot sits on the black platform. The teapot rotates slowly clockwise on the black platform.,Solid Mechanics,0177_perspective-right_trimmed-teapot-rotates.mp4
0178_perspective-left_take-1_trimmed-two-balls-pass.mp4,"Static locked-off single-shot with fixed frame throughout filmed with constant framerate in real-time. The scene shows a realistic scientific demonstration. The scene only contains the described setup and actions. The two black pipes are on opposite sides of the light-colored wooden table, but offset of each other. The brown and the grey tennis balls roll with high speed straight out of the two black pipes.",Solid Mechanics,0178_perspective-left_trimmed-two-balls-pass.mp4
0179_perspective-center_take-1_trimmed-two-balls-pass.mp4,"Static locked-off single-shot with fixed frame throughout filmed with constant framerate in real-time. The scene shows a realistic scientific demonstration. The scene only contains the described setup and actions. The two black pipes are on opposite sides of the light-colored wooden table, but offset of each other. The brown and the grey tennis balls roll with high speed straight out of the two black pipes.",Solid Mechanics,0179_perspective-center_trimmed-two-balls-pass.mp4
0180_perspective-right_take-1_trimmed-two-balls-pass.mp4,"Static locked-off single-shot with fixed frame throughout filmed with constant framerate in real-time. The scene shows a realistic scientific demonstration. The scene only contains the described setup and actions. The two black pipes are on opposite sides of the light-colored wooden table, but offset of each other. The brown and the grey tennis balls roll with high speed straight out of the two black pipes.",Solid Mechanics,0180_perspective-right_trimmed-two-balls-pass.mp4
0181_perspective-left_take-1_trimmed-unstable-block-stack.mp4,"Static locked-off single-shot with fixed frame throughout filmed with constant framerate in real-time. The scene shows a realistic scientific demonstration. The scene only contains the described setup and actions. The yellow block is balanced on the red block, forming an L shape. The blue wooden block is placed by the orange-black grabber tool atop the yellow block.",Solid Mechanics,0181_perspective-left_trimmed-unstable-block-stack.mp4
0182_perspective-center_take-1_trimmed-unstable-block-stack.mp4,"Static locked-off single-shot with fixed frame throughout filmed with constant framerate in real-time. The scene shows a realistic scientific demonstration. The scene only contains the described setup and actions. The yellow block is balanced on the red block, forming an L shape. The blue wooden block is placed by the orange-black grabber tool atop the yellow block.",Solid Mechanics,0182_perspective-center_trimmed-unstable-block-stack.mp4
0183_perspective-right_take-1_trimmed-unstable-block-stack.mp4,"Static locked-off single-shot with fixed frame throughout filmed with constant framerate in real-time. The scene shows a realistic scientific demonstration. The scene only contains the described setup and actions. The yellow block is balanced on the red block, forming an L shape. The blue wooden block is placed by the orange-black grabber tool atop the yellow block.",Solid Mechanics,0183_perspective-right_trimmed-unstable-block-stack.mp4
0187_perspective-left_take-1_trimmed-weight-on-ceramic.mp4,Static locked-off single-shot with fixed frame throughout filmed with constant framerate in real-time. The scene shows a realistic scientific demonstration. The scene only contains the described setup and actions. The yellow ceramic mug is on a wooden table. The 30lb kettlebell is placed on top of the yellow ceramic mug.,Solid Mechanics,0187_perspective-left_trimmed-weight-on-ceramic.mp4
0188_perspective-center_take-1_trimmed-weight-on-ceramic.mp4,Static locked-off single-shot with fixed frame throughout filmed with constant framerate in real-time. The scene shows a realistic scientific demonstration. The scene only contains the described setup and actions. The yellow ceramic mug is on a wooden table. The 30lb kettlebell is placed on top of the yellow ceramic mug.,Solid Mechanics,0188_perspective-center_trimmed-weight-on-ceramic.mp4
0189_perspective-right_take-1_trimmed-weight-on-ceramic.mp4,Static locked-off single-shot with fixed frame throughout filmed with constant framerate in real-time. The scene shows a realistic scientific demonstration. The scene only contains the described setup and actions. The yellow ceramic mug is on a wooden table. The 30lb kettlebell is placed on top of the yellow ceramic mug.,Solid Mechanics,0189_perspective-right_trimmed-weight-on-ceramic.mp4
0190_perspective-left_take-1_trimmed-weight-on-paper.mp4,Static locked-off single-shot with fixed frame throughout filmed with constant framerate in real-time. The scene shows a realistic scientific demonstration. The scene only contains the described setup and actions. The white styrofoam cup is on a wooden table. The 30lb kettlebell is placed on top of the white styrofoam cup.,Solid Mechanics,0190_perspective-left_trimmed-weight-on-paper.mp4
0191_perspective-center_take-1_trimmed-weight-on-paper.mp4,Static locked-off single-shot with fixed frame throughout filmed with constant framerate in real-time. The scene shows a realistic scientific demonstration. The scene only contains the described setup and actions. The white styrofoam cup is on a wooden table. The 30lb kettlebell is placed on top of the white styrofoam cup.,Solid Mechanics,0191_perspective-center_trimmed-weight-on-paper.mp4
0192_perspective-right_take-1_trimmed-weight-on-paper.mp4,Static locked-off single-shot with fixed frame throughout filmed with constant framerate in real-time. The scene shows a realistic scientific demonstration. The scene only contains the described setup and actions. The white styrofoam cup is on a wooden table. The 30lb kettlebell is placed on top of the white styrofoam cup.,Solid Mechanics,0192_perspective-right_trimmed-weight-on-paper.mp4
0193_perspective-left_take-1_trimmed-weight-on-pillow.mp4,Static locked-off single-shot with fixed frame throughout filmed with constant framerate in real-time. The scene shows a realistic scientific demonstration. The scene only contains the described setup and actions. The 30-lb kettlebell and the green piece of paper are each placed onto the pillow below them simultaneously.,Solid Mechanics,0193_perspective-left_trimmed-weight-on-pillow.mp4
0194_perspective-center_take-1_trimmed-weight-on-pillow.mp4,Static locked-off single-shot with fixed frame throughout filmed with constant framerate in real-time. The scene shows a realistic scientific demonstration. The scene only contains the described setup and actions. The 30-lb kettlebell and the green piece of paper are each placed onto the pillow below them simultaneously.,Solid Mechanics,0194_perspective-center_trimmed-weight-on-pillow.mp4
0195_perspective-right_take-1_trimmed-weight-on-pillow.mp4,Static locked-off single-shot with fixed frame throughout filmed with constant framerate in real-time. The scene shows a realistic scientific demonstration. The scene only contains the described setup and actions. The 30-lb kettlebell and the green piece of paper are each placed onto the pillow below them simultaneously.,Solid Mechanics,0195_perspective-right_trimmed-weight-on-pillow.mp4
0196_perspective-left_take-1_trimmed-weight-protects-duck.mp4,Static locked-off single-shot with fixed frame throughout filmed with constant framerate in real-time. The scene shows a realistic scientific demonstration. The scene only contains the described setup and actions. The 30lb kettlebell and the yellow rubber duck sit on a light-colored wooden table. The black pipe is on the left side of the table and points to the right. The grey tennis ball rolls swiftly straight out of the black pipe from the left side and hits the 30lb kettlebell.,Solid Mechanics,0196_perspective-left_trimmed-weight-protects-duck.mp4
0197_perspective-center_take-1_trimmed-weight-protects-duck.mp4,Static locked-off single-shot with fixed frame throughout filmed with constant framerate in real-time. The scene shows a realistic scientific demonstration. The scene only contains the described setup and actions. The 30lb kettlebell and the yellow rubber duck sit on a light-colored wooden table. The black pipe is on the left side of the table and points to the right. The grey tennis ball rolls swiftly straight out of the black pipe from the left side and hits the 30lb kettlebell.,Solid Mechanics,0197_perspective-center_trimmed-weight-protects-duck.mp4
0198_perspective-right_take-1_trimmed-weight-protects-duck.mp4,Static locked-off single-shot with fixed frame throughout filmed with constant framerate in real-time. The scene shows a realistic scientific demonstration. The scene only contains the described setup and actions. The 30lb kettlebell and the yellow rubber duck sit on a light-colored wooden table. The black pipe is on the left side of the table and points to the right. The grey tennis ball rolls swiftly straight out of the black pipe from the left side and hits the 30lb kettlebell.,Solid Mechanics,0198_perspective-right_trimmed-weight-protects-duck.mp4
0199_perspective-left_take-2_trimmed-ball-and-block-fall.mp4,Static locked-off single-shot with fixed frame throughout filmed with constant framerate in real-time. The scene shows a realistic scientific demonstration. The scene only contains the described setup and actions. Two pillows are on a table and two grabber tools are positioned above them. The grabber tools release the brown tennis ball and the orange block.,Solid Mechanics,0199_perspective-left_trimmed-ball-and-block-fall.mp4
0200_perspective-center_take-2_trimmed-ball-and-block-fall.mp4,Static locked-off single-shot with fixed frame throughout filmed with constant framerate in real-time. The scene shows a realistic scientific demonstration. The scene only contains the described setup and actions. Two pillows are on a table and two grabber tools are positioned above them. The grabber tools release the brown tennis ball and the orange block.,Solid Mechanics,0200_perspective-center_trimmed-ball-and-block-fall.mp4
0201_perspective-right_take-2_trimmed-ball-and-block-fall.mp4,Static locked-off single-shot with fixed frame throughout filmed with constant framerate in real-time. The scene shows a realistic scientific demonstration. The scene only contains the described setup and actions. Two pillows are on a table and two grabber tools are positioned above them. The grabber tools release the brown tennis ball and the orange block.,Solid Mechanics,0201_perspective-right_trimmed-ball-and-block-fall.mp4
0202_perspective-left_take-2_trimmed-ball-behind-rotating-paper.mp4,Static locked-off single-shot with fixed frame throughout filmed with constant framerate in real-time. The scene shows a realistic scientific demonstration. The scene only contains the described setup and actions. The blue-black grabber tool held the tennis ball above the cardstock and lowered it behind the cardstock. The cardstock sits on the black platform on top of a wooden table. The blue-black grabber tool places the orange tennis ball behind the clockwise-rotating cardstock on the table.,Solid Mechanics,0202_perspective-left_trimmed-ball-behind-rotating-paper.mp4
0203_perspective-center_take-2_trimmed-ball-behind-rotating-paper.mp4,Static locked-off single-shot with fixed frame throughout filmed with constant framerate in real-time. The scene shows a realistic scientific demonstration. The scene only contains the described setup and actions. The blue-black grabber tool held the tennis ball above the cardstock and lowered it behind the cardstock. The cardstock sits on the black platform on top of a wooden table. The blue-black grabber tool places the orange tennis ball behind the clockwise-rotating cardstock on the table.,Solid Mechanics,0203_perspective-center_trimmed-ball-behind-rotating-paper.mp4
0204_perspective-right_take-2_trimmed-ball-behind-rotating-paper.mp4,Static locked-off single-shot with fixed frame throughout filmed with constant framerate in real-time. The scene shows a realistic scientific demonstration. The scene only contains the described setup and actions. The blue-black grabber tool held the tennis ball above the cardstock and lowered it behind the cardstock. The cardstock sits on the black platform on top of a wooden table. The blue-black grabber tool places the orange tennis ball behind the clockwise-rotating cardstock on the table.,Solid Mechanics,0204_perspective-right_trimmed-ball-behind-rotating-paper.mp4
0205_perspective-left_take-2_trimmed-ball-hits-duck.mp4,Static locked-off single-shot with fixed frame throughout filmed with constant framerate in real-time. The scene shows a realistic scientific demonstration. The scene only contains the described setup and actions. A light beige coffee table with a small yellow rubber duck on it. A mustard yellow couch is in the background. There is a black pipe that points from the left side to the right side of the table. The brown tennis ball rolls straight out of the black pipe and hits the rubber duck.,Solid Mechanics,0205_perspective-left_trimmed-ball-hits-duck.mp4
0206_perspective-center_take-2_trimmed-ball-hits-duck.mp4,Static locked-off single-shot with fixed frame throughout filmed with constant framerate in real-time. The scene shows a realistic scientific demonstration. The scene only contains the described setup and actions. A light beige coffee table with a small yellow rubber duck on it. A mustard yellow couch is in the background. There is a black pipe that points from the left side to the right side of the table. The brown tennis ball rolls straight out of the black pipe and hits the rubber duck.,Solid Mechanics,0206_perspective-center_trimmed-ball-hits-duck.mp4
0207_perspective-right_take-2_trimmed-ball-hits-duck.mp4,Static locked-off single-shot with fixed frame throughout filmed with constant framerate in real-time. The scene shows a realistic scientific demonstration. The scene only contains the described setup and actions. A light beige coffee table with a small yellow rubber duck on it. A mustard yellow couch is in the background. There is a black pipe that points from the left side to the right side of the table. The brown tennis ball rolls straight out of the black pipe and hits the rubber duck.,Solid Mechanics,0207_perspective-right_trimmed-ball-hits-duck.mp4
0208_perspective-left_take-2_trimmed-ball-hits-nothing.mp4,"Static locked-off single-shot with fixed frame throughout filmed with constant framerate in real-time. The scene shows a realistic scientific demonstration. The scene only contains the described setup and actions. A light-colored wooden coffee table with a few small objects on it, including a brown tennis ball and a smaller red ball. The orange tennis ball rolls straight out of the black pipe over the entire table towards the right side.",Solid Mechanics,0208_perspective-left_trimmed-ball-hits-nothing.mp4
0209_perspective-center_take-2_trimmed-ball-hits-nothing.mp4,"Static locked-off single-shot with fixed frame throughout filmed with constant framerate in real-time. The scene shows a realistic scientific demonstration. The scene only contains the described setup and actions. A light-colored wooden coffee table with a few small objects on it, including a brown tennis ball and a smaller red ball. The orange tennis ball rolls straight out of the black pipe over the entire table towards the right side.",Solid Mechanics,0209_perspective-center_trimmed-ball-hits-nothing.mp4
0210_perspective-right_take-2_trimmed-ball-hits-nothing.mp4,"Static locked-off single-shot with fixed frame throughout filmed with constant framerate in real-time. The scene shows a realistic scientific demonstration. The scene only contains the described setup and actions. A light-colored wooden coffee table with a few small objects on it, including a brown tennis ball and a smaller red ball. The orange tennis ball rolls straight out of the black pipe over the entire table towards the right side.",Solid Mechanics,0210_perspective-right_trimmed-ball-hits-nothing.mp4
0211_perspective-left_take-2_trimmed-ball-in-basket.mp4,Static locked-off single-shot with fixed frame throughout filmed with constant framerate in real-time. The scene shows a realistic scientific demonstration. The scene only contains the described setup and actions. The black plastic crate sits on a wooden table. The orange inflatable basketball is released over the black plastic crate.,Solid Mechanics,0211_perspective-left_trimmed-ball-in-basket.mp4
0212_perspective-center_take-2_trimmed-ball-in-basket.mp4,Static locked-off single-shot with fixed frame throughout filmed with constant framerate in real-time. The scene shows a realistic scientific demonstration. The scene only contains the described setup and actions. The black plastic crate sits on a wooden table. The orange inflatable basketball is released over the black plastic crate.,Solid Mechanics,0212_perspective-center_trimmed-ball-in-basket.mp4
0213_perspective-right_take-2_trimmed-ball-in-basket.mp4,Static locked-off single-shot with fixed frame throughout filmed with constant framerate in real-time. The scene shows a realistic scientific demonstration. The scene only contains the described setup and actions. The black plastic crate sits on a wooden table. The orange inflatable basketball is released over the black plastic crate.,Solid Mechanics,0213_perspective-right_trimmed-ball-in-basket.mp4
0214_perspective-left_take-2_trimmed-ball-in-sand.mp4,"Static locked-off single-shot with fixed frame throughout filmed with constant framerate in real-time. The scene shows a realistic scientific demonstration. The scene only contains the described setup and actions. The green kinetic sand is located on a wooden table, and the blue-black grabber tool is suspended over it. The blue-black grabber tool releases the blue tennis ball above a pile of green kinetic sand.",Solid Mechanics,0214_perspective-left_trimmed-ball-in-sand.mp4
0215_perspective-center_take-2_trimmed-ball-in-sand.mp4,"Static locked-off single-shot with fixed frame throughout filmed with constant framerate in real-time. The scene shows a realistic scientific demonstration. The scene only contains the described setup and actions. The green kinetic sand is located on a wooden table, and the blue-black grabber tool is suspended over it. The blue-black grabber tool releases the blue tennis ball above a pile of green kinetic sand.",Solid Mechanics,0215_perspective-center_trimmed-ball-in-sand.mp4
0216_perspective-right_take-2_trimmed-ball-in-sand.mp4,"Static locked-off single-shot with fixed frame throughout filmed with constant framerate in real-time. The scene shows a realistic scientific demonstration. The scene only contains the described setup and actions. The green kinetic sand is located on a wooden table, and the blue-black grabber tool is suspended over it. The blue-black grabber tool releases the blue tennis ball above a pile of green kinetic sand.",Solid Mechanics,0216_perspective-right_trimmed-ball-in-sand.mp4
0217_perspective-left_take-2_trimmed-ball-ramp.mp4,"Static locked-off single-shot with fixed frame throughout filmed with constant framerate in real-time. The scene shows a realistic scientific demonstration. The scene only contains the described setup and actions. A simple ramp made of cardboard, propped up by a blue block on a light-colored wooden table. There's a black pipe to the left of the frame that directly points towards it. The yellow tennis ball rolls straight out of the black pipe onto the ramp.",Solid Mechanics,0217_perspective-left_trimmed-ball-ramp.mp4
0218_perspective-center_take-2_trimmed-ball-ramp.mp4,"Static locked-off single-shot with fixed frame throughout filmed with constant framerate in real-time. The scene shows a realistic scientific demonstration. The scene only contains the described setup and actions. A simple ramp made of cardboard, propped up by a blue block on a light-colored wooden table. There's a black pipe to the left of the frame that directly points towards it. The yellow tennis ball rolls straight out of the black pipe onto the ramp.",Solid Mechanics,0218_perspective-center_trimmed-ball-ramp.mp4
0219_perspective-right_take-2_trimmed-ball-ramp.mp4,"Static locked-off single-shot with fixed frame throughout filmed with constant framerate in real-time. The scene shows a realistic scientific demonstration. The scene only contains the described setup and actions. A simple ramp made of cardboard, propped up by a blue block on a light-colored wooden table. There's a black pipe to the left of the frame that directly points towards it. The yellow tennis ball rolls straight out of the black pipe onto the ramp.",Solid Mechanics,0219_perspective-right_trimmed-ball-ramp.mp4
0220_perspective-left_take-2_trimmed-ball-rolls-off.mp4,Static locked-off single-shot with fixed frame throughout filmed with constant framerate in real-time. The scene shows a realistic scientific demonstration. The scene only contains the described setup and actions. A light wood coffee table in the foreground with a black pipe on the left end of the table. The grey tennis ball rolls out of the pipe over the entire table towards the right.,Solid Mechanics,0220_perspective-left_trimmed-ball-rolls-off.mp4
0221_perspective-center_take-2_trimmed-ball-rolls-off.mp4,Static locked-off single-shot with fixed frame throughout filmed with constant framerate in real-time. The scene shows a realistic scientific demonstration. The scene only contains the described setup and actions. A light wood coffee table in the foreground with a black pipe on the left end of the table. The grey tennis ball rolls out of the pipe over the entire table towards the right.,Solid Mechanics,0221_perspective-center_trimmed-ball-rolls-off.mp4
0222_perspective-right_take-2_trimmed-ball-rolls-off.mp4,Static locked-off single-shot with fixed frame throughout filmed with constant framerate in real-time. The scene shows a realistic scientific demonstration. The scene only contains the described setup and actions. A light wood coffee table in the foreground with a black pipe on the left end of the table. The grey tennis ball rolls out of the pipe over the entire table towards the right.,Solid Mechanics,0222_perspective-right_trimmed-ball-rolls-off.mp4
0223_perspective-left_take-2_trimmed-ball-rolls-on-glass.mp4,Static locked-off single-shot with fixed frame throughout filmed with constant framerate in real-time. The scene shows a realistic scientific demonstration. The scene only contains the described setup and actions. A piece of clear glass resting on the edge of a light-colored wooden table against a plain white wall. The blue tennis ball rolls from the wooden table over the glass.,Solid Mechanics,0223_perspective-left_trimmed-ball-rolls-on-glass.mp4
0224_perspective-center_take-2_trimmed-ball-rolls-on-glass.mp4,Static locked-off single-shot with fixed frame throughout filmed with constant framerate in real-time. The scene shows a realistic scientific demonstration. The scene only contains the described setup and actions. A piece of clear glass resting on the edge of a light-colored wooden table against a plain white wall. The blue tennis ball rolls from the wooden table over the glass.,Solid Mechanics,0224_perspective-center_trimmed-ball-rolls-on-glass.mp4
0225_perspective-right_take-2_trimmed-ball-rolls-on-glass.mp4,Static locked-off single-shot with fixed frame throughout filmed with constant framerate in real-time. The scene shows a realistic scientific demonstration. The scene only contains the described setup and actions. A piece of clear glass resting on the edge of a light-colored wooden table against a plain white wall. The blue tennis ball rolls from the wooden table over the glass.,Solid Mechanics,0225_perspective-right_trimmed-ball-rolls-on-glass.mp4
0226_perspective-left_take-2_trimmed-ball-train.mp4,"Static locked-off single-shot with fixed frame throughout filmed with constant framerate in real-time. The scene shows a realistic scientific demonstration. The scene only contains the described setup and actions. A light-colored coffee table with two tennis balls, one orange and one brown, placed near the center, back to back. A black pipe sits on the table on the left side and points towards the two tennis balls. The grey tennis ball rolls straight out of a black pipe from the left and hits the brown tennis ball.",Solid Mechanics,0226_perspective-left_trimmed-ball-train.mp4
0227_perspective-center_take-2_trimmed-ball-train.mp4,"Static locked-off single-shot with fixed frame throughout filmed with constant framerate in real-time. The scene shows a realistic scientific demonstration. The scene only contains the described setup and actions. A light-colored coffee table with two tennis balls, one orange and one brown, placed near the center, back to back. A black pipe sits on the table on the left side and points towards the two tennis balls. The grey tennis ball rolls straight out of a black pipe from the left and hits the brown tennis ball.",Solid Mechanics,0227_perspective-center_trimmed-ball-train.mp4
0228_perspective-right_take-2_trimmed-ball-train.mp4,"Static locked-off single-shot with fixed frame throughout filmed with constant framerate in real-time. The scene shows a realistic scientific demonstration. The scene only contains the described setup and actions. A light-colored coffee table with two tennis balls, one orange and one brown, placed near the center, back to back. A black pipe sits on the table on the left side and points towards the two tennis balls. The grey tennis ball rolls straight out of a black pipe from the left and hits the brown tennis ball.",Solid Mechanics,0228_perspective-right_trimmed-ball-train.mp4
0229_perspective-left_take-2_trimmed-balls-collide.mp4,Static locked-off single-shot with fixed frame throughout filmed with constant framerate in real-time. The scene shows a realistic scientific demonstration. The scene only contains the described setup and actions. A light-colored wooden tabletop with two pipes at the edges. The blue and the yellow tennis ball roll out of the pipes and collide with the same speed.,Solid Mechanics,0229_perspective-left_trimmed-balls-collide.mp4
0230_perspective-center_take-2_trimmed-balls-collide.mp4,Static locked-off single-shot with fixed frame throughout filmed with constant framerate in real-time. The scene shows a realistic scientific demonstration. The scene only contains the described setup and actions. A light-colored wooden tabletop with two pipes at the edges. The blue and the yellow tennis ball roll out of the pipes and collide with the same speed.,Solid Mechanics,0230_perspective-center_trimmed-balls-collide.mp4
0231_perspective-right_take-2_trimmed-balls-collide.mp4,Static locked-off single-shot with fixed frame throughout filmed with constant framerate in real-time. The scene shows a realistic scientific demonstration. The scene only contains the described setup and actions. A light-colored wooden tabletop with two pipes at the edges. The blue and the yellow tennis ball roll out of the pipes and collide with the same speed.,Solid Mechanics,0231_perspective-right_trimmed-balls-collide.mp4
0232_perspective-left_take-2_trimmed-block-domino.mp4,Static locked-off single-shot with fixed frame throughout filmed with constant framerate in real-time. The scene shows a realistic scientific demonstration. The scene only contains the described setup and actions. A row of colorful wooden blocks has been lined up on a wooden table next to a black platform. The wooden stick attached to the black platform rotates clockwise and hits the first block.,Solid Mechanics,0232_perspective-left_trimmed-block-domino.mp4
0233_perspective-center_take-2_trimmed-block-domino.mp4,Static locked-off single-shot with fixed frame throughout filmed with constant framerate in real-time. The scene shows a realistic scientific demonstration. The scene only contains the described setup and actions. A row of colorful wooden blocks has been lined up on a wooden table next to a black platform. The wooden stick attached to the black platform rotates clockwise and hits the first block.,Solid Mechanics,0233_perspective-center_trimmed-block-domino.mp4
0234_perspective-right_take-2_trimmed-block-domino.mp4,Static locked-off single-shot with fixed frame throughout filmed with constant framerate in real-time. The scene shows a realistic scientific demonstration. The scene only contains the described setup and actions. A row of colorful wooden blocks has been lined up on a wooden table next to a black platform. The wooden stick attached to the black platform rotates clockwise and hits the first block.,Solid Mechanics,0234_perspective-right_trimmed-block-domino.mp4
0238_perspective-left_take-2_trimmed-cut-orange.mp4,Static locked-off single-shot with fixed frame throughout filmed with constant framerate in real-time. The scene shows a realistic scientific demonstration. The scene only contains the described setup and actions. One half of a tangerine has been placed on a glass cutting board. The knife slices through the tangerine.,Solid Mechanics,0238_perspective-left_trimmed-cut-orange.mp4
0239_perspective-center_take-2_trimmed-cut-orange.mp4,Static locked-off single-shot with fixed frame throughout filmed with constant framerate in real-time. The scene shows a realistic scientific demonstration. The scene only contains the described setup and actions. One half of a tangerine has been placed on a glass cutting board. The knife slices through the tangerine.,Solid Mechanics,0239_perspective-center_trimmed-cut-orange.mp4
0240_perspective-right_take-2_trimmed-cut-orange.mp4,Static locked-off single-shot with fixed frame throughout filmed with constant framerate in real-time. The scene shows a realistic scientific demonstration. The scene only contains the described setup and actions. One half of a tangerine has been placed on a glass cutting board. The knife slices through the tangerine.,Solid Mechanics,0240_perspective-right_trimmed-cut-orange.mp4
0241_perspective-left_take-2_trimmed-cut-paper.mp4,"Static locked-off single-shot with fixed frame throughout filmed with constant framerate in real-time. The scene shows a realistic scientific demonstration. The scene only contains the described setup and actions. Two blue-black grabber tools pull the piece of green paper from opposite corners, causing it to tear.",Solid Mechanics,0241_perspective-left_trimmed-cut-paper.mp4
0242_perspective-center_take-2_trimmed-cut-paper.mp4,"Static locked-off single-shot with fixed frame throughout filmed with constant framerate in real-time. The scene shows a realistic scientific demonstration. The scene only contains the described setup and actions. Two blue-black grabber tools pull the piece of green paper from opposite corners, causing it to tear.",Solid Mechanics,0242_perspective-center_trimmed-cut-paper.mp4
0243_perspective-right_take-2_trimmed-cut-paper.mp4,"Static locked-off single-shot with fixed frame throughout filmed with constant framerate in real-time. The scene shows a realistic scientific demonstration. The scene only contains the described setup and actions. Two blue-black grabber tools pull the piece of green paper from opposite corners, causing it to tear.",Solid Mechanics,0243_perspective-right_trimmed-cut-paper.mp4
0247_perspective-left_take-2_trimmed-dominos-with-space.mp4,Static locked-off single-shot with fixed frame throughout filmed with constant framerate in real-time. The scene shows a realistic scientific demonstration. The scene only contains the described setup and actions. Two rows of alternating black and white dominoes have been set up on a wooden table with a gap between the two rows. The wooden stick attached to the black platform rotates clockwise and knocks the first domino.,Solid Mechanics,0247_perspective-left_trimmed-dominos-with-space.mp4
0248_perspective-center_take-2_trimmed-dominos-with-space.mp4,Static locked-off single-shot with fixed frame throughout filmed with constant framerate in real-time. The scene shows a realistic scientific demonstration. The scene only contains the described setup and actions. Two rows of alternating black and white dominoes have been set up on a wooden table with a gap between the two rows. The wooden stick attached to the black platform rotates clockwise and knocks the first domino.,Solid Mechanics,0248_perspective-center_trimmed-dominos-with-space.mp4
0249_perspective-right_take-2_trimmed-dominos-with-space.mp4,Static locked-off single-shot with fixed frame throughout filmed with constant framerate in real-time. The scene shows a realistic scientific demonstration. The scene only contains the described setup and actions. Two rows of alternating black and white dominoes have been set up on a wooden table with a gap between the two rows. The wooden stick attached to the black platform rotates clockwise and knocks the first domino.,Solid Mechanics,0249_perspective-right_trimmed-dominos-with-space.mp4
0250_perspective-left_take-2_trimmed-double-cradle.mp4,Static locked-off single-shot with fixed frame throughout filmed with constant framerate in real-time. The scene shows a realistic scientific demonstration. The scene only contains the described setup and actions. The blue-black grabber tool was holding two metal balls at the position of the amplitude of the Newton's cradle. The Newton's cradle with five metal balls is sitting on a table. Two metal balls of the Newton's cradle device are released by the blue-black grabber tool.,Solid Mechanics,0250_perspective-left_trimmed-double-cradle.mp4
0251_perspective-center_take-2_trimmed-double-cradle.mp4,Static locked-off single-shot with fixed frame throughout filmed with constant framerate in real-time. The scene shows a realistic scientific demonstration. The scene only contains the described setup and actions. The blue-black grabber tool was holding two metal balls at the position of the amplitude of the Newton's cradle. The Newton's cradle with five metal balls is sitting on a table. Two metal balls of the Newton's cradle device are released by the blue-black grabber tool.,Solid Mechanics,0251_perspective-center_trimmed-double-cradle.mp4
0252_perspective-right_take-2_trimmed-double-cradle.mp4,Static locked-off single-shot with fixed frame throughout filmed with constant framerate in real-time. The scene shows a realistic scientific demonstration. The scene only contains the described setup and actions. The blue-black grabber tool was holding two metal balls at the position of the amplitude of the Newton's cradle. The Newton's cradle with five metal balls is sitting on a table. Two metal balls of the Newton's cradle device are released by the blue-black grabber tool.,Solid Mechanics,0252_perspective-right_trimmed-double-cradle.mp4
0253_perspective-left_take-2_trimmed-duck-and-dominos.mp4,Static locked-off single-shot with fixed frame throughout filmed with constant framerate in real-time. The scene shows a realistic scientific demonstration. The scene only contains the described setup and actions. A yellow rubber duck has been positioned in the middle of a line of black and white dominoes on a wooden table. The wooden stick attached to the black platform rotates clockwise and knocks the first domino block.,Solid Mechanics,0253_perspective-left_trimmed-duck-and-dominos.mp4
0254_perspective-center_take-2_trimmed-duck-and-dominos.mp4,Static locked-off single-shot with fixed frame throughout filmed with constant framerate in real-time. The scene shows a realistic scientific demonstration. The scene only contains the described setup and actions. A yellow rubber duck has been positioned in the middle of a line of black and white dominoes on a wooden table. The wooden stick attached to the black platform rotates clockwise and knocks the first domino block.,Solid Mechanics,0254_perspective-center_trimmed-duck-and-dominos.mp4
0255_perspective-right_take-2_trimmed-duck-and-dominos.mp4,Static locked-off single-shot with fixed frame throughout filmed with constant framerate in real-time. The scene shows a realistic scientific demonstration. The scene only contains the described setup and actions. A yellow rubber duck has been positioned in the middle of a line of black and white dominoes on a wooden table. The wooden stick attached to the black platform rotates clockwise and knocks the first domino block.,Solid Mechanics,0255_perspective-right_trimmed-duck-and-dominos.mp4
0256_perspective-left_take-2_trimmed-duck-falls-in-box.mp4,Static locked-off single-shot with fixed frame throughout filmed with constant framerate in real-time. The scene shows a realistic scientific demonstration. The scene only contains the described setup and actions. An orange-black grabber tool is suspended above the open dark green fabric box on a wooden table. The orange-black grabber tool releases the yellow rubber duck above the open dark green fabric box.,Solid Mechanics,0256_perspective-left_trimmed-duck-falls-in-box.mp4
0257_perspective-center_take-2_trimmed-duck-falls-in-box.mp4,Static locked-off single-shot with fixed frame throughout filmed with constant framerate in real-time. The scene shows a realistic scientific demonstration. The scene only contains the described setup and actions. An orange-black grabber tool is suspended above the open dark green fabric box on a wooden table. The orange-black grabber tool releases the yellow rubber duck above the open dark green fabric box.,Solid Mechanics,0257_perspective-center_trimmed-duck-falls-in-box.mp4
0258_perspective-right_take-2_trimmed-duck-falls-in-box.mp4,Static locked-off single-shot with fixed frame throughout filmed with constant framerate in real-time. The scene shows a realistic scientific demonstration. The scene only contains the described setup and actions. An orange-black grabber tool is suspended above the open dark green fabric box on a wooden table. The orange-black grabber tool releases the yellow rubber duck above the open dark green fabric box.,Solid Mechanics,0258_perspective-right_trimmed-duck-falls-in-box.mp4
0259_perspective-left_take-2_trimmed-duck-static.mp4,Static locked-off single-shot with fixed frame throughout filmed with constant framerate in real-time. The scene shows a realistic scientific demonstration. The scene only contains the described setup and actions. Behind the wooden table is a plain white background. The yellow rubber duck sits stationary on a light brown wooden table.,Solid Mechanics,0259_perspective-left_trimmed-duck-static.mp4
0260_perspective-center_take-2_trimmed-duck-static.mp4,Static locked-off single-shot with fixed frame throughout filmed with constant framerate in real-time. The scene shows a realistic scientific demonstration. The scene only contains the described setup and actions. Behind the wooden table is a plain white background. The yellow rubber duck sits stationary on a light brown wooden table.,Solid Mechanics,0260_perspective-center_trimmed-duck-static.mp4
0261_perspective-right_take-2_trimmed-duck-static.mp4,Static locked-off single-shot with fixed frame throughout filmed with constant framerate in real-time. The scene shows a realistic scientific demonstration. The scene only contains the described setup and actions. Behind the wooden table is a plain white background. The yellow rubber duck sits stationary on a light brown wooden table.,Solid Mechanics,0261_perspective-right_trimmed-duck-static.mp4
0295_perspective-left_take-2_trimmed-magnet-transparent-peakaboo.mp4,Static locked-off single-shot with fixed frame throughout filmed with constant framerate in real-time. The scene shows a realistic scientific demonstration. The scene only contains the described setup and actions. The clear acrylic box was suspended over the tennis ball with a smiley face. The tennis ball with the smiley is positioned on a wooden table. The clear acrylic box hanging from an orange cord lowers to cover the tennis ball with a smiley face.,Solid Mechanics,0295_perspective-left_trimmed-magnet-transparent-peakaboo.mp4
0296_perspective-center_take-2_trimmed-magnet-transparent-peakaboo.mp4,Static locked-off single-shot with fixed frame throughout filmed with constant framerate in real-time. The scene shows a realistic scientific demonstration. The scene only contains the described setup and actions. The clear acrylic box was suspended over the tennis ball with a smiley face. The tennis ball with the smiley is positioned on a wooden table. The clear acrylic box hanging from an orange cord lowers to cover the tennis ball with a smiley face.,Solid Mechanics,0296_perspective-center_trimmed-magnet-transparent-peakaboo.mp4
0297_perspective-right_take-2_trimmed-magnet-transparent-peakaboo.mp4,Static locked-off single-shot with fixed frame throughout filmed with constant framerate in real-time. The scene shows a realistic scientific demonstration. The scene only contains the described setup and actions. The clear acrylic box was suspended over the tennis ball with a smiley face. The tennis ball with the smiley is positioned on a wooden table. The clear acrylic box hanging from an orange cord lowers to cover the tennis ball with a smiley face.,Solid Mechanics,0297_perspective-right_trimmed-magnet-transparent-peakaboo.mp4
0301_perspective-left_take-2_trimmed-marble-run-x.mp4,Static locked-off single-shot with fixed frame throughout filmed with constant framerate in real-time. The scene shows a realistic scientific demonstration. The scene only contains the described setup and actions. The magnetic ramps are attached to a whiteboard for a game of marble run. The yellow glass marble is released at the top of the ramps and then slides down the magnetic ramps.,Solid Mechanics,0301_perspective-left_trimmed-marble-run-x.mp4
0302_perspective-center_take-2_trimmed-marble-run-x.mp4,Static locked-off single-shot with fixed frame throughout filmed with constant framerate in real-time. The scene shows a realistic scientific demonstration. The scene only contains the described setup and actions. The magnetic ramps are attached to a whiteboard for a game of marble run. The yellow glass marble is released at the top of the ramps and then slides down the magnetic ramps.,Solid Mechanics,0302_perspective-center_trimmed-marble-run-x.mp4
0303_perspective-right_take-2_trimmed-marble-run-x.mp4,Static locked-off single-shot with fixed frame throughout filmed with constant framerate in real-time. The scene shows a realistic scientific demonstration. The scene only contains the described setup and actions. The magnetic ramps are attached to a whiteboard for a game of marble run. The yellow glass marble is released at the top of the ramps and then slides down the magnetic ramps.,Solid Mechanics,0303_perspective-right_trimmed-marble-run-x.mp4
0304_perspective-left_take-2_trimmed-marble-run-y.mp4,Static locked-off single-shot with fixed frame throughout filmed with constant framerate in real-time. The scene shows a realistic scientific demonstration. The scene only contains the described setup and actions. The magnetic ramps are attached to a whiteboard for a game of marble run. The yellow glass marble is released at the top of the ramps and then slides down the magnetic ramps.,Solid Mechanics,0304_perspective-left_trimmed-marble-run-y.mp4
0305_perspective-center_take-2_trimmed-marble-run-y.mp4,Static locked-off single-shot with fixed frame throughout filmed with constant framerate in real-time. The scene shows a realistic scientific demonstration. The scene only contains the described setup and actions. The magnetic ramps are attached to a whiteboard for a game of marble run. The yellow glass marble is released at the top of the ramps and then slides down the magnetic ramps.,Solid Mechanics,0305_perspective-center_trimmed-marble-run-y.mp4
0306_perspective-right_take-2_trimmed-marble-run-y.mp4,Static locked-off single-shot with fixed frame throughout filmed with constant framerate in real-time. The scene shows a realistic scientific demonstration. The scene only contains the described setup and actions. The magnetic ramps are attached to a whiteboard for a game of marble run. The yellow glass marble is released at the top of the ramps and then slides down the magnetic ramps.,Solid Mechanics,0306_perspective-right_trimmed-marble-run-y.mp4
0322_perspective-left_take-2_trimmed-mug-breaks.mp4,Static locked-off single-shot with fixed frame throughout filmed with constant framerate in real-time. The scene shows a realistic scientific demonstration. The scene only contains the described setup and actions. The blue-black grabber tool was holding the yellow ceramic mug. The blue-black grabber tool is suspended over the ceramic block in front of a white projection screen. The blue-black grabber releases the yellow ceramic mug over the concrete brick.,Solid Mechanics,0322_perspective-left_trimmed-mug-breaks.mp4
0323_perspective-center_take-2_trimmed-mug-breaks.mp4,Static locked-off single-shot with fixed frame throughout filmed with constant framerate in real-time. The scene shows a realistic scientific demonstration. The scene only contains the described setup and actions. The blue-black grabber tool was holding the yellow ceramic mug. The blue-black grabber tool is suspended over the ceramic block in front of a white projection screen. The blue-black grabber releases the yellow ceramic mug over the concrete brick.,Solid Mechanics,0323_perspective-center_trimmed-mug-breaks.mp4
0324_perspective-right_take-2_trimmed-mug-breaks.mp4,Static locked-off single-shot with fixed frame throughout filmed with constant framerate in real-time. The scene shows a realistic scientific demonstration. The scene only contains the described setup and actions. The blue-black grabber tool was holding the yellow ceramic mug. The blue-black grabber tool is suspended over the ceramic block in front of a white projection screen. The blue-black grabber releases the yellow ceramic mug over the concrete brick.,Solid Mechanics,0324_perspective-right_trimmed-mug-breaks.mp4
0343_perspective-left_take-2_trimmed-roll-behind-box.mp4,Static locked-off single-shot with fixed frame throughout filmed with constant framerate in real-time. The scene shows a realistic scientific demonstration. The scene only contains the described setup and actions. A small white lampshade is on a light wooden table and a black tube points from the left side to the right side. The grey tennis ball rolls from the left straight out of the black tube over the entire table.,Solid Mechanics,0343_perspective-left_trimmed-roll-behind-box.mp4
0344_perspective-center_take-2_trimmed-roll-behind-box.mp4,Static locked-off single-shot with fixed frame throughout filmed with constant framerate in real-time. The scene shows a realistic scientific demonstration. The scene only contains the described setup and actions. A small white lampshade is on a light wooden table and a black tube points from the left side to the right side. The grey tennis ball rolls from the left straight out of the black tube over the entire table.,Solid Mechanics,0344_perspective-center_trimmed-roll-behind-box.mp4
0345_perspective-right_take-2_trimmed-roll-behind-box.mp4,Static locked-off single-shot with fixed frame throughout filmed with constant framerate in real-time. The scene shows a realistic scientific demonstration. The scene only contains the described setup and actions. A small white lampshade is on a light wooden table and a black tube points from the left side to the right side. The grey tennis ball rolls from the left straight out of the black tube over the entire table.,Solid Mechanics,0345_perspective-right_trimmed-roll-behind-box.mp4
0346_perspective-left_take-2_trimmed-roll-front-box.mp4,Static locked-off single-shot with fixed frame throughout filmed with constant framerate in real-time. The scene shows a realistic scientific demonstration. The scene only contains the described setup and actions. A small white lampshade is on a light wooden table and a black tube points from the left side to the right side. The brown tennis ball rolls from the left straight out of the black tube over the entire table.,Solid Mechanics,0346_perspective-left_trimmed-roll-front-box.mp4
0347_perspective-center_take-2_trimmed-roll-front-box.mp4,Static locked-off single-shot with fixed frame throughout filmed with constant framerate in real-time. The scene shows a realistic scientific demonstration. The scene only contains the described setup and actions. A small white lampshade is on a light wooden table and a black tube points from the left side to the right side. The brown tennis ball rolls from the left straight out of the black tube over the entire table.,Solid Mechanics,0347_perspective-center_trimmed-roll-front-box.mp4
0348_perspective-right_take-2_trimmed-roll-front-box.mp4,Static locked-off single-shot with fixed frame throughout filmed with constant framerate in real-time. The scene shows a realistic scientific demonstration. The scene only contains the described setup and actions. A small white lampshade is on a light wooden table and a black tube points from the left side to the right side. The brown tennis ball rolls from the left straight out of the black tube over the entire table.,Solid Mechanics,0348_perspective-right_trimmed-roll-front-box.mp4
0349_perspective-left_take-2_trimmed-roll-in-box.mp4,Static locked-off single-shot with fixed frame throughout filmed with constant framerate in real-time. The scene shows a realistic scientific demonstration. The scene only contains the described setup and actions. The olive green fabric box is on a light wooden table and a black tube points from the left side to the right side. The brown tennis ball rolls from the left straight out of the black tube and hits the olive green fabric box.,Solid Mechanics,0349_perspective-left_trimmed-roll-in-box.mp4
0350_perspective-center_take-2_trimmed-roll-in-box.mp4,Static locked-off single-shot with fixed frame throughout filmed with constant framerate in real-time. The scene shows a realistic scientific demonstration. The scene only contains the described setup and actions. The olive green fabric box is on a light wooden table and a black tube points from the left side to the right side. The brown tennis ball rolls from the left straight out of the black tube and hits the olive green fabric box.,Solid Mechanics,0350_perspective-center_trimmed-roll-in-box.mp4
0351_perspective-right_take-2_trimmed-roll-in-box.mp4,Static locked-off single-shot with fixed frame throughout filmed with constant framerate in real-time. The scene shows a realistic scientific demonstration. The scene only contains the described setup and actions. The olive green fabric box is on a light wooden table and a black tube points from the left side to the right side. The brown tennis ball rolls from the left straight out of the black tube and hits the olive green fabric box.,Solid Mechanics,0351_perspective-right_trimmed-roll-in-box.mp4
0355_perspective-left_take-2_trimmed-silk-cover.mp4,Static locked-off single-shot with fixed frame throughout filmed with constant framerate in real-time. The scene shows a realistic scientific demonstration. The scene only contains the described setup and actions. The teapot is on a wooden table. The piece of silk fabric is lowered over the teapot and covers it.,Solid Mechanics,0355_perspective-left_trimmed-silk-cover.mp4
0356_perspective-center_take-2_trimmed-silk-cover.mp4,Static locked-off single-shot with fixed frame throughout filmed with constant framerate in real-time. The scene shows a realistic scientific demonstration. The scene only contains the described setup and actions. The teapot is on a wooden table. The piece of silk fabric is lowered over the teapot and covers it.,Solid Mechanics,0356_perspective-center_trimmed-silk-cover.mp4
0357_perspective-right_take-2_trimmed-silk-cover.mp4,Static locked-off single-shot with fixed frame throughout filmed with constant framerate in real-time. The scene shows a realistic scientific demonstration. The scene only contains the described setup and actions. The teapot is on a wooden table. The piece of silk fabric is lowered over the teapot and covers it.,Solid Mechanics,0357_perspective-right_trimmed-silk-cover.mp4
0358_perspective-left_take-2_trimmed-single-cradle.mp4,Static locked-off single-shot with fixed frame throughout filmed with constant framerate in real-time. The scene shows a realistic scientific demonstration. The scene only contains the described setup and actions. The blue-black grabber tool was holding one metal ball at the position of the amplitude of the Newton's cradle. The Newton's cradle with five metal balls is sitting on a table. One metal ball of the Newton's cradle device is released by the blue-black grabber tool.,Solid Mechanics,0358_perspective-left_trimmed-single-cradle.mp4
0359_perspective-center_take-2_trimmed-single-cradle.mp4,Static locked-off single-shot with fixed frame throughout filmed with constant framerate in real-time. The scene shows a realistic scientific demonstration. The scene only contains the described setup and actions. The blue-black grabber tool was holding one metal ball at the position of the amplitude of the Newton's cradle. The Newton's cradle with five metal balls is sitting on a table. One metal ball of the Newton's cradle device is released by the blue-black grabber tool.,Solid Mechanics,0359_perspective-center_trimmed-single-cradle.mp4
0360_perspective-right_take-2_trimmed-single-cradle.mp4,Static locked-off single-shot with fixed frame throughout filmed with constant framerate in real-time. The scene shows a realistic scientific demonstration. The scene only contains the described setup and actions. The blue-black grabber tool was holding one metal ball at the position of the amplitude of the Newton's cradle. The Newton's cradle with five metal balls is sitting on a table. One metal ball of the Newton's cradle device is released by the blue-black grabber tool.,Solid Mechanics,0360_perspective-right_trimmed-single-cradle.mp4
0364_perspective-left_take-2_trimmed-smiley-ball-rotates.mp4,Static locked-off single-shot with fixed frame throughout filmed with constant framerate in real-time. The scene shows a realistic scientific demonstration. The scene only contains the described setup and actions. The tennis ball with a smiley face rotates slowly clockwise on the black platform.,Solid Mechanics,0364_perspective-left_trimmed-smiley-ball-rotates.mp4
0365_perspective-center_take-2_trimmed-smiley-ball-rotates.mp4,Static locked-off single-shot with fixed frame throughout filmed with constant framerate in real-time. The scene shows a realistic scientific demonstration. The scene only contains the described setup and actions. The tennis ball with a smiley face rotates slowly clockwise on the black platform.,Solid Mechanics,0365_perspective-center_trimmed-smiley-ball-rotates.mp4
0366_perspective-right_take-2_trimmed-smiley-ball-rotates.mp4,Static locked-off single-shot with fixed frame throughout filmed with constant framerate in real-time. The scene shows a realistic scientific demonstration. The scene only contains the described setup and actions. The tennis ball with a smiley face rotates slowly clockwise on the black platform.,Solid Mechanics,0366_perspective-right_trimmed-smiley-ball-rotates.mp4
0367_perspective-left_take-2_trimmed-solid-ball-peakaboo.mp4,Static locked-off single-shot with fixed frame throughout filmed with constant framerate in real-time. The scene shows a realistic scientific demonstration. The scene only contains the described setup and actions. The orange tennis ball is on the table. The woven basket is attached to a strong magnet that is connected to an orange cord. The woven basket hanging on an orange cord covers the ball and is then lifted to the top of the frame.,Solid Mechanics,0367_perspective-left_trimmed-solid-ball-peakaboo.mp4
0368_perspective-center_take-2_trimmed-solid-ball-peakaboo.mp4,Static locked-off single-shot with fixed frame throughout filmed with constant framerate in real-time. The scene shows a realistic scientific demonstration. The scene only contains the described setup and actions. The orange tennis ball is on the table. The woven basket is attached to a strong magnet that is connected to an orange cord. The woven basket hanging on an orange cord covers the ball and is then lifted to the top of the frame.,Solid Mechanics,0368_perspective-center_trimmed-solid-ball-peakaboo.mp4
0369_perspective-right_take-2_trimmed-solid-ball-peakaboo.mp4,Static locked-off single-shot with fixed frame throughout filmed with constant framerate in real-time. The scene shows a realistic scientific demonstration. The scene only contains the described setup and actions. The orange tennis ball is on the table. The woven basket is attached to a strong magnet that is connected to an orange cord. The woven basket hanging on an orange cord covers the ball and is then lifted to the top of the frame.,Solid Mechanics,0369_perspective-right_trimmed-solid-ball-peakaboo.mp4
0370_perspective-left_take-2_trimmed-stable-blocks.mp4,Static locked-off single-shot with fixed frame throughout filmed with constant framerate in real-time. The scene shows a realistic scientific demonstration. The scene only contains the described setup and actions. A pink block is carefully placed atop a simple structure of colorful blocks that resembles a gate by a blue-black grabber tool that then retracts upward.,Solid Mechanics,0370_perspective-left_trimmed-stable-blocks.mp4
0371_perspective-center_take-2_trimmed-stable-blocks.mp4,Static locked-off single-shot with fixed frame throughout filmed with constant framerate in real-time. The scene shows a realistic scientific demonstration. The scene only contains the described setup and actions. A pink block is carefully placed atop a simple structure of colorful blocks that resembles a gate by a blue-black grabber tool that then retracts upward.,Solid Mechanics,0371_perspective-center_trimmed-stable-blocks.mp4
0372_perspective-right_take-2_trimmed-stable-blocks.mp4,Static locked-off single-shot with fixed frame throughout filmed with constant framerate in real-time. The scene shows a realistic scientific demonstration. The scene only contains the described setup and actions. A pink block is carefully placed atop a simple structure of colorful blocks that resembles a gate by a blue-black grabber tool that then retracts upward.,Solid Mechanics,0372_perspective-right_trimmed-stable-blocks.mp4
0373_perspective-left_take-2_trimmed-teapot-rotates.mp4,Static locked-off single-shot with fixed frame throughout filmed with constant framerate in real-time. The scene shows a realistic scientific demonstration. The scene only contains the described setup and actions. The teapot sits on the black platform. The teapot rotates slowly clockwise on the black platform.,Solid Mechanics,0373_perspective-left_trimmed-teapot-rotates.mp4
0374_perspective-center_take-2_trimmed-teapot-rotates.mp4,Static locked-off single-shot with fixed frame throughout filmed with constant framerate in real-time. The scene shows a realistic scientific demonstration. The scene only contains the described setup and actions. The teapot sits on the black platform. The teapot rotates slowly clockwise on the black platform.,Solid Mechanics,0374_perspective-center_trimmed-teapot-rotates.mp4
0375_perspective-right_take-2_trimmed-teapot-rotates.mp4,Static locked-off single-shot with fixed frame throughout filmed with constant framerate in real-time. The scene shows a realistic scientific demonstration. The scene only contains the described setup and actions. The teapot sits on the black platform. The teapot rotates slowly clockwise on the black platform.,Solid Mechanics,0375_perspective-right_trimmed-teapot-rotates.mp4
0376_perspective-left_take-2_trimmed-two-balls-pass.mp4,"Static locked-off single-shot with fixed frame throughout filmed with constant framerate in real-time. The scene shows a realistic scientific demonstration. The scene only contains the described setup and actions. The two black pipes are on opposite sides of the light-colored wooden table, but offset of each other. The brown and the grey tennis balls roll with high speed straight out of the two black pipes.",Solid Mechanics,0376_perspective-left_trimmed-two-balls-pass.mp4
0377_perspective-center_take-2_trimmed-two-balls-pass.mp4,"Static locked-off single-shot with fixed frame throughout filmed with constant framerate in real-time. The scene shows a realistic scientific demonstration. The scene only contains the described setup and actions. The two black pipes are on opposite sides of the light-colored wooden table, but offset of each other. The brown and the grey tennis balls roll with high speed straight out of the two black pipes.",Solid Mechanics,0377_perspective-center_trimmed-two-balls-pass.mp4
0378_perspective-right_take-2_trimmed-two-balls-pass.mp4,"Static locked-off single-shot with fixed frame throughout filmed with constant framerate in real-time. The scene shows a realistic scientific demonstration. The scene only contains the described setup and actions. The two black pipes are on opposite sides of the light-colored wooden table, but offset of each other. The brown and the grey tennis balls roll with high speed straight out of the two black pipes.",Solid Mechanics,0378_perspective-right_trimmed-two-balls-pass.mp4
0379_perspective-left_take-2_trimmed-unstable-block-stack.mp4,"Static locked-off single-shot with fixed frame throughout filmed with constant framerate in real-time. The scene shows a realistic scientific demonstration. The scene only contains the described setup and actions. The yellow block is balanced on the red block, forming an L shape. The blue wooden block is placed by the orange-black grabber tool atop the yellow block.",Solid Mechanics,0379_perspective-left_trimmed-unstable-block-stack.mp4
0380_perspective-center_take-2_trimmed-unstable-block-stack.mp4,"Static locked-off single-shot with fixed frame throughout filmed with constant framerate in real-time. The scene shows a realistic scientific demonstration. The scene only contains the described setup and actions. The yellow block is balanced on the red block, forming an L shape. The blue wooden block is placed by the orange-black grabber tool atop the yellow block.",Solid Mechanics,0380_perspective-center_trimmed-unstable-block-stack.mp4
0381_perspective-right_take-2_trimmed-unstable-block-stack.mp4,"Static locked-off single-shot with fixed frame throughout filmed with constant framerate in real-time. The scene shows a realistic scientific demonstration. The scene only contains the described setup and actions. The yellow block is balanced on the red block, forming an L shape. The blue wooden block is placed by the orange-black grabber tool atop the yellow block.",Solid Mechanics,0381_perspective-right_trimmed-unstable-block-stack.mp4
0385_perspective-left_take-2_trimmed-weight-on-ceramic.mp4,Static locked-off single-shot with fixed frame throughout filmed with constant framerate in real-time. The scene shows a realistic scientific demonstration. The scene only contains the described setup and actions. The yellow ceramic mug is on a wooden table. The 30lb kettlebell is placed on top of the yellow ceramic mug.,Solid Mechanics,0385_perspective-left_trimmed-weight-on-ceramic.mp4
0386_perspective-center_take-2_trimmed-weight-on-ceramic.mp4,Static locked-off single-shot with fixed frame throughout filmed with constant framerate in real-time. The scene shows a realistic scientific demonstration. The scene only contains the described setup and actions. The yellow ceramic mug is on a wooden table. The 30lb kettlebell is placed on top of the yellow ceramic mug.,Solid Mechanics,0386_perspective-center_trimmed-weight-on-ceramic.mp4
0387_perspective-right_take-2_trimmed-weight-on-ceramic.mp4,Static locked-off single-shot with fixed frame throughout filmed with constant framerate in real-time. The scene shows a realistic scientific demonstration. The scene only contains the described setup and actions. The yellow ceramic mug is on a wooden table. The 30lb kettlebell is placed on top of the yellow ceramic mug.,Solid Mechanics,0387_perspective-right_trimmed-weight-on-ceramic.mp4
0388_perspective-left_take-2_trimmed-weight-on-paper.mp4,Static locked-off single-shot with fixed frame throughout filmed with constant framerate in real-time. The scene shows a realistic scientific demonstration. The scene only contains the described setup and actions. The white styrofoam cup is on a wooden table. The 30lb kettlebell is placed on top of the white styrofoam cup.,Solid Mechanics,0388_perspective-left_trimmed-weight-on-paper.mp4
0389_perspective-center_take-2_trimmed-weight-on-paper.mp4,Static locked-off single-shot with fixed frame throughout filmed with constant framerate in real-time. The scene shows a realistic scientific demonstration. The scene only contains the described setup and actions. The white styrofoam cup is on a wooden table. The 30lb kettlebell is placed on top of the white styrofoam cup.,Solid Mechanics,0389_perspective-center_trimmed-weight-on-paper.mp4
0390_perspective-right_take-2_trimmed-weight-on-paper.mp4,Static locked-off single-shot with fixed frame throughout filmed with constant framerate in real-time. The scene shows a realistic scientific demonstration. The scene only contains the described setup and actions. The white styrofoam cup is on a wooden table. The 30lb kettlebell is placed on top of the white styrofoam cup.,Solid Mechanics,0390_perspective-right_trimmed-weight-on-paper.mp4
0391_perspective-left_take-2_trimmed-weight-on-pillow.mp4,Static locked-off single-shot with fixed frame throughout filmed with constant framerate in real-time. The scene shows a realistic scientific demonstration. The scene only contains the described setup and actions. The 30-lb kettlebell and the green piece of paper are each placed onto the pillow below them simultaneously.,Solid Mechanics,0391_perspective-left_trimmed-weight-on-pillow.mp4
0392_perspective-center_take-2_trimmed-weight-on-pillow.mp4,Static locked-off single-shot with fixed frame throughout filmed with constant framerate in real-time. The scene shows a realistic scientific demonstration. The scene only contains the described setup and actions. The 30-lb kettlebell and the green piece of paper are each placed onto the pillow below them simultaneously.,Solid Mechanics,0392_perspective-center_trimmed-weight-on-pillow.mp4
0393_perspective-right_take-2_trimmed-weight-on-pillow.mp4,Static locked-off single-shot with fixed frame throughout filmed with constant framerate in real-time. The scene shows a realistic scientific demonstration. The scene only contains the described setup and actions. The 30-lb kettlebell and the green piece of paper are each placed onto the pillow below them simultaneously.,Solid Mechanics,0393_perspective-right_trimmed-weight-on-pillow.mp4
0394_perspective-left_take-2_trimmed-weight-protects-duck.mp4,Static locked-off single-shot with fixed frame throughout filmed with constant framerate in real-time. The scene shows a realistic scientific demonstration. The scene only contains the described setup and actions. The 30lb kettlebell and the yellow rubber duck sit on a light-colored wooden table. The black pipe is on the left side of the table and points to the right. The grey tennis ball rolls swiftly straight out of the black pipe from the left side and hits the 30lb kettlebell.,Solid Mechanics,0394_perspective-left_trimmed-weight-protects-duck.mp4
0395_perspective-center_take-2_trimmed-weight-protects-duck.mp4,Static locked-off single-shot with fixed frame throughout filmed with constant framerate in real-time. The scene shows a realistic scientific demonstration. The scene only contains the described setup and actions. The 30lb kettlebell and the yellow rubber duck sit on a light-colored wooden table. The black pipe is on the left side of the table and points to the right. The grey tennis ball rolls swiftly straight out of the black pipe from the left side and hits the 30lb kettlebell.,Solid Mechanics,0395_perspective-center_trimmed-weight-protects-duck.mp4
0396_perspective-right_take-2_trimmed-weight-protects-duck.mp4,Static locked-off single-shot with fixed frame throughout filmed with constant framerate in real-time. The scene shows a realistic scientific demonstration. The scene only contains the described setup and actions. The 30lb kettlebell and the yellow rubber duck sit on a light-colored wooden table. The black pipe is on the left side of the table and points to the right. The grey tennis ball rolls swiftly straight out of the black pipe from the left side and hits the 30lb kettlebell.,Solid Mechanics,0396_perspective-right_trimmed-weight-protects-duck.mp4
