family,case,axis,axis_value,seed,variant,origin,outcome_px,window_start,window_end,track_path
drop,006_S02_V3-01_drop__m1,e,0.316227764,42,original,existing_anchor,0.06005803002921084,16,22,archive/evaluations/20260909_corrected_pcf_m_balance/tracking/trajectories/h2/006_S02_V3-01_drop__m1/pd66_006_S02_V3-01_drop__m1__eL0__s42.json
drop,006_S02_V3-01_drop__m1,e,0.547722578,42,original,existing_anchor,42.75426895550885,12,14,archive/evaluations/20260909_corrected_pcf_m_balance/tracking/trajectories/h2/006_S02_V3-01_drop__m1/pd66_006_S02_V3-01_drop__m1__eL1__s42.json
drop,006_S02_V3-01_drop__m1,e,0.707106769,42,original,existing_anchor,67.90636541715946,13,14,archive/evaluations/20260909_corrected_pcf_m_balance/tracking/trajectories/h2/006_S02_V3-01_drop__m1/pd66_006_S02_V3-01_drop__m1__CENTER__s42.json
drop,006_S02_V3-01_drop__m1,e,0.836660028,42,original,existing_anchor,81.61688857269141,12,14,archive/evaluations/20260909_corrected_pcf_m_balance/tracking/trajectories/h2/006_S02_V3-01_drop__m1/pd66_006_S02_V3-01_drop__m1__eL3__s42.json
drop,006_S02_V3-01_drop__m1,e,0.948683321,42,original,existing_anchor,87.89893729856232,12,14,archive/evaluations/20260909_corrected_pcf_m_balance/tracking/trajectories/h2/006_S02_V3-01_drop__m1/pd66_006_S02_V3-01_drop__m1__eL4__s42.json
drop,006_S02_V3-01_drop__m1,e,0.374101,42,original,dense_addition,2.391351463499518,13,22,archive/evaluations/20260916_evidence_B_diverse_dense4_v01/tracking/trajectories/original/006_S02_V3-01_drop__m1/pd66_006_S02_V3-01_drop__m1__e0.374101__s42__original_diverse4.json
drop,006_S02_V3-01_drop__m1,e,0.431975,42,original,dense_addition,9.458300846397208,12,16,archive/evaluations/20260916_evidence_B_diverse_dense4_v01/tracking/trajectories/original/006_S02_V3-01_drop__m1/pd66_006_S02_V3-01_drop__m1__e0.431975__s42__original_diverse4.json
drop,006_S02_V3-01_drop__m1,e,0.489849,42,original,dense_addition,15.023251745909192,12,16,archive/evaluations/20260916_evidence_B_diverse_dense4_v01/tracking/trajectories/original/006_S02_V3-01_drop__m1/pd66_006_S02_V3-01_drop__m1__e0.489849__s42__original_diverse4.json
drop,006_S02_V3-01_drop__m1,e,0.587569,42,original,dense_addition,46.72890760665638,12,14,archive/evaluations/20260916_evidence_B_diverse_dense4_v01/tracking/trajectories/original/006_S02_V3-01_drop__m1/pd66_006_S02_V3-01_drop__m1__e0.587569__s42__original_diverse4.json
drop,006_S02_V3-01_drop__m1,e,0.627415,42,original,dense_addition,50.72176234724179,13,14,archive/evaluations/20260916_evidence_B_diverse_dense4_v01/tracking/trajectories/original/006_S02_V3-01_drop__m1/pd66_006_S02_V3-01_drop__m1__e0.627415__s42__original_diverse4.json
drop,006_S02_V3-01_drop__m1,e,0.667261,42,original,dense_addition,52.10325538573875,13,14,archive/evaluations/20260916_evidence_B_diverse_dense4_v01/tracking/trajectories/original/006_S02_V3-01_drop__m1/pd66_006_S02_V3-01_drop__m1__e0.667261__s42__original_diverse4.json
drop,006_S02_V3-01_drop__m1,e,0.739495,42,original,dense_addition,69.59200931535389,12,13,archive/evaluations/20260916_evidence_B_diverse_dense4_v01/tracking/trajectories/original/006_S02_V3-01_drop__m1/pd66_006_S02_V3-01_drop__m1__e0.739495__s42__original_diverse4.json
drop,006_S02_V3-01_drop__m1,e,0.771883,42,original,dense_addition,72.38580005404577,13,13,archive/evaluations/20260916_evidence_B_diverse_dense4_v01/tracking/trajectories/original/006_S02_V3-01_drop__m1/pd66_006_S02_V3-01_drop__m1__e0.771883__s42__original_diverse4.json
drop,006_S02_V3-01_drop__m1,e,0.804272,42,original,dense_addition,79.9579056684002,12,14,archive/evaluations/20260916_evidence_B_diverse_dense4_v01/tracking/trajectories/original/006_S02_V3-01_drop__m1/pd66_006_S02_V3-01_drop__m1__e0.804272__s42__original_diverse4.json
drop,006_S02_V3-01_drop__m1,e,0.864666,42,original,dense_addition,84.4596750987522,12,14,archive/evaluations/20260916_evidence_B_diverse_dense4_v01/tracking/trajectories/original/006_S02_V3-01_drop__m1/pd66_006_S02_V3-01_drop__m1__e0.864666__s42__original_diverse4.json
drop,006_S02_V3-01_drop__m1,e,0.892672,42,original,dense_addition,85.21560381454358,12,14,archive/evaluations/20260916_evidence_B_diverse_dense4_v01/tracking/trajectories/original/006_S02_V3-01_drop__m1/pd66_006_S02_V3-01_drop__m1__e0.892672__s42__original_diverse4.json
drop,006_S02_V3-01_drop__m1,e,0.920677,42,original,dense_addition,85.03566586792371,12,14,archive/evaluations/20260916_evidence_B_diverse_dense4_v01/tracking/trajectories/original/006_S02_V3-01_drop__m1/pd66_006_S02_V3-01_drop__m1__e0.920677__s42__original_diverse4.json
drop,006_S02_V3-01_drop__m1,e,0.316227764,42,removed,existing_anchor,7.874985035642396,12,16,archive/evaluations/20260916_evidence_B_exhaustive75x3_v01/removed/tracking/trajectories/removed/006_S02_V3-01_drop__m1/pd66_006_S02_V3-01_drop__m1__eL0__s42__e_message_removed_exhaustive.json
drop,006_S02_V3-01_drop__m1,e,0.547722578,42,removed,existing_anchor,7.681416785139959,12,16,archive/evaluations/20260916_evidence_B_exhaustive75x3_v01/removed/tracking/trajectories/removed/006_S02_V3-01_drop__m1/pd66_006_S02_V3-01_drop__m1__eL1__s42__e_message_removed_exhaustive.json
drop,006_S02_V3-01_drop__m1,e,0.707106769,42,removed,existing_anchor,7.899146668769276,12,16,archive/evaluations/20260916_evidence_B_exhaustive75x3_v01/removed/tracking/trajectories/removed/006_S02_V3-01_drop__m1/pd66_006_S02_V3-01_drop__m1__CENTER__s42__e_message_removed_exhaustive.json
drop,006_S02_V3-01_drop__m1,e,0.836660028,42,removed,existing_anchor,7.881417859354087,12,16,archive/evaluations/20260916_evidence_B_exhaustive75x3_v01/removed/tracking/trajectories/removed/006_S02_V3-01_drop__m1/pd66_006_S02_V3-01_drop__m1__eL3__s42__e_message_removed_exhaustive.json
drop,006_S02_V3-01_drop__m1,e,0.948683321,42,removed,existing_anchor,7.919525888958219,12,16,archive/evaluations/20260916_evidence_B_exhaustive75x3_v01/removed/tracking/trajectories/removed/006_S02_V3-01_drop__m1/pd66_006_S02_V3-01_drop__m1__eL4__s42__e_message_removed_exhaustive.json
drop,006_S02_V3-01_drop__m1,e,0.374101,42,removed,dense_addition,7.835308796007439,12,16,archive/evaluations/20260916_evidence_B_diverse_dense4_v01/tracking/trajectories/removed/006_S02_V3-01_drop__m1/pd66_006_S02_V3-01_drop__m1__e0.374101__s42__removed_diverse4.json
drop,006_S02_V3-01_drop__m1,e,0.431975,42,removed,dense_addition,7.940402189367774,12,16,archive/evaluations/20260916_evidence_B_diverse_dense4_v01/tracking/trajectories/removed/006_S02_V3-01_drop__m1/pd66_006_S02_V3-01_drop__m1__e0.431975__s42__removed_diverse4.json
drop,006_S02_V3-01_drop__m1,e,0.489849,42,removed,dense_addition,7.888368702747869,12,16,archive/evaluations/20260916_evidence_B_diverse_dense4_v01/tracking/trajectories/removed/006_S02_V3-01_drop__m1/pd66_006_S02_V3-01_drop__m1__e0.489849__s42__removed_diverse4.json
drop,006_S02_V3-01_drop__m1,e,0.587569,42,removed,dense_addition,7.836989088031771,12,16,archive/evaluations/20260916_evidence_B_diverse_dense4_v01/tracking/trajectories/removed/006_S02_V3-01_drop__m1/pd66_006_S02_V3-01_drop__m1__e0.587569__s42__removed_diverse4.json
drop,006_S02_V3-01_drop__m1,e,0.627415,42,removed,dense_addition,7.906774394033562,12,16,archive/evaluations/20260916_evidence_B_diverse_dense4_v01/tracking/trajectories/removed/006_S02_V3-01_drop__m1/pd66_006_S02_V3-01_drop__m1__e0.627415__s42__removed_diverse4.json
drop,006_S02_V3-01_drop__m1,e,0.667261,42,removed,dense_addition,8.049097736441183,12,16,archive/evaluations/20260916_evidence_B_diverse_dense4_v01/tracking/trajectories/removed/006_S02_V3-01_drop__m1/pd66_006_S02_V3-01_drop__m1__e0.667261__s42__removed_diverse4.json
drop,006_S02_V3-01_drop__m1,e,0.739495,42,removed,dense_addition,7.943107175845512,12,16,archive/evaluations/20260916_evidence_B_diverse_dense4_v01/tracking/trajectories/removed/006_S02_V3-01_drop__m1/pd66_006_S02_V3-01_drop__m1__e0.739495__s42__removed_diverse4.json
drop,006_S02_V3-01_drop__m1,e,0.771883,42,removed,dense_addition,7.876935869371891,12,16,archive/evaluations/20260916_evidence_B_diverse_dense4_v01/tracking/trajectories/removed/006_S02_V3-01_drop__m1/pd66_006_S02_V3-01_drop__m1__e0.771883__s42__removed_diverse4.json
drop,006_S02_V3-01_drop__m1,e,0.804272,42,removed,dense_addition,7.993387318221323,12,16,archive/evaluations/20260916_evidence_B_diverse_dense4_v01/tracking/trajectories/removed/006_S02_V3-01_drop__m1/pd66_006_S02_V3-01_drop__m1__e0.804272__s42__removed_diverse4.json
drop,006_S02_V3-01_drop__m1,e,0.864666,42,removed,dense_addition,7.717833603192503,12,16,archive/evaluations/20260916_evidence_B_diverse_dense4_v01/tracking/trajectories/removed/006_S02_V3-01_drop__m1/pd66_006_S02_V3-01_drop__m1__e0.864666__s42__removed_diverse4.json
drop,006_S02_V3-01_drop__m1,e,0.892672,42,removed,dense_addition,7.986214585335517,12,16,archive/evaluations/20260916_evidence_B_diverse_dense4_v01/tracking/trajectories/removed/006_S02_V3-01_drop__m1/pd66_006_S02_V3-01_drop__m1__e0.892672__s42__removed_diverse4.json
drop,006_S02_V3-01_drop__m1,e,0.920677,42,removed,dense_addition,7.926433915211987,12,16,archive/evaluations/20260916_evidence_B_diverse_dense4_v01/tracking/trajectories/removed/006_S02_V3-01_drop__m1/pd66_006_S02_V3-01_drop__m1__e0.920677__s42__removed_diverse4.json
drop,006_S02_V3-01_drop__m1,e,0.316227764,3407,original,existing_anchor,1.2002179689855552,15,22,archive/evaluations/20260909_corrected_pcf_m_balance/tracking/trajectories/h2/006_S02_V3-01_drop__m1/pd66_006_S02_V3-01_drop__m1__eL0__s3407.json
drop,006_S02_V3-01_drop__m1,e,0.547722578,3407,original,existing_anchor,38.45438692183262,12,15,archive/evaluations/20260909_corrected_pcf_m_balance/tracking/trajectories/h2/006_S02_V3-01_drop__m1/pd66_006_S02_V3-01_drop__m1__eL1__s3407.json
drop,006_S02_V3-01_drop__m1,e,0.707106769,3407,original,existing_anchor,52.670012903779764,13,13,archive/evaluations/20260909_corrected_pcf_m_balance/tracking/trajectories/h2/006_S02_V3-01_drop__m1/pd66_006_S02_V3-01_drop__m1__CENTER__s3407.json
drop,006_S02_V3-01_drop__m1,e,0.836660028,3407,original,existing_anchor,69.04832480695904,12,14,archive/evaluations/20260909_corrected_pcf_m_balance/tracking/trajectories/h2/006_S02_V3-01_drop__m1/pd66_006_S02_V3-01_drop__m1__eL3__s3407.json
drop,006_S02_V3-01_drop__m1,e,0.948683321,3407,original,existing_anchor,76.4676252261493,12,14,archive/evaluations/20260909_corrected_pcf_m_balance/tracking/trajectories/h2/006_S02_V3-01_drop__m1/pd66_006_S02_V3-01_drop__m1__eL4__s3407.json
drop,006_S02_V3-01_drop__m1,e,0.374101,3407,original,dense_addition,7.277213523454122,14,22,archive/evaluations/20260916_evidence_B_diverse_dense4_v01/tracking/trajectories/original/006_S02_V3-01_drop__m1/pd66_006_S02_V3-01_drop__m1__e0.374101__s3407__original_diverse4.json
drop,006_S02_V3-01_drop__m1,e,0.431975,3407,original,dense_addition,23.030345597290648,15,22,archive/evaluations/20260916_evidence_B_diverse_dense4_v01/tracking/trajectories/original/006_S02_V3-01_drop__m1/pd66_006_S02_V3-01_drop__m1__e0.431975__s3407__original_diverse4.json
drop,006_S02_V3-01_drop__m1,e,0.489849,3407,original,dense_addition,31.35066175684011,13,15,archive/evaluations/20260916_evidence_B_diverse_dense4_v01/tracking/trajectories/original/006_S02_V3-01_drop__m1/pd66_006_S02_V3-01_drop__m1__e0.489849__s3407__original_diverse4.json
drop,006_S02_V3-01_drop__m1,e,0.587569,3407,original,dense_addition,41.47268768401352,12,15,archive/evaluations/20260916_evidence_B_diverse_dense4_v01/tracking/trajectories/original/006_S02_V3-01_drop__m1/pd66_006_S02_V3-01_drop__m1__e0.587569__s3407__original_diverse4.json
drop,006_S02_V3-01_drop__m1,e,0.627415,3407,original,dense_addition,44.07033334339286,13,13,archive/evaluations/20260916_evidence_B_diverse_dense4_v01/tracking/trajectories/original/006_S02_V3-01_drop__m1/pd66_006_S02_V3-01_drop__m1__e0.627415__s3407__original_diverse4.json
drop,006_S02_V3-01_drop__m1,e,0.667261,3407,original,dense_addition,52.895466983705035,13,13,archive/evaluations/20260916_evidence_B_diverse_dense4_v01/tracking/trajectories/original/006_S02_V3-01_drop__m1/pd66_006_S02_V3-01_drop__m1__e0.667261__s3407__original_diverse4.json
drop,006_S02_V3-01_drop__m1,e,0.739495,3407,original,dense_addition,49.68671796767882,13,13,archive/evaluations/20260916_evidence_B_diverse_dense4_v01/tracking/trajectories/original/006_S02_V3-01_drop__m1/pd66_006_S02_V3-01_drop__m1__e0.739495__s3407__original_diverse4.json
drop,006_S02_V3-01_drop__m1,e,0.771883,3407,original,dense_addition,59.66398690990508,13,13,archive/evaluations/20260916_evidence_B_diverse_dense4_v01/tracking/trajectories/original/006_S02_V3-01_drop__m1/pd66_006_S02_V3-01_drop__m1__e0.771883__s3407__original_diverse4.json
drop,006_S02_V3-01_drop__m1,e,0.804272,3407,original,dense_addition,66.24818329478899,12,14,archive/evaluations/20260916_evidence_B_diverse_dense4_v01/tracking/trajectories/original/006_S02_V3-01_drop__m1/pd66_006_S02_V3-01_drop__m1__e0.804272__s3407__original_diverse4.json
drop,006_S02_V3-01_drop__m1,e,0.864666,3407,original,dense_addition,70.86056140529524,12,14,archive/evaluations/20260916_evidence_B_diverse_dense4_v01/tracking/trajectories/original/006_S02_V3-01_drop__m1/pd66_006_S02_V3-01_drop__m1__e0.864666__s3407__original_diverse4.json
drop,006_S02_V3-01_drop__m1,e,0.892672,3407,original,dense_addition,72.14878381962862,12,14,archive/evaluations/20260916_evidence_B_diverse_dense4_v01/tracking/trajectories/original/006_S02_V3-01_drop__m1/pd66_006_S02_V3-01_drop__m1__e0.892672__s3407__original_diverse4.json
drop,006_S02_V3-01_drop__m1,e,0.920677,3407,original,dense_addition,75.77326202368613,12,14,archive/evaluations/20260916_evidence_B_diverse_dense4_v01/tracking/trajectories/original/006_S02_V3-01_drop__m1/pd66_006_S02_V3-01_drop__m1__e0.920677__s3407__original_diverse4.json
drop,006_S02_V3-01_drop__m1,e,0.316227764,3407,removed,existing_anchor,44.77985566689165,13,15,archive/evaluations/20260916_evidence_B_exhaustive75x3_v01/removed/tracking/trajectories/removed/006_S02_V3-01_drop__m1/pd66_006_S02_V3-01_drop__m1__eL0__s3407__e_message_removed_exhaustive.json
drop,006_S02_V3-01_drop__m1,e,0.547722578,3407,removed,existing_anchor,44.54424767923189,13,15,archive/evaluations/20260916_evidence_B_exhaustive75x3_v01/removed/tracking/trajectories/removed/006_S02_V3-01_drop__m1/pd66_006_S02_V3-01_drop__m1__eL1__s3407__e_message_removed_exhaustive.json
drop,006_S02_V3-01_drop__m1,e,0.707106769,3407,removed,existing_anchor,31.603780172079666,13,15,archive/evaluations/20260916_evidence_B_exhaustive75x3_v01/removed/tracking/trajectories/removed/006_S02_V3-01_drop__m1/pd66_006_S02_V3-01_drop__m1__CENTER__s3407__e_message_removed_exhaustive.json
drop,006_S02_V3-01_drop__m1,e,0.836660028,3407,removed,existing_anchor,44.561973402476156,13,15,archive/evaluations/20260916_evidence_B_exhaustive75x3_v01/removed/tracking/trajectories/removed/006_S02_V3-01_drop__m1/pd66_006_S02_V3-01_drop__m1__eL3__s3407__e_message_removed_exhaustive.json
drop,006_S02_V3-01_drop__m1,e,0.948683321,3407,removed,existing_anchor,44.647418789742005,13,15,archive/evaluations/20260916_evidence_B_exhaustive75x3_v01/removed/tracking/trajectories/removed/006_S02_V3-01_drop__m1/pd66_006_S02_V3-01_drop__m1__eL4__s3407__e_message_removed_exhaustive.json
drop,006_S02_V3-01_drop__m1,e,0.374101,3407,removed,dense_addition,44.70731733312874,13,15,archive/evaluations/20260916_evidence_B_diverse_dense4_v01/tracking/trajectories/removed/006_S02_V3-01_drop__m1/pd66_006_S02_V3-01_drop__m1__e0.374101__s3407__removed_diverse4.json
drop,006_S02_V3-01_drop__m1,e,0.431975,3407,removed,dense_addition,34.122150574021134,13,15,archive/evaluations/20260916_evidence_B_diverse_dense4_v01/tracking/trajectories/removed/006_S02_V3-01_drop__m1/pd66_006_S02_V3-01_drop__m1__e0.431975__s3407__removed_diverse4.json
drop,006_S02_V3-01_drop__m1,e,0.489849,3407,removed,dense_addition,44.70149664355671,13,15,archive/evaluations/20260916_evidence_B_diverse_dense4_v01/tracking/trajectories/removed/006_S02_V3-01_drop__m1/pd66_006_S02_V3-01_drop__m1__e0.489849__s3407__removed_diverse4.json
drop,006_S02_V3-01_drop__m1,e,0.587569,3407,removed,dense_addition,44.62745408409563,13,15,archive/evaluations/20260916_evidence_B_diverse_dense4_v01/tracking/trajectories/removed/006_S02_V3-01_drop__m1/pd66_006_S02_V3-01_drop__m1__e0.587569__s3407__removed_diverse4.json
drop,006_S02_V3-01_drop__m1,e,0.627415,3407,removed,dense_addition,41.796277963480804,13,15,archive/evaluations/20260916_evidence_B_diverse_dense4_v01/tracking/trajectories/removed/006_S02_V3-01_drop__m1/pd66_006_S02_V3-01_drop__m1__e0.627415__s3407__removed_diverse4.json
drop,006_S02_V3-01_drop__m1,e,0.667261,3407,removed,dense_addition,44.82475685234306,13,15,archive/evaluations/20260916_evidence_B_diverse_dense4_v01/tracking/trajectories/removed/006_S02_V3-01_drop__m1/pd66_006_S02_V3-01_drop__m1__e0.667261__s3407__removed_diverse4.json
drop,006_S02_V3-01_drop__m1,e,0.739495,3407,removed,dense_addition,44.422759552769094,13,15,archive/evaluations/20260916_evidence_B_diverse_dense4_v01/tracking/trajectories/removed/006_S02_V3-01_drop__m1/pd66_006_S02_V3-01_drop__m1__e0.739495__s3407__removed_diverse4.json
drop,006_S02_V3-01_drop__m1,e,0.771883,3407,removed,dense_addition,44.67570660770838,13,15,archive/evaluations/20260916_evidence_B_diverse_dense4_v01/tracking/trajectories/removed/006_S02_V3-01_drop__m1/pd66_006_S02_V3-01_drop__m1__e0.771883__s3407__removed_diverse4.json
drop,006_S02_V3-01_drop__m1,e,0.804272,3407,removed,dense_addition,44.459050828120326,13,15,archive/evaluations/20260916_evidence_B_diverse_dense4_v01/tracking/trajectories/removed/006_S02_V3-01_drop__m1/pd66_006_S02_V3-01_drop__m1__e0.804272__s3407__removed_diverse4.json
drop,006_S02_V3-01_drop__m1,e,0.864666,3407,removed,dense_addition,44.58105013478536,13,15,archive/evaluations/20260916_evidence_B_diverse_dense4_v01/tracking/trajectories/removed/006_S02_V3-01_drop__m1/pd66_006_S02_V3-01_drop__m1__e0.864666__s3407__removed_diverse4.json
drop,006_S02_V3-01_drop__m1,e,0.892672,3407,removed,dense_addition,44.47074427540963,13,15,archive/evaluations/20260916_evidence_B_diverse_dense4_v01/tracking/trajectories/removed/006_S02_V3-01_drop__m1/pd66_006_S02_V3-01_drop__m1__e0.892672__s3407__removed_diverse4.json
drop,006_S02_V3-01_drop__m1,e,0.920677,3407,removed,dense_addition,44.52822060085629,13,15,archive/evaluations/20260916_evidence_B_diverse_dense4_v01/tracking/trajectories/removed/006_S02_V3-01_drop__m1/pd66_006_S02_V3-01_drop__m1__e0.920677__s3407__removed_diverse4.json
drop,006_S02_V3-01_drop__m1,e,0.316227764,918273,original,existing_anchor,2.654793489554379,13,22,archive/evaluations/20260909_corrected_pcf_m_balance/tracking/trajectories/h2/006_S02_V3-01_drop__m1/pd66_006_S02_V3-01_drop__m1__eL0__s918273.json
drop,006_S02_V3-01_drop__m1,e,0.547722578,918273,original,existing_anchor,35.18176155111246,12,15,archive/evaluations/20260909_corrected_pcf_m_balance/tracking/trajectories/h2/006_S02_V3-01_drop__m1/pd66_006_S02_V3-01_drop__m1__eL1__s918273.json
drop,006_S02_V3-01_drop__m1,e,0.707106769,918273,original,existing_anchor,57.49069055594407,11,13,archive/evaluations/20260909_corrected_pcf_m_balance/tracking/trajectories/h2/006_S02_V3-01_drop__m1/pd66_006_S02_V3-01_drop__m1__CENTER__s918273.json
drop,006_S02_V3-01_drop__m1,e,0.836660028,918273,original,existing_anchor,87.09804726363592,11,13,archive/evaluations/20260909_corrected_pcf_m_balance/tracking/trajectories/h2/006_S02_V3-01_drop__m1/pd66_006_S02_V3-01_drop__m1__eL3__s918273.json
drop,006_S02_V3-01_drop__m1,e,0.948683321,918273,original,existing_anchor,91.72231530685531,11,14,archive/evaluations/20260909_corrected_pcf_m_balance/tracking/trajectories/h2/006_S02_V3-01_drop__m1/pd66_006_S02_V3-01_drop__m1__eL4__s918273.json
drop,006_S02_V3-01_drop__m1,e,0.374101,918273,original,dense_addition,14.829467785208237,13,14,archive/evaluations/20260916_evidence_B_diverse_dense4_v01/tracking/trajectories/original/006_S02_V3-01_drop__m1/pd66_006_S02_V3-01_drop__m1__e0.374101__s918273__original_diverse4.json
drop,006_S02_V3-01_drop__m1,e,0.431975,918273,original,dense_addition,22.18112814872717,12,14,archive/evaluations/20260916_evidence_B_diverse_dense4_v01/tracking/trajectories/original/006_S02_V3-01_drop__m1/pd66_006_S02_V3-01_drop__m1__e0.431975__s918273__original_diverse4.json
drop,006_S02_V3-01_drop__m1,e,0.489849,918273,original,dense_addition,28.642304161267873,12,14,archive/evaluations/20260916_evidence_B_diverse_dense4_v01/tracking/trajectories/original/006_S02_V3-01_drop__m1/pd66_006_S02_V3-01_drop__m1__e0.489849__s918273__original_diverse4.json
drop,006_S02_V3-01_drop__m1,e,0.587569,918273,original,dense_addition,49.40153267285723,12,14,archive/evaluations/20260916_evidence_B_diverse_dense4_v01/tracking/trajectories/original/006_S02_V3-01_drop__m1/pd66_006_S02_V3-01_drop__m1__e0.587569__s918273__original_diverse4.json
drop,006_S02_V3-01_drop__m1,e,0.627415,918273,original,dense_addition,50.78546475861265,11,13,archive/evaluations/20260916_evidence_B_diverse_dense4_v01/tracking/trajectories/original/006_S02_V3-01_drop__m1/pd66_006_S02_V3-01_drop__m1__e0.627415__s918273__original_diverse4.json
drop,006_S02_V3-01_drop__m1,e,0.667261,918273,original,dense_addition,57.632482637193505,11,13,archive/evaluations/20260916_evidence_B_diverse_dense4_v01/tracking/trajectories/original/006_S02_V3-01_drop__m1/pd66_006_S02_V3-01_drop__m1__e0.667261__s918273__original_diverse4.json
drop,006_S02_V3-01_drop__m1,e,0.739495,918273,original,dense_addition,63.92637253511134,11,13,archive/evaluations/20260916_evidence_B_diverse_dense4_v01/tracking/trajectories/original/006_S02_V3-01_drop__m1/pd66_006_S02_V3-01_drop__m1__e0.739495__s918273__original_diverse4.json
drop,006_S02_V3-01_drop__m1,e,0.771883,918273,original,dense_addition,69.3025361701022,11,13,archive/evaluations/20260916_evidence_B_diverse_dense4_v01/tracking/trajectories/original/006_S02_V3-01_drop__m1/pd66_006_S02_V3-01_drop__m1__e0.771883__s918273__original_diverse4.json
drop,006_S02_V3-01_drop__m1,e,0.804272,918273,original,dense_addition,73.75654964242761,11,13,archive/evaluations/20260916_evidence_B_diverse_dense4_v01/tracking/trajectories/original/006_S02_V3-01_drop__m1/pd66_006_S02_V3-01_drop__m1__e0.804272__s918273__original_diverse4.json
drop,006_S02_V3-01_drop__m1,e,0.864666,918273,original,dense_addition,86.52397087985344,11,13,archive/evaluations/20260916_evidence_B_diverse_dense4_v01/tracking/trajectories/original/006_S02_V3-01_drop__m1/pd66_006_S02_V3-01_drop__m1__e0.864666__s918273__original_diverse4.json
drop,006_S02_V3-01_drop__m1,e,0.892672,918273,original,dense_addition,86.4589142364594,11,13,archive/evaluations/20260916_evidence_B_diverse_dense4_v01/tracking/trajectories/original/006_S02_V3-01_drop__m1/pd66_006_S02_V3-01_drop__m1__e0.892672__s918273__original_diverse4.json
drop,006_S02_V3-01_drop__m1,e,0.920677,918273,original,dense_addition,89.57601480549226,11,14,archive/evaluations/20260916_evidence_B_diverse_dense4_v01/tracking/trajectories/original/006_S02_V3-01_drop__m1/pd66_006_S02_V3-01_drop__m1__e0.920677__s918273__original_diverse4.json
drop,006_S02_V3-01_drop__m1,e,0.316227764,918273,removed,existing_anchor,41.888739146609396,11,14,archive/evaluations/20260916_evidence_B_exhaustive75x3_v01/removed/tracking/trajectories/removed/006_S02_V3-01_drop__m1/pd66_006_S02_V3-01_drop__m1__eL0__s918273__e_message_removed_exhaustive.json
drop,006_S02_V3-01_drop__m1,e,0.547722578,918273,removed,existing_anchor,42.01357140939467,11,14,archive/evaluations/20260916_evidence_B_exhaustive75x3_v01/removed/tracking/trajectories/removed/006_S02_V3-01_drop__m1/pd66_006_S02_V3-01_drop__m1__eL1__s918273__e_message_removed_exhaustive.json
drop,006_S02_V3-01_drop__m1,e,0.707106769,918273,removed,existing_anchor,41.71782590764337,11,15,archive/evaluations/20260916_evidence_B_exhaustive75x3_v01/removed/tracking/trajectories/removed/006_S02_V3-01_drop__m1/pd66_006_S02_V3-01_drop__m1__CENTER__s918273__e_message_removed_exhaustive.json
drop,006_S02_V3-01_drop__m1,e,0.836660028,918273,removed,existing_anchor,41.88309634205541,11,15,archive/evaluations/20260916_evidence_B_exhaustive75x3_v01/removed/tracking/trajectories/removed/006_S02_V3-01_drop__m1/pd66_006_S02_V3-01_drop__m1__eL3__s918273__e_message_removed_exhaustive.json
drop,006_S02_V3-01_drop__m1,e,0.948683321,918273,removed,existing_anchor,41.68394746410547,11,15,archive/evaluations/20260916_evidence_B_exhaustive75x3_v01/removed/tracking/trajectories/removed/006_S02_V3-01_drop__m1/pd66_006_S02_V3-01_drop__m1__eL4__s918273__e_message_removed_exhaustive.json
drop,006_S02_V3-01_drop__m1,e,0.374101,918273,removed,dense_addition,41.73348966674297,11,14,archive/evaluations/20260916_evidence_B_diverse_dense4_v01/tracking/trajectories/removed/006_S02_V3-01_drop__m1/pd66_006_S02_V3-01_drop__m1__e0.374101__s918273__removed_diverse4.json
drop,006_S02_V3-01_drop__m1,e,0.431975,918273,removed,dense_addition,41.74373181939694,11,15,archive/evaluations/20260916_evidence_B_diverse_dense4_v01/tracking/trajectories/removed/006_S02_V3-01_drop__m1/pd66_006_S02_V3-01_drop__m1__e0.431975__s918273__removed_diverse4.json
drop,006_S02_V3-01_drop__m1,e,0.489849,918273,removed,dense_addition,41.870029673590466,11,14,archive/evaluations/20260916_evidence_B_diverse_dense4_v01/tracking/trajectories/removed/006_S02_V3-01_drop__m1/pd66_006_S02_V3-01_drop__m1__e0.489849__s918273__removed_diverse4.json
drop,006_S02_V3-01_drop__m1,e,0.587569,918273,removed,dense_addition,41.56521774582376,11,15,archive/evaluations/20260916_evidence_B_diverse_dense4_v01/tracking/trajectories/removed/006_S02_V3-01_drop__m1/pd66_006_S02_V3-01_drop__m1__e0.587569__s918273__removed_diverse4.json
drop,006_S02_V3-01_drop__m1,e,0.627415,918273,removed,dense_addition,41.53796100042388,11,15,archive/evaluations/20260916_evidence_B_diverse_dense4_v01/tracking/trajectories/removed/006_S02_V3-01_drop__m1/pd66_006_S02_V3-01_drop__m1__e0.627415__s918273__removed_diverse4.json
drop,006_S02_V3-01_drop__m1,e,0.667261,918273,removed,dense_addition,41.6467718347763,11,15,archive/evaluations/20260916_evidence_B_diverse_dense4_v01/tracking/trajectories/removed/006_S02_V3-01_drop__m1/pd66_006_S02_V3-01_drop__m1__e0.667261__s918273__removed_diverse4.json
drop,006_S02_V3-01_drop__m1,e,0.739495,918273,removed,dense_addition,41.661710994568296,11,15,archive/evaluations/20260916_evidence_B_diverse_dense4_v01/tracking/trajectories/removed/006_S02_V3-01_drop__m1/pd66_006_S02_V3-01_drop__m1__e0.739495__s918273__removed_diverse4.json
drop,006_S02_V3-01_drop__m1,e,0.771883,918273,removed,dense_addition,41.67792609310794,11,15,archive/evaluations/20260916_evidence_B_diverse_dense4_v01/tracking/trajectories/removed/006_S02_V3-01_drop__m1/pd66_006_S02_V3-01_drop__m1__e0.771883__s918273__removed_diverse4.json
drop,006_S02_V3-01_drop__m1,e,0.804272,918273,removed,dense_addition,41.932653240391176,11,15,archive/evaluations/20260916_evidence_B_diverse_dense4_v01/tracking/trajectories/removed/006_S02_V3-01_drop__m1/pd66_006_S02_V3-01_drop__m1__e0.804272__s918273__removed_diverse4.json
drop,006_S02_V3-01_drop__m1,e,0.864666,918273,removed,dense_addition,41.67643784971028,11,15,archive/evaluations/20260916_evidence_B_diverse_dense4_v01/tracking/trajectories/removed/006_S02_V3-01_drop__m1/pd66_006_S02_V3-01_drop__m1__e0.864666__s918273__removed_diverse4.json
drop,006_S02_V3-01_drop__m1,e,0.892672,918273,removed,dense_addition,41.630311702899746,11,15,archive/evaluations/20260916_evidence_B_diverse_dense4_v01/tracking/trajectories/removed/006_S02_V3-01_drop__m1/pd66_006_S02_V3-01_drop__m1__e0.892672__s918273__removed_diverse4.json
drop,006_S02_V3-01_drop__m1,e,0.920677,918273,removed,dense_addition,41.66319169642014,11,15,archive/evaluations/20260916_evidence_B_diverse_dense4_v01/tracking/trajectories/removed/006_S02_V3-01_drop__m1/pd66_006_S02_V3-01_drop__m1__e0.920677__s918273__removed_diverse4.json
ballwall,014_S03_V5-E3-10_ballwall__m1__l2_e1,e,0.223606795,42,original,existing_anchor,0.0,35,35,archive/evaluations/20260909_corrected_pcf_m_balance/tracking/trajectories/h2/014_S03_V5-E3-10_ballwall__m1__l2_e1/pd66_014_S03_V5-E3-10_ballwall__m1__l2_e1__eL0__s42.json
ballwall,014_S03_V5-E3-10_ballwall__m1__l2_e1,e,0.474341661,42,original,existing_anchor,216.89971939465525,17,17,archive/evaluations/20260909_corrected_pcf_m_balance/tracking/trajectories/h2/014_S03_V5-E3-10_ballwall__m1__l2_e1/pd66_014_S03_V5-E3-10_ballwall__m1__l2_e1__eL1__s42.json
ballwall,014_S03_V5-E3-10_ballwall__m1__l2_e1,e,0.632455528,42,original,existing_anchor,219.50873375127796,17,17,archive/evaluations/20260909_corrected_pcf_m_balance/tracking/trajectories/h2/014_S03_V5-E3-10_ballwall__m1__l2_e1/pd66_014_S03_V5-E3-10_ballwall__m1__l2_e1__CENTER__s42.json
ballwall,014_S03_V5-E3-10_ballwall__m1__l2_e1,e,0.758287549,42,original,existing_anchor,214.96269966716508,17,17,archive/evaluations/20260909_corrected_pcf_m_balance/tracking/trajectories/h2/014_S03_V5-E3-10_ballwall__m1__l2_e1/pd66_014_S03_V5-E3-10_ballwall__m1__l2_e1__eL3__s42.json
ballwall,014_S03_V5-E3-10_ballwall__m1__l2_e1,e,0.866025388,42,original,existing_anchor,240.3725427935767,17,17,archive/evaluations/20260909_corrected_pcf_m_balance/tracking/trajectories/h2/014_S03_V5-E3-10_ballwall__m1__l2_e1/pd66_014_S03_V5-E3-10_ballwall__m1__l2_e1__eL4__s42.json
ballwall,014_S03_V5-E3-10_ballwall__m1__l2_e1,e,0.286291,42,original,dense_addition,0.0,35,35,archive/evaluations/20260916_evidence_B_diverse_dense4_v01/tracking/trajectories/original/014_S03_V5-E3-10_ballwall__m1__l2_e1/pd66_014_S03_V5-E3-10_ballwall__m1__l2_e1__e0.286291__s42__original_diverse4.json
ballwall,014_S03_V5-E3-10_ballwall__m1__l2_e1,e,0.348974,42,original,dense_addition,215.10895754575822,18,18,archive/evaluations/20260916_evidence_B_diverse_dense4_v01/tracking/trajectories/original/014_S03_V5-E3-10_ballwall__m1__l2_e1/pd66_014_S03_V5-E3-10_ballwall__m1__l2_e1__e0.348974__s42__original_diverse4.json
ballwall,014_S03_V5-E3-10_ballwall__m1__l2_e1,e,0.411658,42,original,dense_addition,213.52407489222404,17,17,archive/evaluations/20260916_evidence_B_diverse_dense4_v01/tracking/trajectories/original/014_S03_V5-E3-10_ballwall__m1__l2_e1/pd66_014_S03_V5-E3-10_ballwall__m1__l2_e1__e0.411658__s42__original_diverse4.json
ballwall,014_S03_V5-E3-10_ballwall__m1__l2_e1,e,0.513870,42,original,dense_addition,217.57819312860173,17,17,archive/evaluations/20260916_evidence_B_diverse_dense4_v01/tracking/trajectories/original/014_S03_V5-E3-10_ballwall__m1__l2_e1/pd66_014_S03_V5-E3-10_ballwall__m1__l2_e1__e0.513870__s42__original_diverse4.json
ballwall,014_S03_V5-E3-10_ballwall__m1__l2_e1,e,0.553399,42,original,dense_addition,217.5419146918268,17,17,archive/evaluations/20260916_evidence_B_diverse_dense4_v01/tracking/trajectories/original/014_S03_V5-E3-10_ballwall__m1__l2_e1/pd66_014_S03_V5-E3-10_ballwall__m1__l2_e1__e0.553399__s42__original_diverse4.json
ballwall,014_S03_V5-E3-10_ballwall__m1__l2_e1,e,0.592927,42,original,dense_addition,218.94108066958077,17,17,archive/evaluations/20260916_evidence_B_diverse_dense4_v01/tracking/trajectories/original/014_S03_V5-E3-10_ballwall__m1__l2_e1/pd66_014_S03_V5-E3-10_ballwall__m1__l2_e1__e0.592927__s42__original_diverse4.json
ballwall,014_S03_V5-E3-10_ballwall__m1__l2_e1,e,0.663914,42,original,dense_addition,219.602852595661,17,17,archive/evaluations/20260916_evidence_B_diverse_dense4_v01/tracking/trajectories/original/014_S03_V5-E3-10_ballwall__m1__l2_e1/pd66_014_S03_V5-E3-10_ballwall__m1__l2_e1__e0.663914__s42__original_diverse4.json
ballwall,014_S03_V5-E3-10_ballwall__m1__l2_e1,e,0.695372,42,original,dense_addition,219.44544102414747,17,17,archive/evaluations/20260916_evidence_B_diverse_dense4_v01/tracking/trajectories/original/014_S03_V5-E3-10_ballwall__m1__l2_e1/pd66_014_S03_V5-E3-10_ballwall__m1__l2_e1__e0.695372__s42__original_diverse4.json
ballwall,014_S03_V5-E3-10_ballwall__m1__l2_e1,e,0.726830,42,original,dense_addition,219.61055358394478,17,17,archive/evaluations/20260916_evidence_B_diverse_dense4_v01/tracking/trajectories/original/014_S03_V5-E3-10_ballwall__m1__l2_e1/pd66_014_S03_V5-E3-10_ballwall__m1__l2_e1__e0.726830__s42__original_diverse4.json
ballwall,014_S03_V5-E3-10_ballwall__m1__l2_e1,e,0.785222,42,original,dense_addition,218.4378611582082,17,17,archive/evaluations/20260916_evidence_B_diverse_dense4_v01/tracking/trajectories/original/014_S03_V5-E3-10_ballwall__m1__l2_e1/pd66_014_S03_V5-E3-10_ballwall__m1__l2_e1__e0.785222__s42__original_diverse4.json
ballwall,014_S03_V5-E3-10_ballwall__m1__l2_e1,e,0.812156,42,original,dense_addition,240.04356447011475,17,17,archive/evaluations/20260916_evidence_B_diverse_dense4_v01/tracking/trajectories/original/014_S03_V5-E3-10_ballwall__m1__l2_e1/pd66_014_S03_V5-E3-10_ballwall__m1__l2_e1__e0.812156__s42__original_diverse4.json
ballwall,014_S03_V5-E3-10_ballwall__m1__l2_e1,e,0.839091,42,original,dense_addition,239.72168759461772,17,17,archive/evaluations/20260916_evidence_B_diverse_dense4_v01/tracking/trajectories/original/014_S03_V5-E3-10_ballwall__m1__l2_e1/pd66_014_S03_V5-E3-10_ballwall__m1__l2_e1__e0.839091__s42__original_diverse4.json
ballwall,014_S03_V5-E3-10_ballwall__m1__l2_e1,e,0.223606795,42,removed,existing_anchor,14.803862327946433,19,19,archive/evaluations/20260916_evidence_B_exhaustive75x3_v01/removed/tracking/trajectories/removed/014_S03_V5-E3-10_ballwall__m1__l2_e1/pd66_014_S03_V5-E3-10_ballwall__m1__l2_e1__eL0__s42__e_message_removed_exhaustive.json
ballwall,014_S03_V5-E3-10_ballwall__m1__l2_e1,e,0.474341661,42,removed,existing_anchor,14.79063491898188,19,19,archive/evaluations/20260916_evidence_B_exhaustive75x3_v01/removed/tracking/trajectories/removed/014_S03_V5-E3-10_ballwall__m1__l2_e1/pd66_014_S03_V5-E3-10_ballwall__m1__l2_e1__eL1__s42__e_message_removed_exhaustive.json
ballwall,014_S03_V5-E3-10_ballwall__m1__l2_e1,e,0.632455528,42,removed,existing_anchor,14.725984371946993,19,19,archive/evaluations/20260916_evidence_B_exhaustive75x3_v01/removed/tracking/trajectories/removed/014_S03_V5-E3-10_ballwall__m1__l2_e1/pd66_014_S03_V5-E3-10_ballwall__m1__l2_e1__CENTER__s42__e_message_removed_exhaustive.json
ballwall,014_S03_V5-E3-10_ballwall__m1__l2_e1,e,0.758287549,42,removed,existing_anchor,14.828686979869246,19,19,archive/evaluations/20260916_evidence_B_exhaustive75x3_v01/removed/tracking/trajectories/removed/014_S03_V5-E3-10_ballwall__m1__l2_e1/pd66_014_S03_V5-E3-10_ballwall__m1__l2_e1__eL3__s42__e_message_removed_exhaustive.json
ballwall,014_S03_V5-E3-10_ballwall__m1__l2_e1,e,0.866025388,42,removed,existing_anchor,14.925264751374243,19,19,archive/evaluations/20260916_evidence_B_exhaustive75x3_v01/removed/tracking/trajectories/removed/014_S03_V5-E3-10_ballwall__m1__l2_e1/pd66_014_S03_V5-E3-10_ballwall__m1__l2_e1__eL4__s42__e_message_removed_exhaustive.json
ballwall,014_S03_V5-E3-10_ballwall__m1__l2_e1,e,0.286291,42,removed,dense_addition,14.827909246666934,19,19,archive/evaluations/20260916_evidence_B_diverse_dense4_v01/tracking/trajectories/removed/014_S03_V5-E3-10_ballwall__m1__l2_e1/pd66_014_S03_V5-E3-10_ballwall__m1__l2_e1__e0.286291__s42__removed_diverse4.json
ballwall,014_S03_V5-E3-10_ballwall__m1__l2_e1,e,0.348974,42,removed,dense_addition,14.788671443533758,19,19,archive/evaluations/20260916_evidence_B_diverse_dense4_v01/tracking/trajectories/removed/014_S03_V5-E3-10_ballwall__m1__l2_e1/pd66_014_S03_V5-E3-10_ballwall__m1__l2_e1__e0.348974__s42__removed_diverse4.json
ballwall,014_S03_V5-E3-10_ballwall__m1__l2_e1,e,0.411658,42,removed,dense_addition,14.862034048761643,19,19,archive/evaluations/20260916_evidence_B_diverse_dense4_v01/tracking/trajectories/removed/014_S03_V5-E3-10_ballwall__m1__l2_e1/pd66_014_S03_V5-E3-10_ballwall__m1__l2_e1__e0.411658__s42__removed_diverse4.json
ballwall,014_S03_V5-E3-10_ballwall__m1__l2_e1,e,0.513870,42,removed,dense_addition,14.783700198948793,19,19,archive/evaluations/20260916_evidence_B_diverse_dense4_v01/tracking/trajectories/removed/014_S03_V5-E3-10_ballwall__m1__l2_e1/pd66_014_S03_V5-E3-10_ballwall__m1__l2_e1__e0.513870__s42__removed_diverse4.json
ballwall,014_S03_V5-E3-10_ballwall__m1__l2_e1,e,0.553399,42,removed,dense_addition,14.83274157277998,19,19,archive/evaluations/20260916_evidence_B_diverse_dense4_v01/tracking/trajectories/removed/014_S03_V5-E3-10_ballwall__m1__l2_e1/pd66_014_S03_V5-E3-10_ballwall__m1__l2_e1__e0.553399__s42__removed_diverse4.json
ballwall,014_S03_V5-E3-10_ballwall__m1__l2_e1,e,0.592927,42,removed,dense_addition,14.78995192695777,19,19,archive/evaluations/20260916_evidence_B_diverse_dense4_v01/tracking/trajectories/removed/014_S03_V5-E3-10_ballwall__m1__l2_e1/pd66_014_S03_V5-E3-10_ballwall__m1__l2_e1__e0.592927__s42__removed_diverse4.json
ballwall,014_S03_V5-E3-10_ballwall__m1__l2_e1,e,0.663914,42,removed,dense_addition,14.733166502470112,19,19,archive/evaluations/20260916_evidence_B_diverse_dense4_v01/tracking/trajectories/removed/014_S03_V5-E3-10_ballwall__m1__l2_e1/pd66_014_S03_V5-E3-10_ballwall__m1__l2_e1__e0.663914__s42__removed_diverse4.json
ballwall,014_S03_V5-E3-10_ballwall__m1__l2_e1,e,0.695372,42,removed,dense_addition,14.841676611234561,19,19,archive/evaluations/20260916_evidence_B_diverse_dense4_v01/tracking/trajectories/removed/014_S03_V5-E3-10_ballwall__m1__l2_e1/pd66_014_S03_V5-E3-10_ballwall__m1__l2_e1__e0.695372__s42__removed_diverse4.json
ballwall,014_S03_V5-E3-10_ballwall__m1__l2_e1,e,0.726830,42,removed,dense_addition,14.909324572654157,19,19,archive/evaluations/20260916_evidence_B_diverse_dense4_v01/tracking/trajectories/removed/014_S03_V5-E3-10_ballwall__m1__l2_e1/pd66_014_S03_V5-E3-10_ballwall__m1__l2_e1__e0.726830__s42__removed_diverse4.json
ballwall,014_S03_V5-E3-10_ballwall__m1__l2_e1,e,0.785222,42,removed,dense_addition,14.721218504121055,19,19,archive/evaluations/20260916_evidence_B_diverse_dense4_v01/tracking/trajectories/removed/014_S03_V5-E3-10_ballwall__m1__l2_e1/pd66_014_S03_V5-E3-10_ballwall__m1__l2_e1__e0.785222__s42__removed_diverse4.json
ballwall,014_S03_V5-E3-10_ballwall__m1__l2_e1,e,0.812156,42,removed,dense_addition,14.80639887311537,19,19,archive/evaluations/20260916_evidence_B_diverse_dense4_v01/tracking/trajectories/removed/014_S03_V5-E3-10_ballwall__m1__l2_e1/pd66_014_S03_V5-E3-10_ballwall__m1__l2_e1__e0.812156__s42__removed_diverse4.json
ballwall,014_S03_V5-E3-10_ballwall__m1__l2_e1,e,0.839091,42,removed,dense_addition,14.479028561051962,19,19,archive/evaluations/20260916_evidence_B_diverse_dense4_v01/tracking/trajectories/removed/014_S03_V5-E3-10_ballwall__m1__l2_e1/pd66_014_S03_V5-E3-10_ballwall__m1__l2_e1__e0.839091__s42__removed_diverse4.json
ballwall,014_S03_V5-E3-10_ballwall__m1__l2_e1,e,0.223606795,3407,original,existing_anchor,79.73342720354538,19,19,archive/evaluations/20260909_corrected_pcf_m_balance/tracking/trajectories/h2/014_S03_V5-E3-10_ballwall__m1__l2_e1/pd66_014_S03_V5-E3-10_ballwall__m1__l2_e1__eL0__s3407.json
ballwall,014_S03_V5-E3-10_ballwall__m1__l2_e1,e,0.474341661,3407,original,existing_anchor,202.06168335117658,18,18,archive/evaluations/20260909_corrected_pcf_m_balance/tracking/trajectories/h2/014_S03_V5-E3-10_ballwall__m1__l2_e1/pd66_014_S03_V5-E3-10_ballwall__m1__l2_e1__eL1__s3407.json
ballwall,014_S03_V5-E3-10_ballwall__m1__l2_e1,e,0.632455528,3407,original,existing_anchor,226.03751867259527,18,18,archive/evaluations/20260909_corrected_pcf_m_balance/tracking/trajectories/h2/014_S03_V5-E3-10_ballwall__m1__l2_e1/pd66_014_S03_V5-E3-10_ballwall__m1__l2_e1__CENTER__s3407.json
ballwall,014_S03_V5-E3-10_ballwall__m1__l2_e1,e,0.758287549,3407,original,existing_anchor,182.49066015483385,17,17,archive/evaluations/20260909_corrected_pcf_m_balance/tracking/trajectories/h2/014_S03_V5-E3-10_ballwall__m1__l2_e1/pd66_014_S03_V5-E3-10_ballwall__m1__l2_e1__eL3__s3407.json
ballwall,014_S03_V5-E3-10_ballwall__m1__l2_e1,e,0.866025388,3407,original,existing_anchor,190.0774428683485,17,17,archive/evaluations/20260909_corrected_pcf_m_balance/tracking/trajectories/h2/014_S03_V5-E3-10_ballwall__m1__l2_e1/pd66_014_S03_V5-E3-10_ballwall__m1__l2_e1__eL4__s3407.json
ballwall,014_S03_V5-E3-10_ballwall__m1__l2_e1,e,0.286291,3407,original,dense_addition,99.17274690220518,18,18,archive/evaluations/20260916_evidence_B_diverse_dense4_v01/tracking/trajectories/original/014_S03_V5-E3-10_ballwall__m1__l2_e1/pd66_014_S03_V5-E3-10_ballwall__m1__l2_e1__e0.286291__s3407__original_diverse4.json
ballwall,014_S03_V5-E3-10_ballwall__m1__l2_e1,e,0.348974,3407,original,dense_addition,137.24641065550884,18,18,archive/evaluations/20260916_evidence_B_diverse_dense4_v01/tracking/trajectories/original/014_S03_V5-E3-10_ballwall__m1__l2_e1/pd66_014_S03_V5-E3-10_ballwall__m1__l2_e1__e0.348974__s3407__original_diverse4.json
ballwall,014_S03_V5-E3-10_ballwall__m1__l2_e1,e,0.411658,3407,original,dense_addition,199.9852876426832,18,18,archive/evaluations/20260916_evidence_B_diverse_dense4_v01/tracking/trajectories/original/014_S03_V5-E3-10_ballwall__m1__l2_e1/pd66_014_S03_V5-E3-10_ballwall__m1__l2_e1__e0.411658__s3407__original_diverse4.json
ballwall,014_S03_V5-E3-10_ballwall__m1__l2_e1,e,0.513870,3407,original,dense_addition,209.57010860220825,18,18,archive/evaluations/20260916_evidence_B_diverse_dense4_v01/tracking/trajectories/original/014_S03_V5-E3-10_ballwall__m1__l2_e1/pd66_014_S03_V5-E3-10_ballwall__m1__l2_e1__e0.513870__s3407__original_diverse4.json
ballwall,014_S03_V5-E3-10_ballwall__m1__l2_e1,e,0.553399,3407,original,dense_addition,211.85258350893463,18,18,archive/evaluations/20260916_evidence_B_diverse_dense4_v01/tracking/trajectories/original/014_S03_V5-E3-10_ballwall__m1__l2_e1/pd66_014_S03_V5-E3-10_ballwall__m1__l2_e1__e0.553399__s3407__original_diverse4.json
ballwall,014_S03_V5-E3-10_ballwall__m1__l2_e1,e,0.592927,3407,original,dense_addition,213.78981484164348,18,18,archive/evaluations/20260916_evidence_B_diverse_dense4_v01/tracking/trajectories/original/014_S03_V5-E3-10_ballwall__m1__l2_e1/pd66_014_S03_V5-E3-10_ballwall__m1__l2_e1__e0.592927__s3407__original_diverse4.json
ballwall,014_S03_V5-E3-10_ballwall__m1__l2_e1,e,0.663914,3407,original,dense_addition,227.14036908586408,18,18,archive/evaluations/20260916_evidence_B_diverse_dense4_v01/tracking/trajectories/original/014_S03_V5-E3-10_ballwall__m1__l2_e1/pd66_014_S03_V5-E3-10_ballwall__m1__l2_e1__e0.663914__s3407__original_diverse4.json
ballwall,014_S03_V5-E3-10_ballwall__m1__l2_e1,e,0.695372,3407,original,dense_addition,183.62979519827522,17,17,archive/evaluations/20260916_evidence_B_diverse_dense4_v01/tracking/trajectories/original/014_S03_V5-E3-10_ballwall__m1__l2_e1/pd66_014_S03_V5-E3-10_ballwall__m1__l2_e1__e0.695372__s3407__original_diverse4.json
ballwall,014_S03_V5-E3-10_ballwall__m1__l2_e1,e,0.726830,3407,original,dense_addition,181.73933702662643,17,17,archive/evaluations/20260916_evidence_B_diverse_dense4_v01/tracking/trajectories/original/014_S03_V5-E3-10_ballwall__m1__l2_e1/pd66_014_S03_V5-E3-10_ballwall__m1__l2_e1__e0.726830__s3407__original_diverse4.json
ballwall,014_S03_V5-E3-10_ballwall__m1__l2_e1,e,0.785222,3407,original,dense_addition,179.9766166226757,17,17,archive/evaluations/20260916_evidence_B_diverse_dense4_v01/tracking/trajectories/original/014_S03_V5-E3-10_ballwall__m1__l2_e1/pd66_014_S03_V5-E3-10_ballwall__m1__l2_e1__e0.785222__s3407__original_diverse4.json
ballwall,014_S03_V5-E3-10_ballwall__m1__l2_e1,e,0.812156,3407,original,dense_addition,180.0988201685223,17,17,archive/evaluations/20260916_evidence_B_diverse_dense4_v01/tracking/trajectories/original/014_S03_V5-E3-10_ballwall__m1__l2_e1/pd66_014_S03_V5-E3-10_ballwall__m1__l2_e1__e0.812156__s3407__original_diverse4.json
ballwall,014_S03_V5-E3-10_ballwall__m1__l2_e1,e,0.839091,3407,original,dense_addition,179.95086837525574,17,17,archive/evaluations/20260916_evidence_B_diverse_dense4_v01/tracking/trajectories/original/014_S03_V5-E3-10_ballwall__m1__l2_e1/pd66_014_S03_V5-E3-10_ballwall__m1__l2_e1__e0.839091__s3407__original_diverse4.json
ballwall,014_S03_V5-E3-10_ballwall__m1__l2_e1,e,0.223606795,3407,removed,existing_anchor,39.41079424677403,14,14,archive/evaluations/20260916_evidence_B_exhaustive75x3_v01/removed/tracking/trajectories/removed/014_S03_V5-E3-10_ballwall__m1__l2_e1/pd66_014_S03_V5-E3-10_ballwall__m1__l2_e1__eL0__s3407__e_message_removed_exhaustive.json
ballwall,014_S03_V5-E3-10_ballwall__m1__l2_e1,e,0.474341661,3407,removed,existing_anchor,39.3075262722906,14,14,archive/evaluations/20260916_evidence_B_exhaustive75x3_v01/removed/tracking/trajectories/removed/014_S03_V5-E3-10_ballwall__m1__l2_e1/pd66_014_S03_V5-E3-10_ballwall__m1__l2_e1__eL1__s3407__e_message_removed_exhaustive.json
ballwall,014_S03_V5-E3-10_ballwall__m1__l2_e1,e,0.632455528,3407,removed,existing_anchor,39.39784016966783,14,14,archive/evaluations/20260916_evidence_B_exhaustive75x3_v01/removed/tracking/trajectories/removed/014_S03_V5-E3-10_ballwall__m1__l2_e1/pd66_014_S03_V5-E3-10_ballwall__m1__l2_e1__CENTER__s3407__e_message_removed_exhaustive.json
ballwall,014_S03_V5-E3-10_ballwall__m1__l2_e1,e,0.758287549,3407,removed,existing_anchor,39.30649532014044,14,14,archive/evaluations/20260916_evidence_B_exhaustive75x3_v01/removed/tracking/trajectories/removed/014_S03_V5-E3-10_ballwall__m1__l2_e1/pd66_014_S03_V5-E3-10_ballwall__m1__l2_e1__eL3__s3407__e_message_removed_exhaustive.json
ballwall,014_S03_V5-E3-10_ballwall__m1__l2_e1,e,0.866025388,3407,removed,existing_anchor,39.282283506642216,14,14,archive/evaluations/20260916_evidence_B_exhaustive75x3_v01/removed/tracking/trajectories/removed/014_S03_V5-E3-10_ballwall__m1__l2_e1/pd66_014_S03_V5-E3-10_ballwall__m1__l2_e1__eL4__s3407__e_message_removed_exhaustive.json
ballwall,014_S03_V5-E3-10_ballwall__m1__l2_e1,e,0.286291,3407,removed,dense_addition,38.8772795576555,14,14,archive/evaluations/20260916_evidence_B_diverse_dense4_v01/tracking/trajectories/removed/014_S03_V5-E3-10_ballwall__m1__l2_e1/pd66_014_S03_V5-E3-10_ballwall__m1__l2_e1__e0.286291__s3407__removed_diverse4.json
ballwall,014_S03_V5-E3-10_ballwall__m1__l2_e1,e,0.348974,3407,removed,dense_addition,39.34331965225252,14,14,archive/evaluations/20260916_evidence_B_diverse_dense4_v01/tracking/trajectories/removed/014_S03_V5-E3-10_ballwall__m1__l2_e1/pd66_014_S03_V5-E3-10_ballwall__m1__l2_e1__e0.348974__s3407__removed_diverse4.json
ballwall,014_S03_V5-E3-10_ballwall__m1__l2_e1,e,0.411658,3407,removed,dense_addition,39.27580238343057,14,14,archive/evaluations/20260916_evidence_B_diverse_dense4_v01/tracking/trajectories/removed/014_S03_V5-E3-10_ballwall__m1__l2_e1/pd66_014_S03_V5-E3-10_ballwall__m1__l2_e1__e0.411658__s3407__removed_diverse4.json
ballwall,014_S03_V5-E3-10_ballwall__m1__l2_e1,e,0.513870,3407,removed,dense_addition,39.349647834977105,14,14,archive/evaluations/20260916_evidence_B_diverse_dense4_v01/tracking/trajectories/removed/014_S03_V5-E3-10_ballwall__m1__l2_e1/pd66_014_S03_V5-E3-10_ballwall__m1__l2_e1__e0.513870__s3407__removed_diverse4.json
ballwall,014_S03_V5-E3-10_ballwall__m1__l2_e1,e,0.553399,3407,removed,dense_addition,39.25344274367731,14,14,archive/evaluations/20260916_evidence_B_diverse_dense4_v01/tracking/trajectories/removed/014_S03_V5-E3-10_ballwall__m1__l2_e1/pd66_014_S03_V5-E3-10_ballwall__m1__l2_e1__e0.553399__s3407__removed_diverse4.json
ballwall,014_S03_V5-E3-10_ballwall__m1__l2_e1,e,0.592927,3407,removed,dense_addition,39.281683657243065,14,14,archive/evaluations/20260916_evidence_B_diverse_dense4_v01/tracking/trajectories/removed/014_S03_V5-E3-10_ballwall__m1__l2_e1/pd66_014_S03_V5-E3-10_ballwall__m1__l2_e1__e0.592927__s3407__removed_diverse4.json
ballwall,014_S03_V5-E3-10_ballwall__m1__l2_e1,e,0.663914,3407,removed,dense_addition,39.358026893324535,14,14,archive/evaluations/20260916_evidence_B_diverse_dense4_v01/tracking/trajectories/removed/014_S03_V5-E3-10_ballwall__m1__l2_e1/pd66_014_S03_V5-E3-10_ballwall__m1__l2_e1__e0.663914__s3407__removed_diverse4.json
ballwall,014_S03_V5-E3-10_ballwall__m1__l2_e1,e,0.695372,3407,removed,dense_addition,39.28468675527034,14,14,archive/evaluations/20260916_evidence_B_diverse_dense4_v01/tracking/trajectories/removed/014_S03_V5-E3-10_ballwall__m1__l2_e1/pd66_014_S03_V5-E3-10_ballwall__m1__l2_e1__e0.695372__s3407__removed_diverse4.json
ballwall,014_S03_V5-E3-10_ballwall__m1__l2_e1,e,0.726830,3407,removed,dense_addition,37.27316906514366,14,14,archive/evaluations/20260916_evidence_B_diverse_dense4_v01/tracking/trajectories/removed/014_S03_V5-E3-10_ballwall__m1__l2_e1/pd66_014_S03_V5-E3-10_ballwall__m1__l2_e1__e0.726830__s3407__removed_diverse4.json
ballwall,014_S03_V5-E3-10_ballwall__m1__l2_e1,e,0.785222,3407,removed,dense_addition,39.521335326196095,14,14,archive/evaluations/20260916_evidence_B_diverse_dense4_v01/tracking/trajectories/removed/014_S03_V5-E3-10_ballwall__m1__l2_e1/pd66_014_S03_V5-E3-10_ballwall__m1__l2_e1__e0.785222__s3407__removed_diverse4.json
ballwall,014_S03_V5-E3-10_ballwall__m1__l2_e1,e,0.812156,3407,removed,dense_addition,39.46193359107568,14,14,archive/evaluations/20260916_evidence_B_diverse_dense4_v01/tracking/trajectories/removed/014_S03_V5-E3-10_ballwall__m1__l2_e1/pd66_014_S03_V5-E3-10_ballwall__m1__l2_e1__e0.812156__s3407__removed_diverse4.json
ballwall,014_S03_V5-E3-10_ballwall__m1__l2_e1,e,0.839091,3407,removed,dense_addition,39.4797889964407,14,14,archive/evaluations/20260916_evidence_B_diverse_dense4_v01/tracking/trajectories/removed/014_S03_V5-E3-10_ballwall__m1__l2_e1/pd66_014_S03_V5-E3-10_ballwall__m1__l2_e1__e0.839091__s3407__removed_diverse4.json
ballwall,014_S03_V5-E3-10_ballwall__m1__l2_e1,e,0.223606795,918273,original,existing_anchor,5.680859610757125,33,33,archive/evaluations/20260909_corrected_pcf_m_balance/tracking/trajectories/h2/014_S03_V5-E3-10_ballwall__m1__l2_e1/pd66_014_S03_V5-E3-10_ballwall__m1__l2_e1__eL0__s918273.json
ballwall,014_S03_V5-E3-10_ballwall__m1__l2_e1,e,0.474341661,918273,original,existing_anchor,260.8564382180038,18,18,archive/evaluations/20260909_corrected_pcf_m_balance/tracking/trajectories/h2/014_S03_V5-E3-10_ballwall__m1__l2_e1/pd66_014_S03_V5-E3-10_ballwall__m1__l2_e1__eL1__s918273.json
ballwall,014_S03_V5-E3-10_ballwall__m1__l2_e1,e,0.632455528,918273,original,existing_anchor,216.00139355789676,17,17,archive/evaluations/20260909_corrected_pcf_m_balance/tracking/trajectories/h2/014_S03_V5-E3-10_ballwall__m1__l2_e1/pd66_014_S03_V5-E3-10_ballwall__m1__l2_e1__CENTER__s918273.json
ballwall,014_S03_V5-E3-10_ballwall__m1__l2_e1,e,0.758287549,918273,original,existing_anchor,218.1337129976905,17,17,archive/evaluations/20260909_corrected_pcf_m_balance/tracking/trajectories/h2/014_S03_V5-E3-10_ballwall__m1__l2_e1/pd66_014_S03_V5-E3-10_ballwall__m1__l2_e1__eL3__s918273.json
ballwall,014_S03_V5-E3-10_ballwall__m1__l2_e1,e,0.866025388,918273,original,existing_anchor,241.14063479156056,17,17,archive/evaluations/20260909_corrected_pcf_m_balance/tracking/trajectories/h2/014_S03_V5-E3-10_ballwall__m1__l2_e1/pd66_014_S03_V5-E3-10_ballwall__m1__l2_e1__eL4__s918273.json
ballwall,014_S03_V5-E3-10_ballwall__m1__l2_e1,e,0.286291,918273,original,dense_addition,6.012117221389872,33,33,archive/evaluations/20260916_evidence_B_diverse_dense4_v01/tracking/trajectories/original/014_S03_V5-E3-10_ballwall__m1__l2_e1/pd66_014_S03_V5-E3-10_ballwall__m1__l2_e1__e0.286291__s918273__original_diverse4.json
ballwall,014_S03_V5-E3-10_ballwall__m1__l2_e1,e,0.348974,918273,original,dense_addition,6.091781090351901,33,33,archive/evaluations/20260916_evidence_B_diverse_dense4_v01/tracking/trajectories/original/014_S03_V5-E3-10_ballwall__m1__l2_e1/pd66_014_S03_V5-E3-10_ballwall__m1__l2_e1__e0.348974__s918273__original_diverse4.json
ballwall,014_S03_V5-E3-10_ballwall__m1__l2_e1,e,0.411658,918273,original,dense_addition,253.8391843501044,18,18,archive/evaluations/20260916_evidence_B_diverse_dense4_v01/tracking/trajectories/original/014_S03_V5-E3-10_ballwall__m1__l2_e1/pd66_014_S03_V5-E3-10_ballwall__m1__l2_e1__e0.411658__s918273__original_diverse4.json
ballwall,014_S03_V5-E3-10_ballwall__m1__l2_e1,e,0.513870,918273,original,dense_addition,262.5409719223185,18,18,archive/evaluations/20260916_evidence_B_diverse_dense4_v01/tracking/trajectories/original/014_S03_V5-E3-10_ballwall__m1__l2_e1/pd66_014_S03_V5-E3-10_ballwall__m1__l2_e1__e0.513870__s918273__original_diverse4.json
ballwall,014_S03_V5-E3-10_ballwall__m1__l2_e1,e,0.553399,918273,original,dense_addition,260.57532057302177,18,18,archive/evaluations/20260916_evidence_B_diverse_dense4_v01/tracking/trajectories/original/014_S03_V5-E3-10_ballwall__m1__l2_e1/pd66_014_S03_V5-E3-10_ballwall__m1__l2_e1__e0.553399__s918273__original_diverse4.json
ballwall,014_S03_V5-E3-10_ballwall__m1__l2_e1,e,0.592927,918273,original,dense_addition,261.87725335255266,18,18,archive/evaluations/20260916_evidence_B_diverse_dense4_v01/tracking/trajectories/original/014_S03_V5-E3-10_ballwall__m1__l2_e1/pd66_014_S03_V5-E3-10_ballwall__m1__l2_e1__e0.592927__s918273__original_diverse4.json
ballwall,014_S03_V5-E3-10_ballwall__m1__l2_e1,e,0.663914,918273,original,dense_addition,216.12068188496275,17,17,archive/evaluations/20260916_evidence_B_diverse_dense4_v01/tracking/trajectories/original/014_S03_V5-E3-10_ballwall__m1__l2_e1/pd66_014_S03_V5-E3-10_ballwall__m1__l2_e1__e0.663914__s918273__original_diverse4.json
ballwall,014_S03_V5-E3-10_ballwall__m1__l2_e1,e,0.695372,918273,original,dense_addition,216.06720012210866,17,17,archive/evaluations/20260916_evidence_B_diverse_dense4_v01/tracking/trajectories/original/014_S03_V5-E3-10_ballwall__m1__l2_e1/pd66_014_S03_V5-E3-10_ballwall__m1__l2_e1__e0.695372__s918273__original_diverse4.json
ballwall,014_S03_V5-E3-10_ballwall__m1__l2_e1,e,0.726830,918273,original,dense_addition,216.71985000976017,17,17,archive/evaluations/20260916_evidence_B_diverse_dense4_v01/tracking/trajectories/original/014_S03_V5-E3-10_ballwall__m1__l2_e1/pd66_014_S03_V5-E3-10_ballwall__m1__l2_e1__e0.726830__s918273__original_diverse4.json
ballwall,014_S03_V5-E3-10_ballwall__m1__l2_e1,e,0.785222,918273,original,dense_addition,218.177312692277,17,17,archive/evaluations/20260916_evidence_B_diverse_dense4_v01/tracking/trajectories/original/014_S03_V5-E3-10_ballwall__m1__l2_e1/pd66_014_S03_V5-E3-10_ballwall__m1__l2_e1__e0.785222__s918273__original_diverse4.json
ballwall,014_S03_V5-E3-10_ballwall__m1__l2_e1,e,0.812156,918273,original,dense_addition,240.40095660217864,17,17,archive/evaluations/20260916_evidence_B_diverse_dense4_v01/tracking/trajectories/original/014_S03_V5-E3-10_ballwall__m1__l2_e1/pd66_014_S03_V5-E3-10_ballwall__m1__l2_e1__e0.812156__s918273__original_diverse4.json
ballwall,014_S03_V5-E3-10_ballwall__m1__l2_e1,e,0.839091,918273,original,dense_addition,240.7595825419678,17,17,archive/evaluations/20260916_evidence_B_diverse_dense4_v01/tracking/trajectories/original/014_S03_V5-E3-10_ballwall__m1__l2_e1/pd66_014_S03_V5-E3-10_ballwall__m1__l2_e1__e0.839091__s918273__original_diverse4.json
ballwall,014_S03_V5-E3-10_ballwall__m1__l2_e1,e,0.223606795,918273,removed,existing_anchor,0.0,35,35,archive/evaluations/20260916_evidence_B_exhaustive75x3_v01/removed/tracking/trajectories/removed/014_S03_V5-E3-10_ballwall__m1__l2_e1/pd66_014_S03_V5-E3-10_ballwall__m1__l2_e1__eL0__s918273__e_message_removed_exhaustive.json
ballwall,014_S03_V5-E3-10_ballwall__m1__l2_e1,e,0.474341661,918273,removed,existing_anchor,0.0,35,35,archive/evaluations/20260916_evidence_B_exhaustive75x3_v01/removed/tracking/trajectories/removed/014_S03_V5-E3-10_ballwall__m1__l2_e1/pd66_014_S03_V5-E3-10_ballwall__m1__l2_e1__eL1__s918273__e_message_removed_exhaustive.json
ballwall,014_S03_V5-E3-10_ballwall__m1__l2_e1,e,0.632455528,918273,removed,existing_anchor,0.0,35,35,archive/evaluations/20260916_evidence_B_exhaustive75x3_v01/removed/tracking/trajectories/removed/014_S03_V5-E3-10_ballwall__m1__l2_e1/pd66_014_S03_V5-E3-10_ballwall__m1__l2_e1__CENTER__s918273__e_message_removed_exhaustive.json
ballwall,014_S03_V5-E3-10_ballwall__m1__l2_e1,e,0.758287549,918273,removed,existing_anchor,0.0,35,35,archive/evaluations/20260916_evidence_B_exhaustive75x3_v01/removed/tracking/trajectories/removed/014_S03_V5-E3-10_ballwall__m1__l2_e1/pd66_014_S03_V5-E3-10_ballwall__m1__l2_e1__eL3__s918273__e_message_removed_exhaustive.json
ballwall,014_S03_V5-E3-10_ballwall__m1__l2_e1,e,0.866025388,918273,removed,existing_anchor,0.0,35,35,archive/evaluations/20260916_evidence_B_exhaustive75x3_v01/removed/tracking/trajectories/removed/014_S03_V5-E3-10_ballwall__m1__l2_e1/pd66_014_S03_V5-E3-10_ballwall__m1__l2_e1__eL4__s918273__e_message_removed_exhaustive.json
ballwall,014_S03_V5-E3-10_ballwall__m1__l2_e1,e,0.286291,918273,removed,dense_addition,0.0,35,35,archive/evaluations/20260916_evidence_B_diverse_dense4_v01/tracking/trajectories/removed/014_S03_V5-E3-10_ballwall__m1__l2_e1/pd66_014_S03_V5-E3-10_ballwall__m1__l2_e1__e0.286291__s918273__removed_diverse4.json
ballwall,014_S03_V5-E3-10_ballwall__m1__l2_e1,e,0.348974,918273,removed,dense_addition,0.0,35,35,archive/evaluations/20260916_evidence_B_diverse_dense4_v01/tracking/trajectories/removed/014_S03_V5-E3-10_ballwall__m1__l2_e1/pd66_014_S03_V5-E3-10_ballwall__m1__l2_e1__e0.348974__s918273__removed_diverse4.json
ballwall,014_S03_V5-E3-10_ballwall__m1__l2_e1,e,0.411658,918273,removed,dense_addition,0.0,35,35,archive/evaluations/20260916_evidence_B_diverse_dense4_v01/tracking/trajectories/removed/014_S03_V5-E3-10_ballwall__m1__l2_e1/pd66_014_S03_V5-E3-10_ballwall__m1__l2_e1__e0.411658__s918273__removed_diverse4.json
ballwall,014_S03_V5-E3-10_ballwall__m1__l2_e1,e,0.513870,918273,removed,dense_addition,0.0,35,35,archive/evaluations/20260916_evidence_B_diverse_dense4_v01/tracking/trajectories/removed/014_S03_V5-E3-10_ballwall__m1__l2_e1/pd66_014_S03_V5-E3-10_ballwall__m1__l2_e1__e0.513870__s918273__removed_diverse4.json
ballwall,014_S03_V5-E3-10_ballwall__m1__l2_e1,e,0.553399,918273,removed,dense_addition,0.0,35,35,archive/evaluations/20260916_evidence_B_diverse_dense4_v01/tracking/trajectories/removed/014_S03_V5-E3-10_ballwall__m1__l2_e1/pd66_014_S03_V5-E3-10_ballwall__m1__l2_e1__e0.553399__s918273__removed_diverse4.json
ballwall,014_S03_V5-E3-10_ballwall__m1__l2_e1,e,0.592927,918273,removed,dense_addition,0.0,35,35,archive/evaluations/20260916_evidence_B_diverse_dense4_v01/tracking/trajectories/removed/014_S03_V5-E3-10_ballwall__m1__l2_e1/pd66_014_S03_V5-E3-10_ballwall__m1__l2_e1__e0.592927__s918273__removed_diverse4.json
ballwall,014_S03_V5-E3-10_ballwall__m1__l2_e1,e,0.663914,918273,removed,dense_addition,0.0,35,35,archive/evaluations/20260916_evidence_B_diverse_dense4_v01/tracking/trajectories/removed/014_S03_V5-E3-10_ballwall__m1__l2_e1/pd66_014_S03_V5-E3-10_ballwall__m1__l2_e1__e0.663914__s918273__removed_diverse4.json
ballwall,014_S03_V5-E3-10_ballwall__m1__l2_e1,e,0.695372,918273,removed,dense_addition,0.0,35,35,archive/evaluations/20260916_evidence_B_diverse_dense4_v01/tracking/trajectories/removed/014_S03_V5-E3-10_ballwall__m1__l2_e1/pd66_014_S03_V5-E3-10_ballwall__m1__l2_e1__e0.695372__s918273__removed_diverse4.json
ballwall,014_S03_V5-E3-10_ballwall__m1__l2_e1,e,0.726830,918273,removed,dense_addition,0.0,35,35,archive/evaluations/20260916_evidence_B_diverse_dense4_v01/tracking/trajectories/removed/014_S03_V5-E3-10_ballwall__m1__l2_e1/pd66_014_S03_V5-E3-10_ballwall__m1__l2_e1__e0.726830__s918273__removed_diverse4.json
ballwall,014_S03_V5-E3-10_ballwall__m1__l2_e1,e,0.785222,918273,removed,dense_addition,0.0,35,35,archive/evaluations/20260916_evidence_B_diverse_dense4_v01/tracking/trajectories/removed/014_S03_V5-E3-10_ballwall__m1__l2_e1/pd66_014_S03_V5-E3-10_ballwall__m1__l2_e1__e0.785222__s918273__removed_diverse4.json
ballwall,014_S03_V5-E3-10_ballwall__m1__l2_e1,e,0.812156,918273,removed,dense_addition,0.0,35,35,archive/evaluations/20260916_evidence_B_diverse_dense4_v01/tracking/trajectories/removed/014_S03_V5-E3-10_ballwall__m1__l2_e1/pd66_014_S03_V5-E3-10_ballwall__m1__l2_e1__e0.812156__s918273__removed_diverse4.json
ballwall,014_S03_V5-E3-10_ballwall__m1__l2_e1,e,0.839091,918273,removed,dense_addition,0.0,35,35,archive/evaluations/20260916_evidence_B_diverse_dense4_v01/tracking/trajectories/removed/014_S03_V5-E3-10_ballwall__m1__l2_e1/pd66_014_S03_V5-E3-10_ballwall__m1__l2_e1__e0.839091__s918273__removed_diverse4.json
ramp,041_S07_S07_05,mu,0.200000003,42,original,existing_anchor,28.51813227361822,24,24,archive/evaluations/20260909_corrected_pcf_m_balance/tracking/trajectories/h2/041_S07_S07_05/pd66_041_S07_S07_05__muL0__s42.json
ramp,041_S07_S07_05,mu,0.300000012,42,original,existing_anchor,25.287152853946395,24,24,archive/evaluations/20260909_corrected_pcf_m_balance/tracking/trajectories/h2/041_S07_S07_05/pd66_041_S07_S07_05__muL1__s42.json
ramp,041_S07_S07_05,mu,0.400000006,42,original,existing_anchor,16.96355227205072,24,24,archive/evaluations/20260909_corrected_pcf_m_balance/tracking/trajectories/h2/041_S07_S07_05/pd66_041_S07_S07_05__CENTER__s42.json
ramp,041_S07_S07_05,mu,0.5,42,original,existing_anchor,2.6093433568119053,24,24,archive/evaluations/20260909_corrected_pcf_m_balance/tracking/trajectories/h2/041_S07_S07_05/pd66_041_S07_S07_05__muL3__s42.json
ramp,041_S07_S07_05,mu,0.600000024,42,original,existing_anchor,2.254247715606482,24,24,archive/evaluations/20260909_corrected_pcf_m_balance/tracking/trajectories/h2/041_S07_S07_05/pd66_041_S07_S07_05__muL4__s42.json
ramp,041_S07_S07_05,mu,0.225000,42,original,dense_addition,27.42155779130823,24,24,archive/evaluations/20260916_evidence_B_diverse_dense4_v01/tracking/trajectories/original/041_S07_S07_05/pd66_041_S07_S07_05__mu0.225000__s42__original_diverse4.json
ramp,041_S07_S07_05,mu,0.250000,42,original,dense_addition,25.84067827377615,24,24,archive/evaluations/20260916_evidence_B_diverse_dense4_v01/tracking/trajectories/original/041_S07_S07_05/pd66_041_S07_S07_05__mu0.250000__s42__original_diverse4.json
ramp,041_S07_S07_05,mu,0.275000,42,original,dense_addition,25.535724577041634,24,24,archive/evaluations/20260916_evidence_B_diverse_dense4_v01/tracking/trajectories/original/041_S07_S07_05/pd66_041_S07_S07_05__mu0.275000__s42__original_diverse4.json
ramp,041_S07_S07_05,mu,0.325000,42,original,dense_addition,22.719458557819593,24,24,archive/evaluations/20260916_evidence_B_diverse_dense4_v01/tracking/trajectories/original/041_S07_S07_05/pd66_041_S07_S07_05__mu0.325000__s42__original_diverse4.json
ramp,041_S07_S07_05,mu,0.350000,42,original,dense_addition,18.29174557700773,24,24,archive/evaluations/20260916_evidence_B_diverse_dense4_v01/tracking/trajectories/original/041_S07_S07_05/pd66_041_S07_S07_05__mu0.350000__s42__original_diverse4.json
ramp,041_S07_S07_05,mu,0.375000,42,original,dense_addition,17.386268121893806,24,24,archive/evaluations/20260916_evidence_B_diverse_dense4_v01/tracking/trajectories/original/041_S07_S07_05/pd66_041_S07_S07_05__mu0.375000__s42__original_diverse4.json
ramp,041_S07_S07_05,mu,0.425000,42,original,dense_addition,15.985249404262788,24,24,archive/evaluations/20260916_evidence_B_diverse_dense4_v01/tracking/trajectories/original/041_S07_S07_05/pd66_041_S07_S07_05__mu0.425000__s42__original_diverse4.json
ramp,041_S07_S07_05,mu,0.450000,42,original,dense_addition,3.3673517080077318,24,24,archive/evaluations/20260916_evidence_B_diverse_dense4_v01/tracking/trajectories/original/041_S07_S07_05/pd66_041_S07_S07_05__mu0.450000__s42__original_diverse4.json
ramp,041_S07_S07_05,mu,0.475000,42,original,dense_addition,2.733395330481585,24,24,archive/evaluations/20260916_evidence_B_diverse_dense4_v01/tracking/trajectories/original/041_S07_S07_05/pd66_041_S07_S07_05__mu0.475000__s42__original_diverse4.json
ramp,041_S07_S07_05,mu,0.525000,42,original,dense_addition,2.5715731438014586,24,24,archive/evaluations/20260916_evidence_B_diverse_dense4_v01/tracking/trajectories/original/041_S07_S07_05/pd66_041_S07_S07_05__mu0.525000__s42__original_diverse4.json
ramp,041_S07_S07_05,mu,0.550000,42,original,dense_addition,2.474067569665465,24,24,archive/evaluations/20260916_evidence_B_diverse_dense4_v01/tracking/trajectories/original/041_S07_S07_05/pd66_041_S07_S07_05__mu0.550000__s42__original_diverse4.json
ramp,041_S07_S07_05,mu,0.575000,42,original,dense_addition,2.3875291081269836,24,24,archive/evaluations/20260916_evidence_B_diverse_dense4_v01/tracking/trajectories/original/041_S07_S07_05/pd66_041_S07_S07_05__mu0.575000__s42__original_diverse4.json
ramp,041_S07_S07_05,mu,0.200000003,42,removed,existing_anchor,12.373306949688413,24,24,archive/evaluations/20260916_evidence_B_exhaustive75x3_v01/removed/tracking/trajectories/removed/041_S07_S07_05/pd66_041_S07_S07_05__muL0__s42__mu_message_removed_exhaustive.json
ramp,041_S07_S07_05,mu,0.300000012,42,removed,existing_anchor,12.36426693452077,24,24,archive/evaluations/20260916_evidence_B_exhaustive75x3_v01/removed/tracking/trajectories/removed/041_S07_S07_05/pd66_041_S07_S07_05__muL1__s42__mu_message_removed_exhaustive.json
ramp,041_S07_S07_05,mu,0.400000006,42,removed,existing_anchor,12.354413723511612,24,24,archive/evaluations/20260916_evidence_B_exhaustive75x3_v01/removed/tracking/trajectories/removed/041_S07_S07_05/pd66_041_S07_S07_05__CENTER__s42__mu_message_removed_exhaustive.json
ramp,041_S07_S07_05,mu,0.5,42,removed,existing_anchor,12.26970837652641,24,24,archive/evaluations/20260916_evidence_B_exhaustive75x3_v01/removed/tracking/trajectories/removed/041_S07_S07_05/pd66_041_S07_S07_05__muL3__s42__mu_message_removed_exhaustive.json
ramp,041_S07_S07_05,mu,0.600000024,42,removed,existing_anchor,12.206491260569749,24,24,archive/evaluations/20260916_evidence_B_exhaustive75x3_v01/removed/tracking/trajectories/removed/041_S07_S07_05/pd66_041_S07_S07_05__muL4__s42__mu_message_removed_exhaustive.json
ramp,041_S07_S07_05,mu,0.225000,42,removed,dense_addition,12.3953392676124,24,24,archive/evaluations/20260916_evidence_B_diverse_dense4_v01/tracking/trajectories/removed/041_S07_S07_05/pd66_041_S07_S07_05__mu0.225000__s42__removed_diverse4.json
ramp,041_S07_S07_05,mu,0.250000,42,removed,dense_addition,12.367988094220976,24,24,archive/evaluations/20260916_evidence_B_diverse_dense4_v01/tracking/trajectories/removed/041_S07_S07_05/pd66_041_S07_S07_05__mu0.250000__s42__removed_diverse4.json
ramp,041_S07_S07_05,mu,0.275000,42,removed,dense_addition,12.417270866368739,24,24,archive/evaluations/20260916_evidence_B_diverse_dense4_v01/tracking/trajectories/removed/041_S07_S07_05/pd66_041_S07_S07_05__mu0.275000__s42__removed_diverse4.json
ramp,041_S07_S07_05,mu,0.325000,42,removed,dense_addition,12.353270866368746,24,24,archive/evaluations/20260916_evidence_B_diverse_dense4_v01/tracking/trajectories/removed/041_S07_S07_05/pd66_041_S07_S07_05__mu0.325000__s42__removed_diverse4.json
ramp,041_S07_S07_05,mu,0.350000,42,removed,dense_addition,12.373306949688413,24,24,archive/evaluations/20260916_evidence_B_diverse_dense4_v01/tracking/trajectories/removed/041_S07_S07_05/pd66_041_S07_S07_05__mu0.350000__s42__removed_diverse4.json
ramp,041_S07_S07_05,mu,0.375000,42,removed,dense_addition,12.340699437797326,24,24,archive/evaluations/20260916_evidence_B_diverse_dense4_v01/tracking/trajectories/removed/041_S07_S07_05/pd66_041_S07_S07_05__mu0.375000__s42__removed_diverse4.json
ramp,041_S07_S07_05,mu,0.425000,42,removed,dense_addition,12.353945833603348,24,24,archive/evaluations/20260916_evidence_B_diverse_dense4_v01/tracking/trajectories/removed/041_S07_S07_05/pd66_041_S07_S07_05__mu0.425000__s42__removed_diverse4.json
ramp,041_S07_S07_05,mu,0.450000,42,removed,dense_addition,12.341501925115267,24,24,archive/evaluations/20260916_evidence_B_diverse_dense4_v01/tracking/trajectories/removed/041_S07_S07_05/pd66_041_S07_S07_05__mu0.450000__s42__removed_diverse4.json
ramp,041_S07_S07_05,mu,0.475000,42,removed,dense_addition,12.298803746187332,24,24,archive/evaluations/20260916_evidence_B_diverse_dense4_v01/tracking/trajectories/removed/041_S07_S07_05/pd66_041_S07_S07_05__mu0.475000__s42__removed_diverse4.json
ramp,041_S07_S07_05,mu,0.525000,42,removed,dense_addition,12.190527748597134,24,24,archive/evaluations/20260916_evidence_B_diverse_dense4_v01/tracking/trajectories/removed/041_S07_S07_05/pd66_041_S07_S07_05__mu0.525000__s42__removed_diverse4.json
ramp,041_S07_S07_05,mu,0.550000,42,removed,dense_addition,12.247231905329784,24,24,archive/evaluations/20260916_evidence_B_diverse_dense4_v01/tracking/trajectories/removed/041_S07_S07_05/pd66_041_S07_S07_05__mu0.550000__s42__removed_diverse4.json
ramp,041_S07_S07_05,mu,0.575000,42,removed,dense_addition,12.307556580654477,24,24,archive/evaluations/20260916_evidence_B_diverse_dense4_v01/tracking/trajectories/removed/041_S07_S07_05/pd66_041_S07_S07_05__mu0.575000__s42__removed_diverse4.json
ramp,041_S07_S07_05,mu,0.200000003,3407,original,existing_anchor,56.64616023264156,24,24,archive/evaluations/20260909_corrected_pcf_m_balance/tracking/trajectories/h2/041_S07_S07_05/pd66_041_S07_S07_05__muL0__s3407.json
ramp,041_S07_S07_05,mu,0.300000012,3407,original,existing_anchor,24.61646414367968,24,24,archive/evaluations/20260909_corrected_pcf_m_balance/tracking/trajectories/h2/041_S07_S07_05/pd66_041_S07_S07_05__muL1__s3407.json
ramp,041_S07_S07_05,mu,0.400000006,3407,original,existing_anchor,13.8862900121714,24,24,archive/evaluations/20260909_corrected_pcf_m_balance/tracking/trajectories/h2/041_S07_S07_05/pd66_041_S07_S07_05__CENTER__s3407.json
ramp,041_S07_S07_05,mu,0.5,3407,original,existing_anchor,3.42586556065163,24,24,archive/evaluations/20260909_corrected_pcf_m_balance/tracking/trajectories/h2/041_S07_S07_05/pd66_041_S07_S07_05__muL3__s3407.json
ramp,041_S07_S07_05,mu,0.600000024,3407,original,existing_anchor,0.20415051505818838,24,24,archive/evaluations/20260909_corrected_pcf_m_balance/tracking/trajectories/h2/041_S07_S07_05/pd66_041_S07_S07_05__muL4__s3407.json
ramp,041_S07_S07_05,mu,0.225000,3407,original,dense_addition,54.356762172198955,24,24,archive/evaluations/20260916_evidence_B_diverse_dense4_v01/tracking/trajectories/original/041_S07_S07_05/pd66_041_S07_S07_05__mu0.225000__s3407__original_diverse4.json
ramp,041_S07_S07_05,mu,0.250000,3407,original,dense_addition,27.01828257597063,24,24,archive/evaluations/20260916_evidence_B_diverse_dense4_v01/tracking/trajectories/original/041_S07_S07_05/pd66_041_S07_S07_05__mu0.250000__s3407__original_diverse4.json
ramp,041_S07_S07_05,mu,0.275000,3407,original,dense_addition,25.403549316731954,24,24,archive/evaluations/20260916_evidence_B_diverse_dense4_v01/tracking/trajectories/original/041_S07_S07_05/pd66_041_S07_S07_05__mu0.275000__s3407__original_diverse4.json
ramp,041_S07_S07_05,mu,0.325000,3407,original,dense_addition,21.237334216232767,24,24,archive/evaluations/20260916_evidence_B_diverse_dense4_v01/tracking/trajectories/original/041_S07_S07_05/pd66_041_S07_S07_05__mu0.325000__s3407__original_diverse4.json
ramp,041_S07_S07_05,mu,0.350000,3407,original,dense_addition,20.952490736347073,24,24,archive/evaluations/20260916_evidence_B_diverse_dense4_v01/tracking/trajectories/original/041_S07_S07_05/pd66_041_S07_S07_05__mu0.350000__s3407__original_diverse4.json
ramp,041_S07_S07_05,mu,0.375000,3407,original,dense_addition,14.768775068049422,24,24,archive/evaluations/20260916_evidence_B_diverse_dense4_v01/tracking/trajectories/original/041_S07_S07_05/pd66_041_S07_S07_05__mu0.375000__s3407__original_diverse4.json
ramp,041_S07_S07_05,mu,0.425000,3407,original,dense_addition,13.73990247606784,24,24,archive/evaluations/20260916_evidence_B_diverse_dense4_v01/tracking/trajectories/original/041_S07_S07_05/pd66_041_S07_S07_05__mu0.425000__s3407__original_diverse4.json
ramp,041_S07_S07_05,mu,0.450000,3407,original,dense_addition,10.715212110608377,24,24,archive/evaluations/20260916_evidence_B_diverse_dense4_v01/tracking/trajectories/original/041_S07_S07_05/pd66_041_S07_S07_05__mu0.450000__s3407__original_diverse4.json
ramp,041_S07_S07_05,mu,0.475000,3407,original,dense_addition,9.206378463962153,24,24,archive/evaluations/20260916_evidence_B_diverse_dense4_v01/tracking/trajectories/original/041_S07_S07_05/pd66_041_S07_S07_05__mu0.475000__s3407__original_diverse4.json
ramp,041_S07_S07_05,mu,0.525000,3407,original,dense_addition,1.853158821550835,24,24,archive/evaluations/20260916_evidence_B_diverse_dense4_v01/tracking/trajectories/original/041_S07_S07_05/pd66_041_S07_S07_05__mu0.525000__s3407__original_diverse4.json
ramp,041_S07_S07_05,mu,0.550000,3407,original,dense_addition,0.3766239453052549,24,24,archive/evaluations/20260916_evidence_B_diverse_dense4_v01/tracking/trajectories/original/041_S07_S07_05/pd66_041_S07_S07_05__mu0.550000__s3407__original_diverse4.json
ramp,041_S07_S07_05,mu,0.575000,3407,original,dense_addition,0.2305484684586645,24,24,archive/evaluations/20260916_evidence_B_diverse_dense4_v01/tracking/trajectories/original/041_S07_S07_05/pd66_041_S07_S07_05__mu0.575000__s3407__original_diverse4.json
ramp,041_S07_S07_05,mu,0.200000003,3407,removed,existing_anchor,16.807778992972686,24,24,archive/evaluations/20260916_evidence_B_exhaustive75x3_v01/removed/tracking/trajectories/removed/041_S07_S07_05/pd66_041_S07_S07_05__muL0__s3407__mu_message_removed_exhaustive.json
ramp,041_S07_S07_05,mu,0.300000012,3407,removed,existing_anchor,16.86292368367097,24,24,archive/evaluations/20260916_evidence_B_exhaustive75x3_v01/removed/tracking/trajectories/removed/041_S07_S07_05/pd66_041_S07_S07_05__muL1__s3407__mu_message_removed_exhaustive.json
ramp,041_S07_S07_05,mu,0.400000006,3407,removed,existing_anchor,16.748539918540303,24,24,archive/evaluations/20260916_evidence_B_exhaustive75x3_v01/removed/tracking/trajectories/removed/041_S07_S07_05/pd66_041_S07_S07_05__CENTER__s3407__mu_message_removed_exhaustive.json
ramp,041_S07_S07_05,mu,0.5,3407,removed,existing_anchor,16.58097976124745,24,24,archive/evaluations/20260916_evidence_B_exhaustive75x3_v01/removed/tracking/trajectories/removed/041_S07_S07_05/pd66_041_S07_S07_05__muL3__s3407__mu_message_removed_exhaustive.json
ramp,041_S07_S07_05,mu,0.600000024,3407,removed,existing_anchor,18.790720158649492,24,24,archive/evaluations/20260916_evidence_B_exhaustive75x3_v01/removed/tracking/trajectories/removed/041_S07_S07_05/pd66_041_S07_S07_05__muL4__s3407__mu_message_removed_exhaustive.json
ramp,041_S07_S07_05,mu,0.225000,3407,removed,dense_addition,16.843707136685254,24,24,archive/evaluations/20260916_evidence_B_diverse_dense4_v01/tracking/trajectories/removed/041_S07_S07_05/pd66_041_S07_S07_05__mu0.225000__s3407__removed_diverse4.json
ramp,041_S07_S07_05,mu,0.250000,3407,removed,dense_addition,18.427849620947512,24,24,archive/evaluations/20260916_evidence_B_diverse_dense4_v01/tracking/trajectories/removed/041_S07_S07_05/pd66_041_S07_S07_05__mu0.250000__s3407__removed_diverse4.json
ramp,041_S07_S07_05,mu,0.275000,3407,removed,dense_addition,17.367007298218397,24,24,archive/evaluations/20260916_evidence_B_diverse_dense4_v01/tracking/trajectories/removed/041_S07_S07_05/pd66_041_S07_S07_05__mu0.275000__s3407__removed_diverse4.json
ramp,041_S07_S07_05,mu,0.325000,3407,removed,dense_addition,16.734194818038958,24,24,archive/evaluations/20260916_evidence_B_diverse_dense4_v01/tracking/trajectories/removed/041_S07_S07_05/pd66_041_S07_S07_05__mu0.325000__s3407__removed_diverse4.json
ramp,041_S07_S07_05,mu,0.350000,3407,removed,dense_addition,16.98238159499755,24,24,archive/evaluations/20260916_evidence_B_diverse_dense4_v01/tracking/trajectories/removed/041_S07_S07_05/pd66_041_S07_S07_05__mu0.350000__s3407__removed_diverse4.json
ramp,041_S07_S07_05,mu,0.375000,3407,removed,dense_addition,16.84755658065447,24,24,archive/evaluations/20260916_evidence_B_diverse_dense4_v01/tracking/trajectories/removed/041_S07_S07_05/pd66_041_S07_S07_05__mu0.375000__s3407__removed_diverse4.json
ramp,041_S07_S07_05,mu,0.425000,3407,removed,dense_addition,16.483523959732082,24,24,archive/evaluations/20260916_evidence_B_diverse_dense4_v01/tracking/trajectories/removed/041_S07_S07_05/pd66_041_S07_S07_05__mu0.425000__s3407__removed_diverse4.json
ramp,041_S07_S07_05,mu,0.450000,3407,removed,dense_addition,16.397119262870206,24,24,archive/evaluations/20260916_evidence_B_diverse_dense4_v01/tracking/trajectories/removed/041_S07_S07_05/pd66_041_S07_S07_05__mu0.450000__s3407__removed_diverse4.json
ramp,041_S07_S07_05,mu,0.475000,3407,removed,dense_addition,16.83047136039923,24,24,archive/evaluations/20260916_evidence_B_diverse_dense4_v01/tracking/trajectories/removed/041_S07_S07_05/pd66_041_S07_S07_05__mu0.475000__s3407__removed_diverse4.json
ramp,041_S07_S07_05,mu,0.525000,3407,removed,dense_addition,19.1617146172554,24,24,archive/evaluations/20260916_evidence_B_diverse_dense4_v01/tracking/trajectories/removed/041_S07_S07_05/pd66_041_S07_S07_05__mu0.525000__s3407__removed_diverse4.json
ramp,041_S07_S07_05,mu,0.550000,3407,removed,dense_addition,18.63863707376541,24,24,archive/evaluations/20260916_evidence_B_diverse_dense4_v01/tracking/trajectories/removed/041_S07_S07_05/pd66_041_S07_S07_05__mu0.550000__s3407__removed_diverse4.json
ramp,041_S07_S07_05,mu,0.575000,3407,removed,dense_addition,19.065240284463044,24,24,archive/evaluations/20260916_evidence_B_diverse_dense4_v01/tracking/trajectories/removed/041_S07_S07_05/pd66_041_S07_S07_05__mu0.575000__s3407__removed_diverse4.json
ramp,041_S07_S07_05,mu,0.200000003,918273,original,existing_anchor,44.574200448212366,24,24,archive/evaluations/20260909_corrected_pcf_m_balance/tracking/trajectories/h2/041_S07_S07_05/pd66_041_S07_S07_05__muL0__s918273.json
ramp,041_S07_S07_05,mu,0.300000012,918273,original,existing_anchor,42.38000362887439,24,24,archive/evaluations/20260909_corrected_pcf_m_balance/tracking/trajectories/h2/041_S07_S07_05/pd66_041_S07_S07_05__muL1__s918273.json
ramp,041_S07_S07_05,mu,0.400000006,918273,original,existing_anchor,7.576335048563379,24,24,archive/evaluations/20260909_corrected_pcf_m_balance/tracking/trajectories/h2/041_S07_S07_05/pd66_041_S07_S07_05__CENTER__s918273.json
ramp,041_S07_S07_05,mu,0.5,918273,original,existing_anchor,0.17653812542548053,24,24,archive/evaluations/20260909_corrected_pcf_m_balance/tracking/trajectories/h2/041_S07_S07_05/pd66_041_S07_S07_05__muL3__s918273.json
ramp,041_S07_S07_05,mu,0.600000024,918273,original,existing_anchor,0.15549005938947857,24,24,archive/evaluations/20260909_corrected_pcf_m_balance/tracking/trajectories/h2/041_S07_S07_05/pd66_041_S07_S07_05__muL4__s918273.json
ramp,041_S07_S07_05,mu,0.225000,918273,original,dense_addition,44.30691752372877,24,24,archive/evaluations/20260916_evidence_B_diverse_dense4_v01/tracking/trajectories/original/041_S07_S07_05/pd66_041_S07_S07_05__mu0.225000__s918273__original_diverse4.json
ramp,041_S07_S07_05,mu,0.250000,918273,original,dense_addition,43.59346314517302,24,24,archive/evaluations/20260916_evidence_B_diverse_dense4_v01/tracking/trajectories/original/041_S07_S07_05/pd66_041_S07_S07_05__mu0.250000__s918273__original_diverse4.json
ramp,041_S07_S07_05,mu,0.275000,918273,original,dense_addition,43.16728806353274,24,24,archive/evaluations/20260916_evidence_B_diverse_dense4_v01/tracking/trajectories/original/041_S07_S07_05/pd66_041_S07_S07_05__mu0.275000__s918273__original_diverse4.json
ramp,041_S07_S07_05,mu,0.325000,918273,original,dense_addition,41.586009856701736,24,24,archive/evaluations/20260916_evidence_B_diverse_dense4_v01/tracking/trajectories/original/041_S07_S07_05/pd66_041_S07_S07_05__mu0.325000__s918273__original_diverse4.json
ramp,041_S07_S07_05,mu,0.350000,918273,original,dense_addition,34.08217034765292,24,24,archive/evaluations/20260916_evidence_B_diverse_dense4_v01/tracking/trajectories/original/041_S07_S07_05/pd66_041_S07_S07_05__mu0.350000__s918273__original_diverse4.json
ramp,041_S07_S07_05,mu,0.375000,918273,original,dense_addition,13.869646229154938,24,24,archive/evaluations/20260916_evidence_B_diverse_dense4_v01/tracking/trajectories/original/041_S07_S07_05/pd66_041_S07_S07_05__mu0.375000__s918273__original_diverse4.json
ramp,041_S07_S07_05,mu,0.425000,918273,original,dense_addition,6.7609548056759365,24,24,archive/evaluations/20260916_evidence_B_diverse_dense4_v01/tracking/trajectories/original/041_S07_S07_05/pd66_041_S07_S07_05__mu0.425000__s918273__original_diverse4.json
ramp,041_S07_S07_05,mu,0.450000,918273,original,dense_addition,0.17301410592079947,24,24,archive/evaluations/20260916_evidence_B_diverse_dense4_v01/tracking/trajectories/original/041_S07_S07_05/pd66_041_S07_S07_05__mu0.450000__s918273__original_diverse4.json
ramp,041_S07_S07_05,mu,0.475000,918273,original,dense_addition,0.1385972799169508,24,24,archive/evaluations/20260916_evidence_B_diverse_dense4_v01/tracking/trajectories/original/041_S07_S07_05/pd66_041_S07_S07_05__mu0.475000__s918273__original_diverse4.json
ramp,041_S07_S07_05,mu,0.525000,918273,original,dense_addition,0.15580569291887514,24,24,archive/evaluations/20260916_evidence_B_diverse_dense4_v01/tracking/trajectories/original/041_S07_S07_05/pd66_041_S07_S07_05__mu0.525000__s918273__original_diverse4.json
ramp,041_S07_S07_05,mu,0.550000,918273,original,dense_addition,0.21041372351160703,24,24,archive/evaluations/20260916_evidence_B_diverse_dense4_v01/tracking/trajectories/original/041_S07_S07_05/pd66_041_S07_S07_05__mu0.550000__s918273__original_diverse4.json
ramp,041_S07_S07_05,mu,0.575000,918273,original,dense_addition,0.18984120442763697,24,24,archive/evaluations/20260916_evidence_B_diverse_dense4_v01/tracking/trajectories/original/041_S07_S07_05/pd66_041_S07_S07_05__mu0.575000__s918273__original_diverse4.json
ramp,041_S07_S07_05,mu,0.200000003,918273,removed,existing_anchor,26.663592181800936,24,24,archive/evaluations/20260916_evidence_B_exhaustive75x3_v01/removed/tracking/trajectories/removed/041_S07_S07_05/pd66_041_S07_S07_05__muL0__s918273__mu_message_removed_exhaustive.json
ramp,041_S07_S07_05,mu,0.300000012,918273,removed,existing_anchor,26.714167700181804,24,24,archive/evaluations/20260916_evidence_B_exhaustive75x3_v01/removed/tracking/trajectories/removed/041_S07_S07_05/pd66_041_S07_S07_05__muL1__s918273__mu_message_removed_exhaustive.json
ramp,041_S07_S07_05,mu,0.400000006,918273,removed,existing_anchor,26.595787801488427,24,24,archive/evaluations/20260916_evidence_B_exhaustive75x3_v01/removed/tracking/trajectories/removed/041_S07_S07_05/pd66_041_S07_S07_05__CENTER__s918273__mu_message_removed_exhaustive.json
ramp,041_S07_S07_05,mu,0.5,918273,removed,existing_anchor,26.680487641146243,24,24,archive/evaluations/20260916_evidence_B_exhaustive75x3_v01/removed/tracking/trajectories/removed/041_S07_S07_05/pd66_041_S07_S07_05__muL3__s918273__mu_message_removed_exhaustive.json
ramp,041_S07_S07_05,mu,0.600000024,918273,removed,existing_anchor,26.570837003934884,24,24,archive/evaluations/20260916_evidence_B_exhaustive75x3_v01/removed/tracking/trajectories/removed/041_S07_S07_05/pd66_041_S07_S07_05__muL4__s918273__mu_message_removed_exhaustive.json
ramp,041_S07_S07_05,mu,0.225000,918273,removed,dense_addition,26.660225044266326,24,24,archive/evaluations/20260916_evidence_B_diverse_dense4_v01/tracking/trajectories/removed/041_S07_S07_05/pd66_041_S07_S07_05__mu0.225000__s918273__removed_diverse4.json
ramp,041_S07_S07_05,mu,0.250000,918273,removed,dense_addition,27.041033558222352,24,24,archive/evaluations/20260916_evidence_B_diverse_dense4_v01/tracking/trajectories/removed/041_S07_S07_05/pd66_041_S07_S07_05__mu0.250000__s918273__removed_diverse4.json
ramp,041_S07_S07_05,mu,0.275000,918273,removed,dense_addition,26.875029108126995,24,24,archive/evaluations/20260916_evidence_B_diverse_dense4_v01/tracking/trajectories/removed/041_S07_S07_05/pd66_041_S07_S07_05__mu0.275000__s918273__removed_diverse4.json
ramp,041_S07_S07_05,mu,0.325000,918273,removed,dense_addition,26.93943535070008,24,24,archive/evaluations/20260916_evidence_B_diverse_dense4_v01/tracking/trajectories/removed/041_S07_S07_05/pd66_041_S07_S07_05__mu0.325000__s918273__removed_diverse4.json
ramp,041_S07_S07_05,mu,0.350000,918273,removed,dense_addition,26.656194807464857,24,24,archive/evaluations/20260916_evidence_B_diverse_dense4_v01/tracking/trajectories/removed/041_S07_S07_05/pd66_041_S07_S07_05__mu0.350000__s918273__removed_diverse4.json
ramp,041_S07_S07_05,mu,0.375000,918273,removed,dense_addition,26.96371967833707,24,24,archive/evaluations/20260916_evidence_B_diverse_dense4_v01/tracking/trajectories/removed/041_S07_S07_05/pd66_041_S07_S07_05__mu0.375000__s918273__removed_diverse4.json
ramp,041_S07_S07_05,mu,0.425000,918273,removed,dense_addition,26.67587210075081,24,24,archive/evaluations/20260916_evidence_B_diverse_dense4_v01/tracking/trajectories/removed/041_S07_S07_05/pd66_041_S07_S07_05__mu0.425000__s918273__removed_diverse4.json
ramp,041_S07_S07_05,mu,0.450000,918273,removed,dense_addition,26.68264061426791,24,24,archive/evaluations/20260916_evidence_B_diverse_dense4_v01/tracking/trajectories/removed/041_S07_S07_05/pd66_041_S07_S07_05__mu0.450000__s918273__removed_diverse4.json
ramp,041_S07_S07_05,mu,0.475000,918273,removed,dense_addition,26.645969279067174,24,24,archive/evaluations/20260916_evidence_B_diverse_dense4_v01/tracking/trajectories/removed/041_S07_S07_05/pd66_041_S07_S07_05__mu0.475000__s918273__removed_diverse4.json
ramp,041_S07_S07_05,mu,0.525000,918273,removed,dense_addition,26.917964743919782,24,24,archive/evaluations/20260916_evidence_B_diverse_dense4_v01/tracking/trajectories/removed/041_S07_S07_05/pd66_041_S07_S07_05__mu0.525000__s918273__removed_diverse4.json
ramp,041_S07_S07_05,mu,0.550000,918273,removed,dense_addition,26.66473522664313,24,24,archive/evaluations/20260916_evidence_B_diverse_dense4_v01/tracking/trajectories/removed/041_S07_S07_05/pd66_041_S07_S07_05__mu0.550000__s918273__removed_diverse4.json
ramp,041_S07_S07_05,mu,0.575000,918273,removed,dense_addition,26.633270866368747,24,24,archive/evaluations/20260916_evidence_B_diverse_dense4_v01/tracking/trajectories/removed/041_S07_S07_05/pd66_041_S07_S07_05__mu0.575000__s918273__removed_diverse4.json
collision,028_S06_E5-14_collision__m2__l2_e2,e,0.100000001,42,original,existing_anchor,66.2077791921991,44,48,archive/evaluations/20260909_corrected_pcf_m_balance/tracking/trajectories/h2/028_S06_E5-14_collision__m2__l2_e2/pd66_028_S06_E5-14_collision__m2__l2_e2__eL0__s42.json
collision,028_S06_E5-14_collision__m2__l2_e2,e,0.300000012,42,original,existing_anchor,77.69520988970424,44,48,archive/evaluations/20260909_corrected_pcf_m_balance/tracking/trajectories/h2/028_S06_E5-14_collision__m2__l2_e2/pd66_028_S06_E5-14_collision__m2__l2_e2__eL1__s42.json
collision,028_S06_E5-14_collision__m2__l2_e2,e,0.5,42,original,existing_anchor,97.10467616039652,44,48,archive/evaluations/20260909_corrected_pcf_m_balance/tracking/trajectories/h2/028_S06_E5-14_collision__m2__l2_e2/pd66_028_S06_E5-14_collision__m2__l2_e2__CENTER__s42.json
collision,028_S06_E5-14_collision__m2__l2_e2,e,0.699999988,42,original,existing_anchor,125.10448919613258,44,48,archive/evaluations/20260909_corrected_pcf_m_balance/tracking/trajectories/h2/028_S06_E5-14_collision__m2__l2_e2/pd66_028_S06_E5-14_collision__m2__l2_e2__eL3__s42.json
collision,028_S06_E5-14_collision__m2__l2_e2,e,0.899999976,42,original,existing_anchor,142.0402111427594,44,48,archive/evaluations/20260909_corrected_pcf_m_balance/tracking/trajectories/h2/028_S06_E5-14_collision__m2__l2_e2/pd66_028_S06_E5-14_collision__m2__l2_e2__eL4__s42.json
collision,028_S06_E5-14_collision__m2__l2_e2,e,0.15,42,original,dense_addition,70.45751522917779,44,48,archive/evaluations/20260916_evidence_B_collision_dense6_v01/tracking/trajectories/original/028_S06_E5-14_collision__m2__l2_e2/pd66_028_S06_E5-14_collision__m2__l2_e2__e0.15__s42__original_dense6.json
collision,028_S06_E5-14_collision__m2__l2_e2,e,0.20,42,original,dense_addition,75.67868352521359,44,48,archive/evaluations/20260916_evidence_B_collision_dense6_v01/tracking/trajectories/original/028_S06_E5-14_collision__m2__l2_e2/pd66_028_S06_E5-14_collision__m2__l2_e2__e0.20__s42__original_dense6.json
collision,028_S06_E5-14_collision__m2__l2_e2,e,0.25,42,original,dense_addition,77.41946032160143,44,48,archive/evaluations/20260916_evidence_B_collision_dense6_v01/tracking/trajectories/original/028_S06_E5-14_collision__m2__l2_e2/pd66_028_S06_E5-14_collision__m2__l2_e2__e0.25__s42__original_dense6.json
collision,028_S06_E5-14_collision__m2__l2_e2,e,0.35,42,original,dense_addition,80.64364896389618,44,48,archive/evaluations/20260916_evidence_B_collision_dense6_v01/tracking/trajectories/original/028_S06_E5-14_collision__m2__l2_e2/pd66_028_S06_E5-14_collision__m2__l2_e2__e0.35__s42__original_dense6.json
collision,028_S06_E5-14_collision__m2__l2_e2,e,0.40,42,original,dense_addition,80.7278997768891,44,48,archive/evaluations/20260916_evidence_B_collision_dense6_v01/tracking/trajectories/original/028_S06_E5-14_collision__m2__l2_e2/pd66_028_S06_E5-14_collision__m2__l2_e2__e0.40__s42__original_dense6.json
collision,028_S06_E5-14_collision__m2__l2_e2,e,0.45,42,original,dense_addition,81.58719738579266,44,48,archive/evaluations/20260916_evidence_B_collision_dense6_v01/tracking/trajectories/original/028_S06_E5-14_collision__m2__l2_e2/pd66_028_S06_E5-14_collision__m2__l2_e2__e0.45__s42__original_dense6.json
collision,028_S06_E5-14_collision__m2__l2_e2,e,0.55,42,original,dense_addition,96.92607839363899,44,48,archive/evaluations/20260916_evidence_B_collision_dense6_v01/tracking/trajectories/original/028_S06_E5-14_collision__m2__l2_e2/pd66_028_S06_E5-14_collision__m2__l2_e2__e0.55__s42__original_dense6.json
collision,028_S06_E5-14_collision__m2__l2_e2,e,0.60,42,original,dense_addition,117.01915215269742,44,48,archive/evaluations/20260916_evidence_B_collision_dense6_v01/tracking/trajectories/original/028_S06_E5-14_collision__m2__l2_e2/pd66_028_S06_E5-14_collision__m2__l2_e2__e0.60__s42__original_dense6.json
collision,028_S06_E5-14_collision__m2__l2_e2,e,0.65,42,original,dense_addition,118.84565898899324,44,48,archive/evaluations/20260916_evidence_B_collision_dense6_v01/tracking/trajectories/original/028_S06_E5-14_collision__m2__l2_e2/pd66_028_S06_E5-14_collision__m2__l2_e2__e0.65__s42__original_dense6.json
collision,028_S06_E5-14_collision__m2__l2_e2,e,0.75,42,original,dense_addition,126.67881900924027,44,48,archive/evaluations/20260916_evidence_B_collision_dense6_v01/tracking/trajectories/original/028_S06_E5-14_collision__m2__l2_e2/pd66_028_S06_E5-14_collision__m2__l2_e2__e0.75__s42__original_dense6.json
collision,028_S06_E5-14_collision__m2__l2_e2,e,0.80,42,original,dense_addition,138.37764260156143,44,48,archive/evaluations/20260916_evidence_B_collision_dense6_v01/tracking/trajectories/original/028_S06_E5-14_collision__m2__l2_e2/pd66_028_S06_E5-14_collision__m2__l2_e2__e0.80__s42__original_dense6.json
collision,028_S06_E5-14_collision__m2__l2_e2,e,0.85,42,original,dense_addition,140.41875368455868,44,48,archive/evaluations/20260916_evidence_B_collision_dense6_v01/tracking/trajectories/original/028_S06_E5-14_collision__m2__l2_e2/pd66_028_S06_E5-14_collision__m2__l2_e2__e0.85__s42__original_dense6.json
collision,028_S06_E5-14_collision__m2__l2_e2,e,0.100000001,42,removed,existing_anchor,66.14087131813926,44,48,archive/evaluations/20260916_evidence_B_exhaustive75x3_v01/removed/tracking/trajectories/removed/028_S06_E5-14_collision__m2__l2_e2/pd66_028_S06_E5-14_collision__m2__l2_e2__eL0__s42__e_message_removed_exhaustive.json
collision,028_S06_E5-14_collision__m2__l2_e2,e,0.300000012,42,removed,existing_anchor,66.07764025286137,44,48,archive/evaluations/20260916_evidence_B_exhaustive75x3_v01/removed/tracking/trajectories/removed/028_S06_E5-14_collision__m2__l2_e2/pd66_028_S06_E5-14_collision__m2__l2_e2__eL1__s42__e_message_removed_exhaustive.json
collision,028_S06_E5-14_collision__m2__l2_e2,e,0.5,42,removed,existing_anchor,66.09284001940122,44,48,archive/evaluations/20260916_evidence_B_exhaustive75x3_v01/removed/tracking/trajectories/removed/028_S06_E5-14_collision__m2__l2_e2/pd66_028_S06_E5-14_collision__m2__l2_e2__CENTER__s42__e_message_removed_exhaustive.json
collision,028_S06_E5-14_collision__m2__l2_e2,e,0.699999988,42,removed,existing_anchor,66.07853937993777,44,48,archive/evaluations/20260916_evidence_B_exhaustive75x3_v01/removed/tracking/trajectories/removed/028_S06_E5-14_collision__m2__l2_e2/pd66_028_S06_E5-14_collision__m2__l2_e2__eL3__s42__e_message_removed_exhaustive.json
collision,028_S06_E5-14_collision__m2__l2_e2,e,0.899999976,42,removed,existing_anchor,65.99124939112355,44,48,archive/evaluations/20260916_evidence_B_exhaustive75x3_v01/removed/tracking/trajectories/removed/028_S06_E5-14_collision__m2__l2_e2/pd66_028_S06_E5-14_collision__m2__l2_e2__eL4__s42__e_message_removed_exhaustive.json
collision,028_S06_E5-14_collision__m2__l2_e2,e,0.15,42,removed,dense_addition,66.18083470320704,44,48,archive/evaluations/20260916_evidence_B_collision_dense6_v01/tracking/trajectories/removed/028_S06_E5-14_collision__m2__l2_e2/pd66_028_S06_E5-14_collision__m2__l2_e2__e0.15__s42__removed_dense6.json
collision,028_S06_E5-14_collision__m2__l2_e2,e,0.20,42,removed,dense_addition,66.06964268475305,44,48,archive/evaluations/20260916_evidence_B_collision_dense6_v01/tracking/trajectories/removed/028_S06_E5-14_collision__m2__l2_e2/pd66_028_S06_E5-14_collision__m2__l2_e2__e0.20__s42__removed_dense6.json
collision,028_S06_E5-14_collision__m2__l2_e2,e,0.25,42,removed,dense_addition,66.28425031732806,44,48,archive/evaluations/20260916_evidence_B_collision_dense6_v01/tracking/trajectories/removed/028_S06_E5-14_collision__m2__l2_e2/pd66_028_S06_E5-14_collision__m2__l2_e2__e0.25__s42__removed_dense6.json
collision,028_S06_E5-14_collision__m2__l2_e2,e,0.35,42,removed,dense_addition,66.04673909707154,44,48,archive/evaluations/20260916_evidence_B_collision_dense6_v01/tracking/trajectories/removed/028_S06_E5-14_collision__m2__l2_e2/pd66_028_S06_E5-14_collision__m2__l2_e2__e0.35__s42__removed_dense6.json
collision,028_S06_E5-14_collision__m2__l2_e2,e,0.40,42,removed,dense_addition,66.19565853449761,44,48,archive/evaluations/20260916_evidence_B_collision_dense6_v01/tracking/trajectories/removed/028_S06_E5-14_collision__m2__l2_e2/pd66_028_S06_E5-14_collision__m2__l2_e2__e0.40__s42__removed_dense6.json
collision,028_S06_E5-14_collision__m2__l2_e2,e,0.45,42,removed,dense_addition,66.10448905787776,44,48,archive/evaluations/20260916_evidence_B_collision_dense6_v01/tracking/trajectories/removed/028_S06_E5-14_collision__m2__l2_e2/pd66_028_S06_E5-14_collision__m2__l2_e2__e0.45__s42__removed_dense6.json
collision,028_S06_E5-14_collision__m2__l2_e2,e,0.55,42,removed,dense_addition,66.25433545376214,44,48,archive/evaluations/20260916_evidence_B_collision_dense6_v01/tracking/trajectories/removed/028_S06_E5-14_collision__m2__l2_e2/pd66_028_S06_E5-14_collision__m2__l2_e2__e0.55__s42__removed_dense6.json
collision,028_S06_E5-14_collision__m2__l2_e2,e,0.60,42,removed,dense_addition,66.03139113741503,44,48,archive/evaluations/20260916_evidence_B_collision_dense6_v01/tracking/trajectories/removed/028_S06_E5-14_collision__m2__l2_e2/pd66_028_S06_E5-14_collision__m2__l2_e2__e0.60__s42__removed_dense6.json
collision,028_S06_E5-14_collision__m2__l2_e2,e,0.65,42,removed,dense_addition,66.23206111786276,44,48,archive/evaluations/20260916_evidence_B_collision_dense6_v01/tracking/trajectories/removed/028_S06_E5-14_collision__m2__l2_e2/pd66_028_S06_E5-14_collision__m2__l2_e2__e0.65__s42__removed_dense6.json
collision,028_S06_E5-14_collision__m2__l2_e2,e,0.75,42,removed,dense_addition,66.28440703149218,44,48,archive/evaluations/20260916_evidence_B_collision_dense6_v01/tracking/trajectories/removed/028_S06_E5-14_collision__m2__l2_e2/pd66_028_S06_E5-14_collision__m2__l2_e2__e0.75__s42__removed_dense6.json
collision,028_S06_E5-14_collision__m2__l2_e2,e,0.80,42,removed,dense_addition,66.28202214588364,44,48,archive/evaluations/20260916_evidence_B_collision_dense6_v01/tracking/trajectories/removed/028_S06_E5-14_collision__m2__l2_e2/pd66_028_S06_E5-14_collision__m2__l2_e2__e0.80__s42__removed_dense6.json
collision,028_S06_E5-14_collision__m2__l2_e2,e,0.85,42,removed,dense_addition,66.12172175948861,44,48,archive/evaluations/20260916_evidence_B_collision_dense6_v01/tracking/trajectories/removed/028_S06_E5-14_collision__m2__l2_e2/pd66_028_S06_E5-14_collision__m2__l2_e2__e0.85__s42__removed_dense6.json
collision,028_S06_E5-14_collision__m2__l2_e2,e,0.100000001,3407,original,existing_anchor,75.62603015307032,44,48,archive/evaluations/20260909_corrected_pcf_m_balance/tracking/trajectories/h2/028_S06_E5-14_collision__m2__l2_e2/pd66_028_S06_E5-14_collision__m2__l2_e2__eL0__s3407.json
collision,028_S06_E5-14_collision__m2__l2_e2,e,0.300000012,3407,original,existing_anchor,112.53739697018558,44,48,archive/evaluations/20260909_corrected_pcf_m_balance/tracking/trajectories/h2/028_S06_E5-14_collision__m2__l2_e2/pd66_028_S06_E5-14_collision__m2__l2_e2__eL1__s3407.json
collision,028_S06_E5-14_collision__m2__l2_e2,e,0.5,3407,original,existing_anchor,112.15117944746804,44,48,archive/evaluations/20260909_corrected_pcf_m_balance/tracking/trajectories/h2/028_S06_E5-14_collision__m2__l2_e2/pd66_028_S06_E5-14_collision__m2__l2_e2__CENTER__s3407.json
collision,028_S06_E5-14_collision__m2__l2_e2,e,0.699999988,3407,original,existing_anchor,129.22219367295062,44,48,archive/evaluations/20260909_corrected_pcf_m_balance/tracking/trajectories/h2/028_S06_E5-14_collision__m2__l2_e2/pd66_028_S06_E5-14_collision__m2__l2_e2__eL3__s3407.json
collision,028_S06_E5-14_collision__m2__l2_e2,e,0.899999976,3407,original,existing_anchor,147.22850842370008,44,48,archive/evaluations/20260909_corrected_pcf_m_balance/tracking/trajectories/h2/028_S06_E5-14_collision__m2__l2_e2/pd66_028_S06_E5-14_collision__m2__l2_e2__eL4__s3407.json
collision,028_S06_E5-14_collision__m2__l2_e2,e,0.15,3407,original,dense_addition,86.0436807301767,44,48,archive/evaluations/20260916_evidence_B_collision_dense6_v01/tracking/trajectories/original/028_S06_E5-14_collision__m2__l2_e2/pd66_028_S06_E5-14_collision__m2__l2_e2__e0.15__s3407__original_dense6.json
collision,028_S06_E5-14_collision__m2__l2_e2,e,0.20,3407,original,dense_addition,87.1513619693461,44,48,archive/evaluations/20260916_evidence_B_collision_dense6_v01/tracking/trajectories/original/028_S06_E5-14_collision__m2__l2_e2/pd66_028_S06_E5-14_collision__m2__l2_e2__e0.20__s3407__original_dense6.json
collision,028_S06_E5-14_collision__m2__l2_e2,e,0.25,3407,original,dense_addition,89.7988528706137,44,48,archive/evaluations/20260916_evidence_B_collision_dense6_v01/tracking/trajectories/original/028_S06_E5-14_collision__m2__l2_e2/pd66_028_S06_E5-14_collision__m2__l2_e2__e0.25__s3407__original_dense6.json
collision,028_S06_E5-14_collision__m2__l2_e2,e,0.35,3407,original,dense_addition,113.06004090263697,44,48,archive/evaluations/20260916_evidence_B_collision_dense6_v01/tracking/trajectories/original/028_S06_E5-14_collision__m2__l2_e2/pd66_028_S06_E5-14_collision__m2__l2_e2__e0.35__s3407__original_dense6.json
collision,028_S06_E5-14_collision__m2__l2_e2,e,0.40,3407,original,dense_addition,112.96930762064443,44,48,archive/evaluations/20260916_evidence_B_collision_dense6_v01/tracking/trajectories/original/028_S06_E5-14_collision__m2__l2_e2/pd66_028_S06_E5-14_collision__m2__l2_e2__e0.40__s3407__original_dense6.json
collision,028_S06_E5-14_collision__m2__l2_e2,e,0.45,3407,original,dense_addition,113.12326868842158,44,48,archive/evaluations/20260916_evidence_B_collision_dense6_v01/tracking/trajectories/original/028_S06_E5-14_collision__m2__l2_e2/pd66_028_S06_E5-14_collision__m2__l2_e2__e0.45__s3407__original_dense6.json
collision,028_S06_E5-14_collision__m2__l2_e2,e,0.55,3407,original,dense_addition,123.42725992397348,44,48,archive/evaluations/20260916_evidence_B_collision_dense6_v01/tracking/trajectories/original/028_S06_E5-14_collision__m2__l2_e2/pd66_028_S06_E5-14_collision__m2__l2_e2__e0.55__s3407__original_dense6.json
collision,028_S06_E5-14_collision__m2__l2_e2,e,0.60,3407,original,dense_addition,123.93288677862772,44,48,archive/evaluations/20260916_evidence_B_collision_dense6_v01/tracking/trajectories/original/028_S06_E5-14_collision__m2__l2_e2/pd66_028_S06_E5-14_collision__m2__l2_e2__e0.60__s3407__original_dense6.json
collision,028_S06_E5-14_collision__m2__l2_e2,e,0.65,3407,original,dense_addition,125.25268111693715,44,48,archive/evaluations/20260916_evidence_B_collision_dense6_v01/tracking/trajectories/original/028_S06_E5-14_collision__m2__l2_e2/pd66_028_S06_E5-14_collision__m2__l2_e2__e0.65__s3407__original_dense6.json
collision,028_S06_E5-14_collision__m2__l2_e2,e,0.75,3407,original,dense_addition,127.03511270610957,44,48,archive/evaluations/20260916_evidence_B_collision_dense6_v01/tracking/trajectories/original/028_S06_E5-14_collision__m2__l2_e2/pd66_028_S06_E5-14_collision__m2__l2_e2__e0.75__s3407__original_dense6.json
collision,028_S06_E5-14_collision__m2__l2_e2,e,0.80,3407,original,dense_addition,131.01355527071755,44,48,archive/evaluations/20260916_evidence_B_collision_dense6_v01/tracking/trajectories/original/028_S06_E5-14_collision__m2__l2_e2/pd66_028_S06_E5-14_collision__m2__l2_e2__e0.80__s3407__original_dense6.json
collision,028_S06_E5-14_collision__m2__l2_e2,e,0.85,3407,original,dense_addition,109.3607370059048,44,48,archive/evaluations/20260916_evidence_B_collision_dense6_v01/tracking/trajectories/original/028_S06_E5-14_collision__m2__l2_e2/pd66_028_S06_E5-14_collision__m2__l2_e2__e0.85__s3407__original_dense6.json
collision,028_S06_E5-14_collision__m2__l2_e2,e,0.100000001,3407,removed,existing_anchor,51.12990944848816,44,48,archive/evaluations/20260916_evidence_B_exhaustive75x3_v01/removed/tracking/trajectories/removed/028_S06_E5-14_collision__m2__l2_e2/pd66_028_S06_E5-14_collision__m2__l2_e2__eL0__s3407__e_message_removed_exhaustive.json
collision,028_S06_E5-14_collision__m2__l2_e2,e,0.300000012,3407,removed,existing_anchor,51.240869205729204,44,48,archive/evaluations/20260916_evidence_B_exhaustive75x3_v01/removed/tracking/trajectories/removed/028_S06_E5-14_collision__m2__l2_e2/pd66_028_S06_E5-14_collision__m2__l2_e2__eL1__s3407__e_message_removed_exhaustive.json
collision,028_S06_E5-14_collision__m2__l2_e2,e,0.5,3407,removed,existing_anchor,51.14261484673122,44,48,archive/evaluations/20260916_evidence_B_exhaustive75x3_v01/removed/tracking/trajectories/removed/028_S06_E5-14_collision__m2__l2_e2/pd66_028_S06_E5-14_collision__m2__l2_e2__CENTER__s3407__e_message_removed_exhaustive.json
collision,028_S06_E5-14_collision__m2__l2_e2,e,0.699999988,3407,removed,existing_anchor,51.07160929031955,44,48,archive/evaluations/20260916_evidence_B_exhaustive75x3_v01/removed/tracking/trajectories/removed/028_S06_E5-14_collision__m2__l2_e2/pd66_028_S06_E5-14_collision__m2__l2_e2__eL3__s3407__e_message_removed_exhaustive.json
collision,028_S06_E5-14_collision__m2__l2_e2,e,0.899999976,3407,removed,existing_anchor,51.020849672080935,44,48,archive/evaluations/20260916_evidence_B_exhaustive75x3_v01/removed/tracking/trajectories/removed/028_S06_E5-14_collision__m2__l2_e2/pd66_028_S06_E5-14_collision__m2__l2_e2__eL4__s3407__e_message_removed_exhaustive.json
collision,028_S06_E5-14_collision__m2__l2_e2,e,0.15,3407,removed,dense_addition,51.16666699320307,44,48,archive/evaluations/20260916_evidence_B_collision_dense6_v01/tracking/trajectories/removed/028_S06_E5-14_collision__m2__l2_e2/pd66_028_S06_E5-14_collision__m2__l2_e2__e0.15__s3407__removed_dense6.json
collision,028_S06_E5-14_collision__m2__l2_e2,e,0.20,3407,removed,dense_addition,51.09144910928564,44,48,archive/evaluations/20260916_evidence_B_collision_dense6_v01/tracking/trajectories/removed/028_S06_E5-14_collision__m2__l2_e2/pd66_028_S06_E5-14_collision__m2__l2_e2__e0.20__s3407__removed_dense6.json
collision,028_S06_E5-14_collision__m2__l2_e2,e,0.25,3407,removed,dense_addition,51.00953813265206,44,48,archive/evaluations/20260916_evidence_B_collision_dense6_v01/tracking/trajectories/removed/028_S06_E5-14_collision__m2__l2_e2/pd66_028_S06_E5-14_collision__m2__l2_e2__e0.25__s3407__removed_dense6.json
collision,028_S06_E5-14_collision__m2__l2_e2,e,0.35,3407,removed,dense_addition,51.0505927479403,44,48,archive/evaluations/20260916_evidence_B_collision_dense6_v01/tracking/trajectories/removed/028_S06_E5-14_collision__m2__l2_e2/pd66_028_S06_E5-14_collision__m2__l2_e2__e0.35__s3407__removed_dense6.json
collision,028_S06_E5-14_collision__m2__l2_e2,e,0.40,3407,removed,dense_addition,51.485245979255865,44,48,archive/evaluations/20260916_evidence_B_collision_dense6_v01/tracking/trajectories/removed/028_S06_E5-14_collision__m2__l2_e2/pd66_028_S06_E5-14_collision__m2__l2_e2__e0.40__s3407__removed_dense6.json
collision,028_S06_E5-14_collision__m2__l2_e2,e,0.45,3407,removed,dense_addition,51.11132749412172,44,48,archive/evaluations/20260916_evidence_B_collision_dense6_v01/tracking/trajectories/removed/028_S06_E5-14_collision__m2__l2_e2/pd66_028_S06_E5-14_collision__m2__l2_e2__e0.45__s3407__removed_dense6.json
collision,028_S06_E5-14_collision__m2__l2_e2,e,0.55,3407,removed,dense_addition,51.03267914722487,44,48,archive/evaluations/20260916_evidence_B_collision_dense6_v01/tracking/trajectories/removed/028_S06_E5-14_collision__m2__l2_e2/pd66_028_S06_E5-14_collision__m2__l2_e2__e0.55__s3407__removed_dense6.json
collision,028_S06_E5-14_collision__m2__l2_e2,e,0.60,3407,removed,dense_addition,51.09843623370611,44,48,archive/evaluations/20260916_evidence_B_collision_dense6_v01/tracking/trajectories/removed/028_S06_E5-14_collision__m2__l2_e2/pd66_028_S06_E5-14_collision__m2__l2_e2__e0.60__s3407__removed_dense6.json
collision,028_S06_E5-14_collision__m2__l2_e2,e,0.65,3407,removed,dense_addition,51.05814913550384,44,48,archive/evaluations/20260916_evidence_B_collision_dense6_v01/tracking/trajectories/removed/028_S06_E5-14_collision__m2__l2_e2/pd66_028_S06_E5-14_collision__m2__l2_e2__e0.65__s3407__removed_dense6.json
collision,028_S06_E5-14_collision__m2__l2_e2,e,0.75,3407,removed,dense_addition,51.15715769307995,44,48,archive/evaluations/20260916_evidence_B_collision_dense6_v01/tracking/trajectories/removed/028_S06_E5-14_collision__m2__l2_e2/pd66_028_S06_E5-14_collision__m2__l2_e2__e0.75__s3407__removed_dense6.json
collision,028_S06_E5-14_collision__m2__l2_e2,e,0.80,3407,removed,dense_addition,51.12048539405926,44,48,archive/evaluations/20260916_evidence_B_collision_dense6_v01/tracking/trajectories/removed/028_S06_E5-14_collision__m2__l2_e2/pd66_028_S06_E5-14_collision__m2__l2_e2__e0.80__s3407__removed_dense6.json
collision,028_S06_E5-14_collision__m2__l2_e2,e,0.85,3407,removed,dense_addition,51.15720156970413,44,48,archive/evaluations/20260916_evidence_B_collision_dense6_v01/tracking/trajectories/removed/028_S06_E5-14_collision__m2__l2_e2/pd66_028_S06_E5-14_collision__m2__l2_e2__e0.85__s3407__removed_dense6.json
collision,028_S06_E5-14_collision__m2__l2_e2,e,0.100000001,918273,original,existing_anchor,120.42411945092317,44,48,archive/evaluations/20260909_corrected_pcf_m_balance/tracking/trajectories/h2/028_S06_E5-14_collision__m2__l2_e2/pd66_028_S06_E5-14_collision__m2__l2_e2__eL0__s918273.json
collision,028_S06_E5-14_collision__m2__l2_e2,e,0.300000012,918273,original,existing_anchor,122.0390565221531,44,48,archive/evaluations/20260909_corrected_pcf_m_balance/tracking/trajectories/h2/028_S06_E5-14_collision__m2__l2_e2/pd66_028_S06_E5-14_collision__m2__l2_e2__eL1__s918273.json
collision,028_S06_E5-14_collision__m2__l2_e2,e,0.5,918273,original,existing_anchor,123.16557283990946,44,48,archive/evaluations/20260909_corrected_pcf_m_balance/tracking/trajectories/h2/028_S06_E5-14_collision__m2__l2_e2/pd66_028_S06_E5-14_collision__m2__l2_e2__CENTER__s918273.json
collision,028_S06_E5-14_collision__m2__l2_e2,e,0.699999988,918273,original,existing_anchor,171.6816816304749,44,48,archive/evaluations/20260909_corrected_pcf_m_balance/tracking/trajectories/h2/028_S06_E5-14_collision__m2__l2_e2/pd66_028_S06_E5-14_collision__m2__l2_e2__eL3__s918273.json
collision,028_S06_E5-14_collision__m2__l2_e2,e,0.899999976,918273,original,existing_anchor,179.15473292583687,44,48,archive/evaluations/20260909_corrected_pcf_m_balance/tracking/trajectories/h2/028_S06_E5-14_collision__m2__l2_e2/pd66_028_S06_E5-14_collision__m2__l2_e2__eL4__s918273.json
collision,028_S06_E5-14_collision__m2__l2_e2,e,0.15,918273,original,dense_addition,120.63114745289397,44,48,archive/evaluations/20260916_evidence_B_collision_dense6_v01/tracking/trajectories/original/028_S06_E5-14_collision__m2__l2_e2/pd66_028_S06_E5-14_collision__m2__l2_e2__e0.15__s918273__original_dense6.json
collision,028_S06_E5-14_collision__m2__l2_e2,e,0.20,918273,original,dense_addition,121.04618420937541,44,48,archive/evaluations/20260916_evidence_B_collision_dense6_v01/tracking/trajectories/original/028_S06_E5-14_collision__m2__l2_e2/pd66_028_S06_E5-14_collision__m2__l2_e2__e0.20__s918273__original_dense6.json
collision,028_S06_E5-14_collision__m2__l2_e2,e,0.25,918273,original,dense_addition,121.50192118068657,44,48,archive/evaluations/20260916_evidence_B_collision_dense6_v01/tracking/trajectories/original/028_S06_E5-14_collision__m2__l2_e2/pd66_028_S06_E5-14_collision__m2__l2_e2__e0.25__s918273__original_dense6.json
collision,028_S06_E5-14_collision__m2__l2_e2,e,0.35,918273,original,dense_addition,121.92627953792677,44,48,archive/evaluations/20260916_evidence_B_collision_dense6_v01/tracking/trajectories/original/028_S06_E5-14_collision__m2__l2_e2/pd66_028_S06_E5-14_collision__m2__l2_e2__e0.35__s918273__original_dense6.json
collision,028_S06_E5-14_collision__m2__l2_e2,e,0.40,918273,original,dense_addition,122.25851623201372,44,48,archive/evaluations/20260916_evidence_B_collision_dense6_v01/tracking/trajectories/original/028_S06_E5-14_collision__m2__l2_e2/pd66_028_S06_E5-14_collision__m2__l2_e2__e0.40__s918273__original_dense6.json
collision,028_S06_E5-14_collision__m2__l2_e2,e,0.45,918273,original,dense_addition,122.47148941402125,44,48,archive/evaluations/20260916_evidence_B_collision_dense6_v01/tracking/trajectories/original/028_S06_E5-14_collision__m2__l2_e2/pd66_028_S06_E5-14_collision__m2__l2_e2__e0.45__s918273__original_dense6.json
collision,028_S06_E5-14_collision__m2__l2_e2,e,0.55,918273,original,dense_addition,123.7211060355527,44,48,archive/evaluations/20260916_evidence_B_collision_dense6_v01/tracking/trajectories/original/028_S06_E5-14_collision__m2__l2_e2/pd66_028_S06_E5-14_collision__m2__l2_e2__e0.55__s918273__original_dense6.json
collision,028_S06_E5-14_collision__m2__l2_e2,e,0.60,918273,original,dense_addition,144.51355207484346,44,48,archive/evaluations/20260916_evidence_B_collision_dense6_v01/tracking/trajectories/original/028_S06_E5-14_collision__m2__l2_e2/pd66_028_S06_E5-14_collision__m2__l2_e2__e0.60__s918273__original_dense6.json
collision,028_S06_E5-14_collision__m2__l2_e2,e,0.65,918273,original,dense_addition,148.12704208052315,44,48,archive/evaluations/20260916_evidence_B_collision_dense6_v01/tracking/trajectories/original/028_S06_E5-14_collision__m2__l2_e2/pd66_028_S06_E5-14_collision__m2__l2_e2__e0.65__s918273__original_dense6.json
collision,028_S06_E5-14_collision__m2__l2_e2,e,0.75,918273,original,dense_addition,174.71278856857003,44,48,archive/evaluations/20260916_evidence_B_collision_dense6_v01/tracking/trajectories/original/028_S06_E5-14_collision__m2__l2_e2/pd66_028_S06_E5-14_collision__m2__l2_e2__e0.75__s918273__original_dense6.json
collision,028_S06_E5-14_collision__m2__l2_e2,e,0.80,918273,original,dense_addition,175.929066989404,44,48,archive/evaluations/20260916_evidence_B_collision_dense6_v01/tracking/trajectories/original/028_S06_E5-14_collision__m2__l2_e2/pd66_028_S06_E5-14_collision__m2__l2_e2__e0.80__s918273__original_dense6.json
collision,028_S06_E5-14_collision__m2__l2_e2,e,0.85,918273,original,dense_addition,177.2543634050193,44,48,archive/evaluations/20260916_evidence_B_collision_dense6_v01/tracking/trajectories/original/028_S06_E5-14_collision__m2__l2_e2/pd66_028_S06_E5-14_collision__m2__l2_e2__e0.85__s918273__original_dense6.json
collision,028_S06_E5-14_collision__m2__l2_e2,e,0.100000001,918273,removed,existing_anchor,117.6524118495947,44,48,archive/evaluations/20260916_evidence_B_exhaustive75x3_v01/removed/tracking/trajectories/removed/028_S06_E5-14_collision__m2__l2_e2/pd66_028_S06_E5-14_collision__m2__l2_e2__eL0__s918273__e_message_removed_exhaustive.json
collision,028_S06_E5-14_collision__m2__l2_e2,e,0.300000012,918273,removed,existing_anchor,117.4485856935908,44,48,archive/evaluations/20260916_evidence_B_exhaustive75x3_v01/removed/tracking/trajectories/removed/028_S06_E5-14_collision__m2__l2_e2/pd66_028_S06_E5-14_collision__m2__l2_e2__eL1__s918273__e_message_removed_exhaustive.json
collision,028_S06_E5-14_collision__m2__l2_e2,e,0.5,918273,removed,existing_anchor,117.50884280769951,44,48,archive/evaluations/20260916_evidence_B_exhaustive75x3_v01/removed/tracking/trajectories/removed/028_S06_E5-14_collision__m2__l2_e2/pd66_028_S06_E5-14_collision__m2__l2_e2__CENTER__s918273__e_message_removed_exhaustive.json
collision,028_S06_E5-14_collision__m2__l2_e2,e,0.699999988,918273,removed,existing_anchor,117.45129871010951,44,48,archive/evaluations/20260916_evidence_B_exhaustive75x3_v01/removed/tracking/trajectories/removed/028_S06_E5-14_collision__m2__l2_e2/pd66_028_S06_E5-14_collision__m2__l2_e2__eL3__s918273__e_message_removed_exhaustive.json
collision,028_S06_E5-14_collision__m2__l2_e2,e,0.899999976,918273,removed,existing_anchor,117.1289946532973,44,48,archive/evaluations/20260916_evidence_B_exhaustive75x3_v01/removed/tracking/trajectories/removed/028_S06_E5-14_collision__m2__l2_e2/pd66_028_S06_E5-14_collision__m2__l2_e2__eL4__s918273__e_message_removed_exhaustive.json
collision,028_S06_E5-14_collision__m2__l2_e2,e,0.15,918273,removed,dense_addition,117.1721347326976,44,48,archive/evaluations/20260916_evidence_B_collision_dense6_v01/tracking/trajectories/removed/028_S06_E5-14_collision__m2__l2_e2/pd66_028_S06_E5-14_collision__m2__l2_e2__e0.15__s918273__removed_dense6.json
collision,028_S06_E5-14_collision__m2__l2_e2,e,0.20,918273,removed,dense_addition,117.61929351094732,44,48,archive/evaluations/20260916_evidence_B_collision_dense6_v01/tracking/trajectories/removed/028_S06_E5-14_collision__m2__l2_e2/pd66_028_S06_E5-14_collision__m2__l2_e2__e0.20__s918273__removed_dense6.json
collision,028_S06_E5-14_collision__m2__l2_e2,e,0.25,918273,removed,dense_addition,117.44461239300198,44,48,archive/evaluations/20260916_evidence_B_collision_dense6_v01/tracking/trajectories/removed/028_S06_E5-14_collision__m2__l2_e2/pd66_028_S06_E5-14_collision__m2__l2_e2__e0.25__s918273__removed_dense6.json
collision,028_S06_E5-14_collision__m2__l2_e2,e,0.35,918273,removed,dense_addition,117.30564253286124,44,48,archive/evaluations/20260916_evidence_B_collision_dense6_v01/tracking/trajectories/removed/028_S06_E5-14_collision__m2__l2_e2/pd66_028_S06_E5-14_collision__m2__l2_e2__e0.35__s918273__removed_dense6.json
collision,028_S06_E5-14_collision__m2__l2_e2,e,0.40,918273,removed,dense_addition,117.74720501343886,44,48,archive/evaluations/20260916_evidence_B_collision_dense6_v01/tracking/trajectories/removed/028_S06_E5-14_collision__m2__l2_e2/pd66_028_S06_E5-14_collision__m2__l2_e2__e0.40__s918273__removed_dense6.json
collision,028_S06_E5-14_collision__m2__l2_e2,e,0.45,918273,removed,dense_addition,117.13696416226777,44,48,archive/evaluations/20260916_evidence_B_collision_dense6_v01/tracking/trajectories/removed/028_S06_E5-14_collision__m2__l2_e2/pd66_028_S06_E5-14_collision__m2__l2_e2__e0.45__s918273__removed_dense6.json
collision,028_S06_E5-14_collision__m2__l2_e2,e,0.55,918273,removed,dense_addition,117.14852973006388,44,48,archive/evaluations/20260916_evidence_B_collision_dense6_v01/tracking/trajectories/removed/028_S06_E5-14_collision__m2__l2_e2/pd66_028_S06_E5-14_collision__m2__l2_e2__e0.55__s918273__removed_dense6.json
collision,028_S06_E5-14_collision__m2__l2_e2,e,0.60,918273,removed,dense_addition,117.80185904053022,44,48,archive/evaluations/20260916_evidence_B_collision_dense6_v01/tracking/trajectories/removed/028_S06_E5-14_collision__m2__l2_e2/pd66_028_S06_E5-14_collision__m2__l2_e2__e0.60__s918273__removed_dense6.json
collision,028_S06_E5-14_collision__m2__l2_e2,e,0.65,918273,removed,dense_addition,117.46865982218867,44,48,archive/evaluations/20260916_evidence_B_collision_dense6_v01/tracking/trajectories/removed/028_S06_E5-14_collision__m2__l2_e2/pd66_028_S06_E5-14_collision__m2__l2_e2__e0.65__s918273__removed_dense6.json
collision,028_S06_E5-14_collision__m2__l2_e2,e,0.75,918273,removed,dense_addition,117.38400348142427,44,48,archive/evaluations/20260916_evidence_B_collision_dense6_v01/tracking/trajectories/removed/028_S06_E5-14_collision__m2__l2_e2/pd66_028_S06_E5-14_collision__m2__l2_e2__e0.75__s918273__removed_dense6.json
collision,028_S06_E5-14_collision__m2__l2_e2,e,0.80,918273,removed,dense_addition,116.91830826834867,44,48,archive/evaluations/20260916_evidence_B_collision_dense6_v01/tracking/trajectories/removed/028_S06_E5-14_collision__m2__l2_e2/pd66_028_S06_E5-14_collision__m2__l2_e2__e0.80__s918273__removed_dense6.json
collision,028_S06_E5-14_collision__m2__l2_e2,e,0.85,918273,removed,dense_addition,117.32405285645217,44,48,archive/evaluations/20260916_evidence_B_collision_dense6_v01/tracking/trajectories/removed/028_S06_E5-14_collision__m2__l2_e2/pd66_028_S06_E5-14_collision__m2__l2_e2__e0.85__s918273__removed_dense6.json
